date,temperature_2m,relative_humidity_2m,apparent_temperature,precipitation,weather_code,cloud_cover,wind_speed_10m,wind_direction_10m,is_day,shortwave_radiation_instant
2024-01-01 00:00:00+00:00,9.35,74.2563,7.5530157,0.0,0.0,8.0,3.9763298,84.805664,1.0,138.8211
2024-01-01 01:00:00+00:00,10.95,66.494934,8.805505,0.0,0.0,7.0,6.28713,76.75947,1.0,320.18063
2024-01-01 02:00:00+00:00,12.15,61.425156,10.028294,0.0,0.0,11.0,6.130579,86.63361,1.0,474.19724
2024-01-01 03:00:00+00:00,13.35,56.784046,11.048734,0.0,0.0,9.0,7.5685663,92.72626,1.0,592.8477
2024-01-01 04:00:00+00:00,14.45,52.872417,12.333738,0.0,0.0,13.0,9.422101,96.581856,1.0,645.10364
2024-01-01 05:00:00+00:00,14.75,50.607967,12.077633,0.0,0.0,12.0,12.015589,98.61557,1.0,602.83844
2024-01-01 06:00:00+00:00,14.7,48.511982,11.490798,0.0,0.0,15.0,13.202726,101.003494,1.0,535.51447
2024-01-01 07:00:00+00:00,14.0,49.524143,10.635234,0.0,0.0,4.0,12.783802,99.72751,1.0,384.6856
2024-01-01 08:00:00+00:00,12.9,54.91106,9.81952,0.0,0.0,0.0,11.440978,102.72436,1.0,218.37459
2024-01-01 09:00:00+00:00,11.45,63.658726,8.943024,0.0,0.0,0.0,8.557102,104.62092,1.0,42.77562
2024-01-01 10:00:00+00:00,9.7,76.40747,7.9809103,0.0,0.0,0.0,4.5536795,108.43504,0.0,0.0
2024-01-01 11:00:00+00:00,8.8,80.339584,6.9088364,0.0,0.0,0.0,5.506941,101.3099,0.0,0.0
2024-01-01 12:00:00+00:00,9.9,72.56856,8.315371,0.0,0.0,2.0,2.8116899,50.194473,0.0,0.0
2024-01-01 13:00:00+00:00,10.45,72.922295,9.09995,0.0,0.0,2.0,2.0991426,30.963696,0.0,0.0
2024-01-01 14:00:00+00:00,10.05,75.67684,8.687311,0.0,0.0,3.0,2.4149535,26.564985,0.0,0.0
2024-01-01 15:00:00+00:00,9.55,80.722046,8.32225,0.0,0.0,4.0,2.1897945,9.462248,0.0,0.0
2024-01-01 16:00:00+00:00,8.7,88.163864,7.5142937,0.0,0.0,11.0,2.6208394,344.05453,0.0,0.0
2024-01-01 17:00:00+00:00,7.0,98.97692,5.597722,0.0,0.0,17.0,4.1046314,322.12494,0.0,0.0
2024-01-01 18:00:00+00:00,5.9,99.99999,3.949091,0.0,3.0,97.0,6.3690495,317.29062,0.0,0.0
2024-01-01 19:00:00+00:00,5.2,100.0,2.9828014,0.0,1.0,21.0,7.145796,310.91428,0.0,0.0
2024-01-01 20:00:00+00:00,4.85,98.614395,2.5507436,0.0,0.0,15.0,6.9153743,308.65982,0.0,0.0
2024-01-01 21:00:00+00:00,4.9,94.560974,2.4890237,0.0,0.0,6.0,6.9153743,308.65982,0.0,0.0
2024-01-01 22:00:00+00:00,6.2,92.664215,4.08539,0.0,0.0,2.0,6.297428,300.96368,0.0,0.0
2024-01-01 23:00:00+00:00,5.35,93.92129,2.9617195,0.0,0.0,1.0,7.24486,296.56497,1.0,0.0
2024-01-02 00:00:00+00:00,8.5,85.163536,6.759304,0.0,0.0,1.0,5.315336,298.30066,1.0,139.35577
2024-01-02 01:00:00+00:00,10.75,73.99064,9.146351,0.0,0.0,14.0,4.6102495,308.65982,1.0,305.19455
2024-01-02 02:00:00+00:00,13.5,63.249695,12.203928,0.0,0.0,0.0,3.0547013,315.0001,1.0,478.9616
2024-01-02 03:00:00+00:00,15.4,58.291676,14.55051,0.0,0.0,0.0,1.5273507,44.999897,1.0,600.5321
2024-01-02 04:00:00+00:00,16.8,55.162132,16.448788,0.0,0.0,0.0,2.4149535,116.56499,1.0,650.4165
2024-01-02 05:00:00+00:00,17.85,52.685238,17.30813,0.0,0.0,0.0,4.39436,124.992096,1.0,629.4223
2024-01-02 06:00:00+00:00,18.35,51.404182,17.091251,0.0,0.0,0.0,6.696387,126.25393,1.0,541.3795
2024-01-02 07:00:00+00:00,18.3,52.26998,16.554031,0.0,0.0,0.0,9.0,126.86999,1.0,398.8995
2024-01-02 08:00:00+00:00,17.65,54.635242,15.72814,0.0,0.0,5.0,10.296251,126.46933,1.0,221.17181
2024-01-02 09:00:00+00:00,15.85,62.08254,14.40513,0.0,0.0,12.0,7.386582,136.97493,1.0,44.155815
2024-01-02 10:00:00+00:00,13.4,73.45582,12.169086,0.0,3.0,96.0,6.193674,144.46223,0.0,0.0
2024-01-02 11:00:00+00:00,13.9,71.588356,13.018963,0.0,3.0,100.0,3.9763298,185.19434,0.0,0.0
2024-01-02 12:00:00+00:00,12.65,80.598976,11.829834,0.0,3.0,83.0,4.5820518,224.9999,0.0,0.0
2024-01-02 13:00:00+00:00,12.65,88.50626,12.451534,0.9,53.0,88.0,3.0758414,249.44386,0.0,0.0
2024-01-02 14:00:00+00:00,12.7,87.341,12.523207,0.0,2.0,78.0,2.6208394,195.94547,0.0,0.0
2024-01-02 15:00:00+00:00,13.15,82.30194,12.908665,0.0,3.0,100.0,2.16,180.0,0.0,0.0
2024-01-02 16:00:00+00:00,13.3,81.50061,13.268648,0.0,3.0,100.0,0.71999997,180.0,0.0,0.0
2024-01-02 17:00:00+00:00,12.45,89.674614,12.385115,0.0,0.0,9.0,2.16,180.0,0.0,0.0
2024-01-02 18:00:00+00:00,12.55,86.74686,12.18655,0.0,1.0,26.0,3.396233,237.99466,0.0,0.0
2024-01-02 19:00:00+00:00,12.5,87.32242,12.066589,0.0,1.0,45.0,3.9763298,264.80566,0.0,0.0
2024-01-02 20:00:00+00:00,10.75,91.36911,9.578784,0.0,1.0,31.0,6.9899354,281.88864,0.0,0.0
2024-01-02 21:00:00+00:00,10.65,85.39577,9.22405,0.0,0.0,1.0,6.725354,285.52417,0.0,0.0
2024-01-02 22:00:00+00:00,10.15,83.045975,8.200328,0.0,0.0,5.0,8.766573,289.1791,0.0,0.0
2024-01-02 23:00:00+00:00,9.35,85.54849,7.365118,0.0,1.0,24.0,8.427383,289.9832,1.0,0.0
2024-01-03 00:00:00+00:00,10.4,80.01322,8.112052,0.0,0.0,14.0,10.587917,287.81897,1.0,107.1662
2024-01-03 01:00:00+00:00,12.8,71.38037,10.654206,0.0,0.0,18.0,10.703569,289.6539,1.0,260.8975
2024-01-03 02:00:00+00:00,13.85,66.432175,11.49166,0.0,0.0,9.0,12.074766,296.56497,1.0,410.87766
2024-01-03 03:00:00+00:00,14.55,62.84314,11.9161625,0.0,1.0,28.0,13.70839,299.93143,1.0,523.77057
2024-01-03 04:00:00+00:00,15.65,57.56183,13.088266,0.0,1.0,49.0,14.20062,300.46545,1.0,599.64075
2024-01-03 05:00:00+00:00,17.0,50.86721,14.299524,0.0,0.0,6.0,15.315873,293.55228,1.0,603.3087
2024-01-03 06:00:00+00:00,18.0,45.98301,15.003252,0.0,0.0,5.0,14.84318,292.83368,1.0,532.38544
2024-01-03 07:00:00+00:00,18.75,42.381535,16.483347,0.0,0.0,16.0,8.225035,293.1986,1.0,391.48932
2024-01-03 08:00:00+00:00,17.45,45.512222,14.887768,0.0,2.0,69.0,10.028439,111.03758,1.0,207.39163
2024-01-03 09:00:00+00:00,13.4,70.05327,10.794585,0.0,0.0,18.0,14.372974,112.067955,1.0,42.290882
2024-01-03 10:00:00+00:00,10.85,81.17594,9.336424,0.0,0.0,18.0,6.3690495,132.70937,0.0,0.0
2024-01-03 11:00:00+00:00,12.45,68.44379,11.114971,0.0,1.0,22.0,3.563818,135.0001,0.0,0.0
2024-01-03 12:00:00+00:00,12.15,68.14723,10.990587,0.0,0.0,15.0,1.8,360.0,0.0,0.0
2024-01-03 13:00:00+00:00,12.3,75.28016,11.342189,0.0,2.0,53.0,3.0758414,20.556128,0.0,0.0
2024-01-03 14:00:00+00:00,12.15,75.768265,11.130011,0.0,2.0,78.0,3.4152596,18.435053,0.0,0.0
2024-01-03 15:00:00+00:00,9.65,85.28842,8.019669,0.0,3.0,82.0,6.4096174,38.157276,0.0,0.0
2024-01-03 16:00:00+00:00,9.15,87.00511,7.4030733,0.0,0.0,13.0,6.8777895,42.878906,0.0,0.0
2024-01-03 17:00:00+00:00,8.3,86.02813,6.1328726,0.0,0.0,1.0,8.161764,48.57643,0.0,0.0
2024-01-03 18:00:00+00:00,7.75,78.251015,5.142336,0.0,0.0,0.0,8.404285,43.26433,0.0,0.0
2024-01-03 19:00:00+00:00,10.35,63.853203,8.08559,0.0,0.0,0.0,5.506941,11.3098955,0.0,0.0
2024-01-03 20:00:00+00:00,7.8,75.826,5.535468,0.0,0.0,0.0,5.506941,348.6901,0.0,0.0
2024-01-03 21:00:00+00:00,6.55,84.05945,4.316063,0.0,0.0,0.0,5.634891,333.43503,0.0,0.0
2024-01-03 22:00:00+00:00,5.6,95.252464,3.4430609,0.0,0.0,0.0,6.297428,329.03632,0.0,0.0
2024-01-03 23:00:00+00:00,3.85,99.64916,1.1896043,0.0,0.0,0.0,8.217153,331.1893,1.0,0.0
2024-01-04 00:00:00+00:00,7.2,88.642975,5.088501,0.0,0.0,0.0,6.792466,327.99466,1.0,149.44562
2024-01-04 01:00:00+00:00,10.2,60.742027,7.562434,0.0,0.0,3.0,6.9527545,338.74942,1.0,343.8799
2024-01-04 02:00:00+00:00,11.65,49.931973,8.547093,0.0,0.0,7.0,8.435069,39.805527,1.0,474.80936
2024-01-04 03:00:00+00:00,12.7,48.295403,9.804948,0.0,0.0,17.0,8.217153,61.189304,1.0,604.1347
2024-01-04 04:00:00+00:00,13.6,46.689556,11.180049,0.0,0.0,16.0,7.628263,70.70986,1.0,631.4582
2024-01-04 05:00:00+00:00,14.35,45.754124,12.029259,0.0,0.0,10.0,8.350138,82.56869,1.0,626.9801
2024-01-04 06:00:00+00:00,14.7,44.89047,12.070482,0.0,0.0,2.0,8.64,90.0,1.0,554.0589
2024-01-04 07:00:00+00:00,14.65,44.559113,11.610994,0.0,0.0,0.0,9.3876505,94.39862,1.0,421.34464
2024-01-04 08:00:00+00:00,14.05,46.4863,11.039485,0.0,0.0,0.0,9.255571,103.49575,1.0,238.90265
2024-01-04 09:00:00+00:00,12.35,56.52819,10.15377,0.0,0.0,0.0,5.2416787,105.945465,1.0,51.091167
2024-01-04 10:00:00+00:00,12.25,59.343243,10.3069725,0.0,0.0,0.0,4.3349743,85.23644,0.0,0.0
2024-01-04 11:00:00+00:00,11.35,69.16707,10.01331,0.0,0.0,0.0,2.16,360.0,0.0,0.0
2024-01-04 12:00:00+00:00,10.3,79.99904,9.099266,0.0,0.0,0.0,2.968636,345.9637,0.0,0.0
2024-01-04 13:00:00+00:00,9.75,88.55695,8.980671,0.0,0.0,4.0,1.609969,333.43503,0.0,0.0
2024-01-04 14:00:00+00:00,8.9,96.02245,7.8966885,0.0,0.0,1.0,3.8268526,318.81415,0.0,0.0
2024-01-04 15:00:00+00:00,8.35,97.32095,6.998659,0.0,0.0,0.0,5.6002855,315.0001,0.0,0.0
2024-01-04 16:00:00+00:00,6.2,97.612114,4.0743694,0.0,0.0,6.0,7.491114,305.21768,0.0,0.0
2024-01-04 17:00:00+00:00,8.15,91.510605,6.5246983,0.0,0.0,2.0,5.634891,296.56497,0.0,0.0
2024-01-04 18:00:00+00:00,8.15,89.64441,6.5337067,0.0,0.0,0.0,5.0911684,278.13,0.0,0.0
2024-01-04 19:00:00+00:00,6.5,93.6505,4.4199667,0.0,0.0,1.0,6.725354,285.52417,0.0,0.0
2024-01-04 20:00:00+00:00,6.2,93.63567,3.9534636,0.0,0.0,5.0,7.42159,284.03625,0.0,0.0
2024-01-04 21:00:00+00:00,5.8,94.59924,3.5117264,0.0,0.0,8.0,7.342588,281.3099,0.0,0.0
2024-01-04 22:00:00+00:00,5.2,95.57091,2.7042522,0.0,0.0,11.0,8.12197,282.80426,0.0,0.0
2024-01-04 23:00:00+00:00,4.65,96.56233,1.9586892,0.0,0.0,15.0,8.905908,284.03625,1.0,0.0
2024-01-05 00:00:00+00:00,8.1,84.825645,6.218834,0.0,1.0,26.0,5.5887027,255.06853,1.0,120.658875
2024-01-05 01:00:00+00:00,11.15,73.55428,9.467824,0.0,1.0,31.0,5.6233797,309.8055,1.0,281.66898
2024-01-05 02:00:00+00:00,14.05,62.086502,12.738451,0.0,1.0,40.0,3.563818,315.0001,1.0,438.5423
2024-01-05 03:00:00+00:00,16.2,54.07351,14.8828125,0.0,1.0,30.0,3.6,323.13,1.0,495.22375
2024-01-05 04:00:00+00:00,18.1,48.112877,17.075941,0.0,0.0,1.0,3.5455887,336.0375,1.0,604.1054
2024-01-05 05:00:00+00:00,19.4,43.156567,18.8411,0.0,0.0,0.0,2.2768397,18.435053,1.0,632.10443
2024-01-05 06:00:00+00:00,20.05,41.025257,19.208752,0.0,0.0,0.0,1.484318,75.96373,1.0,550.6411
2024-01-05 07:00:00+00:00,20.15,41.337067,18.934092,0.0,0.0,0.0,2.4149535,116.56499,1.0,409.602
2024-01-05 08:00:00+00:00,19.85,42.841152,18.748018,0.0,0.0,1.0,2.0364676,135.0001,1.0,228.88193
2024-01-05 09:00:00+00:00,18.9,47.67843,17.629927,0.0,0.0,5.0,4.3498964,114.44395,1.0,49.181152
2024-01-05 10:00:00+00:00,14.65,62.226265,12.910521,0.0,0.0,3.0,7.491114,125.21768,0.0,0.0
2024-01-05 11:00:00+00:00,12.6,81.68248,11.426516,0.0,0.0,2.0,7.289444,110.22495,0.0,0.0
2024-01-05 12:00:00+00:00,13.3,80.41824,12.717634,0.0,0.0,0.0,4.1046314,52.124958,0.0,0.0
2024-01-05 13:00:00+00:00,12.95,84.78682,12.833923,0.0,0.0,2.0,1.8,53.13002,0.0,0.0
2024-01-05 14:00:00+00:00,12.6,87.623,12.685619,0.0,0.0,5.0,0.71999997,270.0,0.0,0.0
2024-01-05 15:00:00+00:00,12.2,89.6554,11.900484,0.0,0.0,4.0,3.2599385,263.6599,0.0,0.0
2024-01-05 16:00:00+00:00,11.7,92.349724,11.437938,0.0,0.0,1.0,2.9024127,277.1249,0.0,0.0
2024-01-05 17:00:00+00:00,11.25,94.82256,10.924051,0.0,0.0,0.0,3.2399998,270.0,0.0,0.0
2024-01-05 18:00:00+00:00,10.75,97.37076,10.280373,0.0,0.0,2.0,4.0249224,280.30478,0.0,0.0
2024-01-05 19:00:00+00:00,10.25,99.33428,9.670715,0.0,0.0,0.0,4.379589,279.46225,0.0,0.0
2024-01-05 20:00:00+00:00,9.85,100.0,9.191585,0.0,3.0,98.0,4.3349743,265.23645,0.0,0.0
2024-01-05 21:00:00+00:00,9.6,100.0,8.955436,0.0,3.0,98.0,3.7585104,253.30067,0.0,0.0
2024-01-05 22:00:00+00:00,9.5,97.67343,8.692797,0.0,1.0,48.0,4.0249224,259.69522,0.0,0.0
2024-01-05 23:00:00+00:00,8.4,99.66174,7.419533,0.0,1.0,20.0,3.7585104,253.30067,1.0,0.0
2024-01-06 00:00:00+00:00,9.9,96.053246,9.287748,0.0,0.0,0.0,2.968636,255.96373,1.0,128.3307
2024-01-06 01:00:00+00:00,13.7,74.25581,13.121929,0.0,0.0,0.0,2.5455842,315.0001,1.0,315.00748
2024-01-06 02:00:00+00:00,16.3,60.940372,15.5719795,0.0,0.0,7.0,2.7416782,336.8014,1.0,482.0005
2024-01-06 03:00:00+00:00,18.3,53.704224,17.750013,0.0,0.0,1.0,1.609969,26.564985,1.0,590.5932
2024-01-06 04:00:00+00:00,19.75,49.55982,19.77167,0.0,0.0,0.0,1.8,90.0,1.0,648.1837
2024-01-06 05:00:00+00:00,20.7,47.528076,20.474464,0.0,0.0,2.0,4.2136917,109.98319,1.0,630.3876
2024-01-06 06:00:00+00:00,20.95,47.596584,19.830645,0.0,0.0,17.0,6.6185193,112.38018,1.0,510.92218
2024-01-06 07:00:00+00:00,20.3,50.04334,18.636402,0.0,0.0,11.0,10.636766,113.962494,1.0,354.40372
2024-01-06 08:00:00+00:00,17.9,53.78187,15.266497,0.0,0.0,16.0,15.175612,112.30626,1.0,188.41707
2024-01-06 09:00:00+00:00,15.75,56.610928,14.120508,0.0,0.0,7.0,6.151683,110.55613,1.0,49.728474
2024-01-06 10:00:00+00:00,14.35,61.732555,12.825378,0.0,0.0,2.0,5.3517847,137.72638,0.0,0.0
2024-01-06 11:00:00+00:00,14.6,60.122692,13.1621475,0.0,0.0,1.0,4.510787,118.61037,0.0,0.0
2024-01-06 12:00:00+00:00,13.55,65.243195,12.290352,0.0,0.0,7.0,3.6179552,95.7105,0.0,0.0
2024-01-06 13:00:00+00:00,13.5,69.59861,12.833134,0.0,1.0,22.0,1.08,360.0,0.0,0.0
2024-01-06 14:00:00+00:00,12.75,74.59415,11.81959,0.0,0.0,6.0,3.4152596,341.56494,0.0,0.0
2024-01-06 15:00:00+00:00,11.9,81.591095,10.894687,0.0,0.0,11.0,4.829907,333.43503,0.0,0.0
2024-01-06 16:00:00+00:00,10.0,89.787735,8.726064,0.0,1.0,25.0,5.8603754,312.5104,0.0,0.0
2024-01-06 17:00:00+00:00,10.6,90.13695,9.794647,0.0,1.0,41.0,3.8268526,318.81415,0.0,0.0
2024-01-06 18:00:00+00:00,10.05,94.77459,9.372982,0.0,3.0,100.0,3.319036,310.60123,0.0,0.0
2024-01-06 19:00:00+00:00,9.3,97.669785,8.643587,0.0,3.0,100.0,2.6208394,285.94547,0.0,0.0
2024-01-06 20:00:00+00:00,9.1,98.327995,8.467002,0.0,3.0,100.0,2.2768397,288.43503,0.0,0.0
2024-01-06 21:00:00+00:00,9.7,96.6962,9.093536,0.0,3.0,100.0,2.7416782,293.1986,0.0,0.0
2024-01-06 22:00:00+00:00,10.3,90.72538,9.731389,0.0,3.0,100.0,1.835647,281.3099,0.0,0.0
2024-01-06 23:00:00+00:00,11.6,78.2991,10.948055,0.0,3.0,97.0,0.8049845,296.56497,1.0,0.0
2024-01-07 00:00:00+00:00,12.0,72.45761,11.012461,0.0,3.0,96.0,1.835647,78.6901,1.0,73.5146
2024-01-07 01:00:00+00:00,13.05,65.13298,11.726952,0.0,2.0,66.0,3.2399998,90.0,1.0,267.97415
2024-01-07 02:00:00+00:00,14.2,60.440125,12.35182,0.0,1.0,35.0,6.8399997,90.0,1.0,451.38528
2024-01-07 03:00:00+00:00,15.55,55.407722,13.064005,0.0,3.0,80.0,11.212135,84.47256,1.0,523.3364
2024-01-07 04:00:00+00:00,16.0,54.393364,13.451712,0.0,2.0,68.0,11.879999,90.0,1.0,536.05963
2024-01-07 05:00:00+00:00,16.4,53.3891,13.926949,0.0,2.0,68.0,11.525623,91.78987,1.0,487.8754
2024-01-07 06:00:00+00:00,16.15,54.432415,13.581608,0.0,3.0,97.0,12.261158,93.366394,1.0,406.9087
2024-01-07 07:00:00+00:00,15.25,57.265,12.538012,0.0,3.0,81.0,13.084402,97.907074,1.0,284.31583
2024-01-07 08:00:00+00:00,14.25,59.626778,11.669738,0.0,0.0,17.0,11.620809,106.18928,1.0,188.1138
2024-01-07 09:00:00+00:00,12.95,65.110886,10.713195,0.0,1.0,21.0,9.346143,105.64231,1.0,48.917316
2024-01-07 10:00:00+00:00,11.45,73.86076,9.6388035,0.0,1.0,24.0,7.072878,104.743614,0.0,0.0
2024-01-07 11:00:00+00:00,9.95,81.33305,8.311863,0.0,1.0,40.0,5.8048253,82.875084,0.0,0.0
2024-01-07 12:00:00+00:00,9.3,82.37275,7.51215,0.0,1.0,34.0,6.1094027,44.999897,0.0,0.0
2024-01-07 13:00:00+00:00,10.3,79.45258,8.82389,0.0,3.0,90.0,4.6938257,32.471172,0.0,0.0
2024-01-07 14:00:00+00:00,9.4,80.423676,7.5976944,0.0,2.0,51.0,5.815978,21.801476,0.0,0.0
2024-01-07 15:00:00+00:00,8.85,79.24042,6.8123493,0.0,1.0,35.0,6.28713,23.629398,0.0,0.0
2024-01-07 16:00:00+00:00,8.05,82.21255,5.884737,0.0,1.0,45.0,6.792466,32.005356,0.0,0.0
2024-01-07 17:00:00+00:00,8.4,80.562706,6.370187,0.0,2.0,52.0,5.937272,14.036275,0.0,0.0
2024-01-07 18:00:00+00:00,9.2,77.931046,7.3117676,0.0,3.0,91.0,5.4119864,3.8140097,0.0,0.0
2024-01-07 19:00:00+00:00,9.6,75.86359,7.554577,0.0,3.0,99.0,6.489992,340.55988,0.0,0.0
2024-01-07 20:00:00+00:00,9.3,77.67703,7.3381844,0.0,3.0,94.0,5.991594,327.26477,0.0,0.0
2024-01-07 21:00:00+00:00,9.3,76.07713,7.3167343,0.0,3.0,87.0,5.692099,325.30478,0.0,0.0
2024-01-07 22:00:00+00:00,9.15,76.582695,7.3366976,0.0,3.0,100.0,4.452954,345.9637,0.0,0.0
2024-01-07 23:00:00+00:00,8.9,79.52298,7.3029413,0.0,3.0,100.0,3.4152596,341.56494,1.0,0.0
2024-01-08 00:00:00+00:00,9.85,74.08705,7.9487963,0.0,3.0,85.0,5.3517847,340.3461,1.0,69.98888
2024-01-08 01:00:00+00:00,11.55,67.78778,9.981058,0.0,3.0,100.0,3.6,360.0,1.0,208.10501
2024-01-08 02:00:00+00:00,12.65,63.93212,11.166598,0.0,3.0,93.0,3.319036,347.4712,1.0,326.10028
2024-01-08 03:00:00+00:00,14.25,58.609097,12.92481,0.0,3.0,88.0,2.6208394,15.945477,1.0,437.8358
2024-01-08 04:00:00+00:00,15.35,55.16599,13.854229,0.0,3.0,100.0,4.0249224,63.435013,1.0,488.2096
2024-01-08 05:00:00+00:00,15.8,54.154766,14.131308,0.0,3.0,93.0,5.4477882,97.59455,1.0,402.96066
2024-01-08 06:00:00+00:00,15.5,55.96858,13.824377,0.1,51.0,100.0,5.815978,111.801476,1.0,210.54964
2024-01-08 07:00:00+00:00,13.8,78.891975,13.183048,1.0,55.0,100.0,4.73506,98.74608,1.0,36.552246
2024-01-08 08:00:00+00:00,13.3,80.41824,12.883301,0.9,53.0,99.0,2.968636,75.96373,1.0,27.483274
2024-01-08 09:00:00+00:00,12.9,83.65715,12.784405,2.5,63.0,91.0,1.2979984,56.309914,1.0,20.195421
2024-01-08 10:00:00+00:00,12.15,86.12963,11.558004,0.9,53.0,100.0,3.9763298,95.19434,0.0,0.0
2024-01-08 11:00:00+00:00,12.15,89.35328,11.914295,0.1,51.0,100.0,2.6208394,74.054535,0.0,0.0
2024-01-08 12:00:00+00:00,11.95,90.236145,11.762537,0.2,51.0,100.0,2.1897945,80.53775,0.0,0.0
2024-01-08 13:00:00+00:00,11.95,92.67176,11.983694,0.1,51.0,99.0,1.484318,75.96373,0.0,0.0
2024-01-08 14:00:00+00:00,11.4,91.71743,11.077514,0.0,3.0,100.0,2.52,90.0,0.0,0.0
2024-01-08 15:00:00+00:00,11.85,86.67876,11.615473,0.0,3.0,100.0,1.1384199,108.43504,0.0,0.0
2024-01-08 16:00:00+00:00,11.85,86.67876,11.449453,0.0,1.0,44.0,2.2768397,108.43504,0.0,0.0
2024-01-08 17:00:00+00:00,11.65,87.83023,11.097477,0.0,2.0,53.0,3.319036,130.60121,0.0,0.0
2024-01-08 18:00:00+00:00,11.5,89.30169,11.008013,0.2,51.0,91.0,3.096837,144.46223,0.0,0.0
2024-01-08 19:00:00+00:00,11.35,90.49486,11.1010275,0.1,51.0,100.0,1.5273507,135.0001,0.0,0.0
2024-01-08 20:00:00+00:00,11.3,91.40485,10.949961,0.2,51.0,99.0,2.4149535,153.43501,0.0,0.0
2024-01-08 21:00:00+00:00,11.4,91.41132,11.313286,0.1,51.0,100.0,0.8049845,206.56499,0.0,0.0
2024-01-08 22:00:00+00:00,11.5,91.41779,11.3246,0.0,3.0,100.0,1.609969,116.56499,0.0,0.0
2024-01-08 23:00:00+00:00,10.4,97.36358,9.829436,0.1,51.0,92.0,4.0249224,169.6952,1.0,0.0
2024-01-09 00:00:00+00:00,11.45,95.146545,11.37337,0.2,51.0,100.0,2.0364676,135.0001,1.0,77.49498
2024-01-09 01:00:00+00:00,12.35,93.00148,12.6622925,0.3,51.0,85.0,0.5091169,135.0001,1.0,106.014206
2024-01-09 02:00:00+00:00,13.5,84.565895,13.343439,0.1,51.0,100.0,3.096837,305.53775,1.0,226.96457
2024-01-09 03:00:00+00:00,14.45,80.84308,14.303835,0.0,3.0,100.0,3.5455887,336.0375,1.0,240.92328
2024-01-09 04:00:00+00:00,15.5,77.07698,15.595842,0.0,3.0,100.0,2.52,360.0,1.0,301.38416
2024-01-09 05:00:00+00:00,16.5,73.2721,16.625929,0.0,3.0,100.0,2.7416782,23.198618,1.0,347.33395
2024-01-09 06:00:00+00:00,16.15,74.67654,16.214642,0.0,3.0,100.0,3.0547013,44.999897,1.0,137.02199
2024-01-09 07:00:00+00:00,15.85,77.38631,15.781538,0.2,51.0,100.0,4.510787,118.61037,1.0,94.95064
2024-01-09 08:00:00+00:00,15.05,83.90651,14.954889,0.3,51.0,100.0,5.692099,145.30478,1.0,38.26165
2024-01-09 09:00:00+00:00,14.15,90.394684,14.283108,0.1,51.0,74.0,4.6938257,147.52882,1.0,9.133575
2024-01-09 10:00:00+00:00,14.4,85.22525,14.582407,0.0,2.0,50.0,2.9024127,119.74479,0.0,0.0
2024-01-09 11:00:00+00:00,14.15,86.61488,14.703226,0.0,2.0,76.0,0.35999998,270.0,0.0,0.0
2024-01-09 12:00:00+00:00,13.9,88.32035,14.46929,0.0,0.0,19.0,0.35999998,270.0,0.0,0.0
2024-01-09 13:00:00+00:00,14.2,89.22047,14.35351,0.2,51.0,31.0,4.2136917,289.9832,0.0,0.0
2024-01-09 14:00:00+00:00,11.95,94.223274,11.298941,0.0,1.0,29.0,6.696387,323.74606,0.0,0.0
2024-01-09 15:00:00+00:00,10.6,96.39645,9.386104,0.0,1.0,23.0,8.534353,297.64587,0.0,0.0
2024-01-09 16:00:00+00:00,10.1,97.35741,8.919071,0.0,1.0,29.0,7.628263,289.29013,0.0,0.0
2024-01-09 17:00:00+00:00,10.05,97.683426,9.016325,0.0,1.0,38.0,6.6185193,292.3802,0.0,0.0
2024-01-09 18:00:00+00:00,9.95,96.70263,8.730895,0.0,2.0,69.0,7.4128532,299.0545,0.0,0.0
2024-01-09 19:00:00+00:00,10.55,96.717964,9.750598,0.0,0.0,15.0,5.692099,304.69522,0.0,0.0
2024-01-09 20:00:00+00:00,9.1,97.99657,7.53341,0.0,1.0,25.0,8.587338,303.02386,0.0,0.0
2024-01-09 21:00:00+00:00,10.95,94.810646,10.154766,0.0,1.0,43.0,5.8603754,317.4896,0.0,0.0
2024-01-09 22:00:00+00:00,10.95,94.810646,10.484405,0.0,2.0,54.0,3.6,306.86996,0.0,0.0
2024-01-09 23:00:00+00:00,10.15,98.013,9.529806,0.0,2.0,51.0,4.072935,315.0001,1.0,0.0
2024-01-10 00:00:00+00:00,10.75,95.758606,9.993653,0.0,2.0,70.0,5.495161,301.60745,1.0,94.233955
2024-01-10 01:00:00+00:00,12.8,89.40452,12.434305,0.0,0.0,16.0,4.8433046,318.01288,1.0,284.93765
2024-01-10 02:00:00+00:00,14.95,80.11246,14.686615,0.0,1.0,21.0,5.0911684,315.0001,1.0,463.16635
2024-01-10 03:00:00+00:00,16.85,67.51386,16.205204,0.0,0.0,17.0,6.1305785,310.2363,1.0,551.5746
2024-01-10 04:00:00+00:00,18.5,56.72735,17.897728,0.0,0.0,19.0,6.1305785,310.2363,1.0,619.27765
2024-01-10 05:00:00+00:00,19.6,48.68898,18.534231,0.0,0.0,11.0,6.297428,300.96368,1.0,577.4576
2024-01-10 06:00:00+00:00,20.5,35.09542,18.520039,0.0,0.0,0.0,6.193674,324.46225,1.0,548.3693
2024-01-10 07:00:00+00:00,20.1,25.459743,17.197954,0.0,0.0,0.0,5.0142193,21.037588,1.0,435.08377
2024-01-10 08:00:00+00:00,18.3,35.327156,15.886976,0.0,0.0,0.0,5.0911684,98.13002,1.0,253.11568
2024-01-10 09:00:00+00:00,15.15,70.630684,13.987547,0.0,0.0,0.0,7.7879906,123.6901,1.0,63.617573
2024-01-10 10:00:00+00:00,12.35,85.28983,10.9239235,0.0,0.0,0.0,9.793059,126.027466,0.0,0.0
2024-01-10 11:00:00+00:00,10.35,86.82515,9.104448,0.0,0.0,0.0,5.3999996,126.86998,0.0,0.0
2024-01-10 12:00:00+00:00,11.15,75.8607,9.910108,0.0,0.0,0.0,3.319036,130.60121,0.0,0.0
2024-01-10 13:00:00+00:00,9.9,87.37388,8.418112,0.0,1.0,22.0,6.4096174,51.842735,0.0,0.0
2024-01-10 14:00:00+00:00,9.35,85.84188,7.6596375,0.0,0.0,15.0,6.489992,56.3099,0.0,0.0
2024-01-10 15:00:00+00:00,10.95,73.77182,9.505016,0.0,0.0,14.0,3.7585104,16.699326,0.0,0.0
2024-01-10 16:00:00+00:00,8.2,88.42338,6.527096,0.0,1.0,29.0,5.2416787,344.05453,0.0,0.0
2024-01-10 17:00:00+00:00,7.55,94.02451,5.7810154,0.0,1.0,41.0,6.297428,329.03632,0.0,0.0
2024-01-10 18:00:00+00:00,8.25,96.32992,7.0183105,0.0,2.0,75.0,4.3498964,335.55606,0.0,0.0
2024-01-10 19:00:00+00:00,8.6,94.71574,7.4406977,0.0,3.0,92.0,4.0249224,10.304792,0.0,0.0
2024-01-10 20:00:00+00:00,8.5,91.53323,7.066037,0.0,3.0,95.0,4.8965297,36.027473,0.0,0.0
2024-01-10 21:00:00+00:00,8.25,82.23833,6.3431883,0.0,3.0,96.0,5.315336,61.69934,0.0,0.0
2024-01-10 22:00:00+00:00,8.5,79.74133,6.686652,0.0,3.0,100.0,4.379589,80.53775,0.0,0.0
2024-01-10 23:00:00+00:00,7.85,81.332344,5.8588047,0.0,3.0,100.0,5.0911684,98.13002,1.0,0.0
2024-01-11 00:00:00+00:00,9.7,72.53139,7.7824726,0.0,3.0,100.0,4.802999,102.99462,1.0,88.78081
2024-01-11 01:00:00+00:00,10.6,71.20438,8.731519,0.0,3.0,99.0,5.3517847,109.653915,1.0,158.48663
2024-01-11 02:00:00+00:00,11.6,65.71731,9.943418,0.0,3.0,99.0,3.6,90.0,1.0,305.80026
2024-01-11 03:00:00+00:00,12.5,61.508347,11.079097,0.0,1.0,39.0,1.835647,78.6901,1.0,400.64612
2024-01-11 04:00:00+00:00,13.65,55.88027,12.224966,0.0,0.0,8.0,2.7416782,113.19862,1.0,591.8343
2024-01-11 05:00:00+00:00,14.45,53.800217,13.263605,0.0,0.0,4.0,4.510787,118.61037,1.0,637.3726
2024-01-11 06:00:00+00:00,15.05,51.22203,13.439142,0.0,0.0,7.0,5.154415,114.775116,1.0,564.5067
2024-01-11 07:00:00+00:00,15.2,50.730595,12.936598,0.0,0.0,3.0,7.24486,116.56499,1.0,432.86084
2024-01-11 08:00:00+00:00,14.35,54.71628,11.793779,0.0,0.0,0.0,9.693296,121.328636,1.0,256.00098
2024-01-11 09:00:00+00:00,12.3,64.519104,9.842415,0.0,0.0,0.0,9.693296,121.328636,1.0,65.583374
2024-01-11 10:00:00+00:00,9.85,76.961975,7.9474516,0.0,0.0,0.0,6.193674,125.537766,0.0,0.0
2024-01-11 11:00:00+00:00,8.15,85.715904,6.160162,0.0,0.0,0.0,6.638072,130.60121,0.0,0.0
2024-01-11 12:00:00+00:00,8.65,80.04031,6.7379026,0.0,0.0,0.0,5.3517847,132.27362,0.0,0.0
2024-01-11 13:00:00+00:00,9.65,79.357864,8.223222,0.0,0.0,0.0,3.319036,130.60121,0.0,0.0
2024-01-11 14:00:00+00:00,9.25,83.79485,8.08019,0.0,0.0,1.0,2.1897945,170.53775,0.0,0.0
2024-01-11 15:00:00+00:00,8.85,87.87552,7.7875032,0.0,0.0,7.0,1.9386592,248.19853,0.0,0.0
2024-01-11 16:00:00+00:00,8.45,92.47384,7.1864567,0.0,0.0,12.0,3.8939953,303.6901,0.0,0.0
2024-01-11 17:00:00+00:00,7.7,98.30942,6.3830357,0.0,0.0,16.0,4.510787,298.61035,0.0,0.0
2024-01-11 18:00:00+00:00,6.95,100.0,5.52063,0.0,3.0,98.0,4.452954,284.03625,0.0,0.0
2024-01-11 19:00:00+00:00,5.45,100.0,3.6147165,0.0,3.0,97.0,4.896529,287.1028,0.0,0.0
2024-01-11 20:00:00+00:00,4.75,100.0,2.610911,0.0,3.0,96.0,5.95906,295.01685,0.0,0.0
2024-01-11 21:00:00+00:00,4.75,100.0,2.6334033,0.0,3.0,96.0,5.8048253,299.74478,0.0,0.0
2024-01-11 22:00:00+00:00,4.75,100.0,2.6785626,0.0,3.0,96.0,5.495161,301.60745,0.0,0.0
2024-01-11 23:00:00+00:00,5.25,99.3073,3.2341375,0.0,2.0,64.0,5.6920996,288.43503,1.0,0.0
2024-01-12 00:00:00+00:00,7.6,88.065865,6.096281,0.0,1.0,40.0,3.0758414,290.55612,1.0,118.44475
2024-01-12 01:00:00+00:00,9.85,79.66065,8.702182,0.0,1.0,39.0,1.8,306.86996,1.0,286.35797
2024-01-12 02:00:00+00:00,12.05,70.50855,10.927179,0.0,1.0,23.0,2.1897945,9.462248,1.0,453.0755
2024-01-12 03:00:00+00:00,14.4,59.663273,13.330355,0.0,0.0,1.0,2.0991426,30.963696,1.0,603.2272
2024-01-12 04:00:00+00:00,16.4,48.982502,15.771009,0.0,0.0,0.0,2.16,90.0,1.0,678.87854
2024-01-12 05:00:00+00:00,17.9,41.55469,16.855127,0.0,0.0,0.0,4.0249224,116.56499,1.0,664.9996
2024-01-12 06:00:00+00:00,18.65,38.55125,16.910143,0.0,0.0,0.0,5.692099,124.69522,1.0,582.5203
2024-01-12 07:00:00+00:00,18.8,39.137978,16.332737,0.0,0.0,0.0,7.9932966,125.837746,1.0,441.1076
2024-01-12 08:00:00+00:00,17.9,43.93397,15.423508,0.0,0.0,0.0,9.290511,125.537766,1.0,257.34476
2024-01-12 09:00:00+00:00,15.25,57.659016,13.648111,0.0,0.0,0.0,5.634891,116.56499,1.0,67.54721
2024-01-12 10:00:00+00:00,11.2,74.07021,9.108621,0.0,0.0,0.0,8.669949,131.63345,0.0,0.0
2024-01-12 11:00:00+00:00,11.15,75.60132,9.340091,0.0,0.0,0.0,7.145796,139.08571,0.0,0.0
2024-01-12 12:00:00+00:00,12.1,73.72392,11.032645,0.0,0.0,0.0,2.968636,104.03627,0.0,0.0
2024-01-12 13:00:00+00:00,11.55,78.55822,10.7806635,0.0,0.0,0.0,1.609969,206.56499,0.0,0.0
2024-01-12 14:00:00+00:00,10.8,84.2617,10.026949,0.0,0.0,0.0,2.16,270.0,0.0,0.0
2024-01-12 15:00:00+00:00,10.15,88.89175,9.1321125,0.0,0.0,0.0,4.1046314,307.87503,0.0,0.0
2024-01-12 16:00:00+00:00,9.6,92.53973,8.606718,0.0,0.0,0.0,4.0249224,296.56497,0.0,0.0
2024-01-12 17:00:00+00:00,9.4,92.84264,8.377302,0.0,0.0,0.0,3.96,270.0,0.0,0.0
2024-01-12 18:00:00+00:00,9.15,92.82893,8.113151,0.0,0.0,0.0,3.6179552,264.2895,0.0,0.0
2024-01-12 19:00:00+00:00,8.85,93.446434,7.762602,0.0,0.0,0.0,3.6179552,275.7105,0.0,0.0
2024-01-12 20:00:00+00:00,8.7,91.85922,7.3564425,0.0,0.0,0.0,4.6938252,274.39862,0.0,0.0
2024-01-12 21:00:00+00:00,8.7,88.46672,7.2258387,0.0,0.0,0.0,4.68,270.0,0.0,0.0
2024-01-12 22:00:00+00:00,8.7,85.185356,7.045064,0.0,0.0,0.0,5.04,270.0,0.0,0.0
2024-01-12 23:00:00+00:00,8.65,82.86072,6.937724,0.0,0.0,0.0,4.73506,261.2539,1.0,0.0
2024-01-13 00:00:00+00:00,9.1,80.65992,7.6054316,0.0,0.0,0.0,3.319036,257.4712,1.0,148.08096
2024-01-13 01:00:00+00:00,11.55,74.64092,10.547459,0.0,0.0,0.0,1.9386592,291.80148,1.0,347.764
2024-01-13 02:00:00+00:00,14.65,59.929054,13.498732,0.0,0.0,0.0,2.5455842,278.13,1.0,523.90686
2024-01-13 03:00:00+00:00,17.35,46.923702,16.386436,0.0,0.0,0.0,2.0364676,224.9999,1.0,646.1961
2024-01-13 04:00:00+00:00,19.15,40.205826,18.42479,0.0,0.0,0.0,3.219938,153.43501,1.0,702.5491
2024-01-13 05:00:00+00:00,20.3,34.793358,18.835995,0.0,0.0,0.0,6.8777895,132.87889,1.0,684.79767
2024-01-13 06:00:00+00:00,20.75,27.258469,17.897076,0.0,0.0,0.0,10.00256,120.256355,1.0,600.5432
2024-01-13 07:00:00+00:00,20.2,26.142653,16.312418,0.0,0.0,0.0,12.245293,114.30454,1.0,457.22803
2024-01-13 08:00:00+00:00,18.7,31.178413,15.162624,0.0,0.0,0.0,11.119281,119.05451,1.0,269.4908
2024-01-13 09:00:00+00:00,15.4,49.04745,13.31008,0.0,0.0,0.0,5.6233797,140.19447,1.0,72.910545
2024-01-13 10:00:00+00:00,12.3,57.920055,9.775497,0.0,0.0,0.0,7.9036193,149.9315,0.0,0.0
2024-01-13 11:00:00+00:00,13.35,56.389748,11.469081,0.0,0.0,0.0,4.3349743,131.63345,0.0,0.0
2024-01-13 12:00:00+00:00,11.5,69.19746,10.345913,0.0,0.0,0.0,1.1384199,71.564964,0.0,0.0
2024-01-13 13:00:00+00:00,10.9,75.81909,9.787777,0.0,0.0,0.0,2.0364676,315.0001,0.0,0.0
2024-01-13 14:00:00+00:00,8.9,87.279755,7.2472887,0.0,0.0,2.0,5.904439,307.56866,0.0,0.0
2024-01-13 15:00:00+00:00,7.6,92.424576,5.699955,0.0,0.0,17.0,6.8777895,312.8789,0.0,0.0
2024-01-13 16:00:00+00:00,6.85,93.99196,4.6878223,0.0,1.0,20.0,7.8954163,313.1524,0.0,0.0
2024-01-13 17:00:00+00:00,8.0,91.18713,6.288376,0.0,2.0,76.0,5.904439,307.56866,0.0,0.0
2024-01-13 18:00:00+00:00,8.85,83.17203,7.138317,0.0,1.0,39.0,5.1165614,309.28937,0.0,0.0
2024-01-13 19:00:00+00:00,7.9,85.39316,5.920904,0.0,1.0,25.0,6.1094027,315.0001,0.0,0.0
2024-01-13 20:00:00+00:00,7.05,88.322784,4.6979628,0.0,0.0,15.0,8.14587,315.0001,0.0,0.0
2024-01-13 21:00:00+00:00,6.6,90.147224,4.0653324,0.0,0.0,7.0,9.178235,318.1799,0.0,0.0
2024-01-13 22:00:00+00:00,6.5,92.03998,3.9725065,0.0,0.0,4.0,9.422101,313.4519,0.0,0.0
2024-01-13 23:00:00+00:00,6.5,94.30166,4.067788,0.0,0.0,2.0,9.290511,305.53775,1.0,0.0
2024-01-14 00:00:00+00:00,10.25,86.52119,8.718075,0.0,0.0,2.0,7.10031,300.46545,1.0,133.24153
2024-01-14 01:00:00+00:00,13.0,70.21335,11.603004,0.0,0.0,0.0,5.4833565,293.1986,1.0,324.7675
2024-01-14 02:00:00+00:00,16.75,54.77464,15.305466,0.0,0.0,0.0,5.634891,296.56497,1.0,496.56784
2024-01-14 03:00:00+00:00,19.3,50.965103,18.380642,0.0,0.0,0.0,5.3999996,306.86996,1.0,616.28516
2024-01-14 04:00:00+00:00,20.75,49.996525,21.171377,0.0,0.0,0.0,2.0364676,315.0001,1.0,672.0116
2024-01-14 05:00:00+00:00,21.6,48.741215,22.437168,0.0,0.0,0.0,0.71999997,180.0,1.0,656.5842
2024-01-14 06:00:00+00:00,22.0,47.883224,22.246,0.0,0.0,0.0,2.1897945,170.53775,1.0,572.794
2024-01-14 07:00:00+00:00,22.05,47.578613,21.75567,0.0,0.0,1.0,2.9024127,150.2552,1.0,432.2499
2024-01-14 08:00:00+00:00,21.65,48.917564,21.109241,0.0,0.0,5.0,4.6938257,147.52882,1.0,249.18327
2024-01-14 09:00:00+00:00,19.25,61.223648,18.923258,0.0,0.0,0.0,5.6233797,140.19447,1.0,68.03176
2024-01-14 10:00:00+00:00,15.75,72.41343,14.875998,0.0,0.0,0.0,7.7043357,127.40543,0.0,0.0
2024-01-14 11:00:00+00:00,15.85,71.00083,15.076275,0.0,0.0,0.0,6.6087217,150.64235,0.0,0.0
2024-01-14 12:00:00+00:00,15.8,70.99135,15.458233,0.0,0.0,0.0,3.5455887,203.9625,0.0,0.0
2024-01-14 13:00:00+00:00,15.4,73.56414,15.147305,0.0,0.0,0.0,3.2399998,270.0,0.0,0.0
2024-01-14 14:00:00+00:00,14.35,78.44876,14.059893,0.0,0.0,0.0,3.396233,302.00534,0.0,0.0
2024-01-14 15:00:00+00:00,12.75,84.76483,12.081007,0.0,0.0,0.0,5.1919937,303.6901,0.0,0.0
2024-01-14 16:00:00+00:00,10.35,92.894356,8.932513,0.0,0.0,0.0,8.39657,300.96368,0.0,0.0
2024-01-14 17:00:00+00:00,10.5,91.660904,9.131245,0.0,0.0,0.0,7.968939,288.43503,0.0,0.0
2024-01-14 18:00:00+00:00,10.55,91.35607,9.212498,0.0,0.0,0.0,7.754637,291.80148,0.0,0.0
2024-01-14 19:00:00+00:00,9.15,94.09794,7.4231873,0.0,0.0,0.0,8.699793,294.44394,0.0,0.0
2024-01-14 20:00:00+00:00,8.7,93.75767,6.836714,0.0,0.0,0.0,8.766573,289.1791,0.0,0.0
2024-01-14 21:00:00+00:00,7.85,95.009636,5.818923,0.0,0.0,0.0,8.825508,281.76825,0.0,0.0
2024-01-14 22:00:00+00:00,8.8,91.55257,7.0901985,0.0,0.0,0.0,7.289444,290.22495,0.0,0.0
2024-01-14 23:00:00+00:00,10.15,90.71488,9.430688,0.0,0.0,0.0,2.5959969,236.3099,1.0,0.0
2024-01-15 00:00:00+00:00,11.0,88.06789,10.179269,0.0,0.0,0.0,4.0249224,243.43501,1.0,135.01288
2024-01-15 01:00:00+00:00,14.35,74.6178,13.839554,0.0,0.0,0.0,3.4152596,198.43504,1.0,322.2052
2024-01-15 02:00:00+00:00,16.35,62.198273,15.315857,0.0,0.0,1.0,5.4833565,113.19862,1.0,495.46802
2024-01-15 03:00:00+00:00,17.3,59.354713,16.002983,0.0,0.0,1.0,8.473393,102.26476,1.0,611.01166
2024-01-15 04:00:00+00:00,17.7,57.875237,16.34591,0.0,0.0,4.0,11.966953,111.16133,1.0,667.0319
2024-01-15 05:00:00+00:00,17.3,58.560856,15.708454,0.0,0.0,3.0,13.779114,109.85531,1.0,656.77856
2024-01-15 06:00:00+00:00,16.5,60.577385,14.417307,0.0,0.0,15.0,13.779114,109.85531,1.0,553.4311
2024-01-15 07:00:00+00:00,15.2,64.94193,12.651903,0.0,1.0,42.0,15.042659,111.03758,1.0,399.34595
2024-01-15 08:00:00+00:00,13.9,69.20748,11.715242,0.0,3.0,100.0,12.015589,98.61557,1.0,197.76346
2024-01-15 09:00:00+00:00,12.6,73.31259,10.542886,0.0,3.0,97.0,10.440001,90.0,1.0,38.98607
2024-01-15 10:00:00+00:00,11.85,75.718346,9.902978,0.0,3.0,99.0,9.255571,76.50425,0.0,0.0
2024-01-15 11:00:00+00:00,11.6,76.19483,9.627105,0.0,3.0,99.0,9.178235,64.440094,0.0,0.0
2024-01-15 12:00:00+00:00,11.3,77.193214,9.396424,0.0,3.0,100.0,8.534353,62.354122,0.0,0.0
2024-01-15 13:00:00+00:00,11.05,78.21554,9.050629,0.0,3.0,100.0,9.107359,71.564964,0.0,0.0
2024-01-15 14:00:00+00:00,10.65,78.69157,8.726333,0.0,3.0,100.0,8.089993,69.14546,0.0,0.0
2024-01-15 15:00:00+00:00,10.5,78.13151,8.661106,0.0,3.0,100.0,7.10031,59.53454,0.0,0.0
2024-01-15 16:00:00+00:00,10.4,77.848434,8.692234,0.0,3.0,100.0,5.95906,64.98315,0.0,0.0
2024-01-15 17:00:00+00:00,10.3,77.56584,8.626624,0.0,3.0,100.0,5.4833565,66.801384,0.0,0.0
2024-01-15 18:00:00+00:00,10.1,77.267876,8.3882065,0.0,3.0,100.0,5.3517847,70.346085,0.0,0.0
2024-01-15 19:00:00+00:00,9.95,76.97804,8.093158,0.0,3.0,100.0,6.0347,72.64589,0.0,0.0
2024-01-15 20:00:00+00:00,9.6,76.921776,7.638695,0.0,3.0,100.0,6.2145634,79.99209,0.0,0.0
2024-01-15 21:00:00+00:00,9.4,76.09375,7.2490473,0.0,3.0,94.0,6.9899354,78.11137,0.0,0.0
2024-01-15 22:00:00+00:00,9.05,73.94467,6.8797073,0.0,3.0,97.0,6.0347,72.64589,0.0,0.0
2024-01-15 23:00:00+00:00,8.75,72.35382,6.4579697,0.0,3.0,98.0,6.0347,72.64589,1.0,0.0
2024-01-16 00:00:00+00:00,8.9,70.131035,6.6138363,0.0,2.0,75.0,5.5887027,75.068535,1.0,79.45402
2024-01-16 01:00:00+00:00,10.4,65.682365,8.198056,0.0,1.0,21.0,5.692099,55.304783,1.0,222.45773
2024-01-16 02:00:00+00:00,11.95,58.035255,9.698126,0.0,1.0,34.0,5.6233797,39.805527,1.0,397.31036
2024-01-16 03:00:00+00:00,13.2,53.094658,11.005934,0.0,1.0,30.0,5.0911684,44.999897,1.0,484.58298
2024-01-16 04:00:00+00:00,14.65,48.83981,12.467127,0.0,0.0,16.0,5.815978,68.19853,1.0,577.11487
2024-01-16 05:00:00+00:00,15.8,46.815723,14.107626,0.0,0.0,4.0,6.725354,74.47583,1.0,638.33923
2024-01-16 06:00:00+00:00,16.5,46.04013,14.484522,0.0,0.0,1.0,8.049845,79.69521,1.0,578.00726
2024-01-16 07:00:00+00:00,16.6,46.87669,13.8878975,0.0,0.0,1.0,10.538843,82.14678,1.0,442.6412
2024-01-16 08:00:00+00:00,15.6,51.370747,12.714241,0.0,0.0,2.0,12.324414,83.29026,1.0,261.1468
2024-01-16 09:00:00+00:00,14.05,58.35776,11.524371,0.0,0.0,2.0,10.464798,86.05489,1.0,73.452194
2024-01-16 10:00:00+00:00,11.5,72.11687,9.807912,0.0,0.0,6.0,5.771239,86.423744,0.0,0.0
2024-01-16 11:00:00+00:00,12.6,65.93577,11.166538,0.0,0.0,6.0,3.6,36.86999,0.0,0.0
2024-01-16 12:00:00+00:00,12.15,70.52806,10.918611,0.0,0.0,6.0,3.096837,324.46225,0.0,0.0
2024-01-16 13:00:00+00:00,11.25,77.9796,10.263428,0.0,0.0,6.0,2.4149535,333.43503,0.0,0.0
2024-01-16 14:00:00+00:00,8.85,88.17713,7.262059,0.0,0.0,1.0,5.6233797,320.1945,0.0,0.0
2024-01-16 15:00:00+00:00,7.95,92.12819,6.15481,0.0,0.0,2.0,6.638072,319.39877,0.0,0.0
2024-01-16 16:00:00+00:00,7.6,93.70443,5.8461523,0.0,2.0,50.0,6.193674,324.46225,0.0,0.0
2024-01-16 17:00:00+00:00,8.5,92.476715,6.9864025,0.0,3.0,90.0,5.692099,325.30478,0.0,0.0
2024-01-16 18:00:00+00:00,8.5,89.67175,7.0761395,0.0,3.0,100.0,4.3349743,311.63345,0.0,0.0
2024-01-16 19:00:00+00:00,8.3,91.20725,6.7326803,0.0,0.0,11.0,5.3999996,323.13004,0.0,0.0
2024-01-16 20:00:00+00:00,6.9,94.319374,4.8192406,0.0,0.0,2.0,7.491114,305.21768,0.0,0.0
2024-01-16 21:00:00+00:00,6.7,94.6371,4.5855875,0.0,0.0,1.0,7.491114,305.21768,0.0,0.0
2024-01-16 22:00:00+00:00,6.15,96.2689,3.9541397,0.0,0.0,2.0,7.5942082,301.4295,0.0,0.0
2024-01-16 23:00:00+00:00,6.05,96.93556,3.8343887,0.0,0.0,2.0,7.729527,297.75842,1.0,0.0
2024-01-17 00:00:00+00:00,9.55,87.6394,8.128293,0.0,0.0,2.0,5.4833565,293.1986,1.0,134.7161
2024-01-17 01:00:00+00:00,12.65,73.32157,11.42367,0.0,2.0,60.0,4.829907,296.56497,1.0,304.2376
2024-01-17 02:00:00+00:00,15.65,63.09483,14.591173,0.0,1.0,22.0,4.829907,296.56497,1.0,462.40103
2024-01-17 03:00:00+00:00,17.9,59.102165,17.374418,0.0,0.0,13.0,3.319036,282.5288,1.0,589.71313
2024-01-17 04:00:00+00:00,19.7,55.529236,20.107296,0.0,0.0,3.0,1.2979984,146.3099,1.0,626.34686
2024-01-17 05:00:00+00:00,20.8,52.75052,21.043169,0.0,0.0,2.0,3.8939953,146.3099,1.0,624.7901
2024-01-17 06:00:00+00:00,21.45,51.87875,21.386497,0.0,0.0,3.0,5.154415,155.22488,1.0,564.2392
2024-01-17 07:00:00+00:00,21.65,52.10339,21.21088,0.0,0.0,8.0,5.95906,154.98314,1.0,428.1099
2024-01-17 08:00:00+00:00,21.4,53.966103,20.698128,0.0,0.0,2.0,8.404285,133.26433,1.0,243.79468
2024-01-17 09:00:00+00:00,19.7,61.732975,19.391708,0.0,0.0,0.0,6.696387,126.25393,1.0,73.389626
2024-01-17 10:00:00+00:00,15.8,78.404884,15.257637,0.0,0.0,0.0,8.0899935,147.72438,0.0,0.0
2024-01-17 11:00:00+00:00,14.7,82.768074,14.122091,0.0,0.0,0.0,7.7879906,146.3099,0.0,0.0
2024-01-17 12:00:00+00:00,15.9,75.87765,15.852104,0.0,0.0,0.0,3.8268526,138.81418,0.0,0.0
2024-01-17 13:00:00+00:00,15.35,80.1678,15.83807,0.0,0.0,4.0,0.8049845,26.564985,0.0,0.0
2024-01-17 14:00:00+00:00,14.65,83.5847,14.600964,0.0,0.0,1.0,4.379589,279.46225,0.0,0.0
2024-01-17 15:00:00+00:00,14.0,86.03074,13.7951145,0.0,0.0,0.0,5.0142193,291.03757,0.0,0.0
2024-01-17 16:00:00+00:00,13.45,87.99039,13.1620655,0.0,0.0,0.0,5.154415,294.77512,0.0,0.0
2024-01-17 17:00:00+00:00,13.0,89.7167,12.687918,0.0,0.0,0.0,5.00128,300.25635,0.0,0.0
2024-01-17 18:00:00+00:00,11.8,92.3555,11.051534,0.0,0.0,0.0,6.439876,296.56497,0.0,0.0
2024-01-17 19:00:00+00:00,12.4,90.87051,11.82934,0.0,0.0,0.0,5.937272,284.03625,0.0,0.0
2024-01-17 20:00:00+00:00,11.9,92.977585,11.256117,0.0,0.0,0.0,6.130579,266.6336,0.0,0.0
2024-01-17 21:00:00+00:00,11.5,93.89024,10.834298,0.0,0.0,0.0,5.771239,273.57626,0.0,0.0
2024-01-17 22:00:00+00:00,11.55,93.26922,10.871214,0.0,0.0,0.0,5.7599998,270.0,0.0,0.0
2024-01-17 23:00:00+00:00,11.35,93.25898,10.715905,0.0,0.0,1.0,5.0528407,265.91446,1.0,0.0
2024-01-18 00:00:00+00:00,12.65,87.919586,12.231575,0.0,0.0,1.0,4.379589,260.53775,1.0,134.50137
2024-01-18 01:00:00+00:00,15.8,76.36413,15.931633,0.0,0.0,10.0,2.5959969,303.6901,1.0,296.5067
2024-01-18 02:00:00+00:00,18.45,67.176865,18.888748,0.0,0.0,12.0,1.8,323.13,1.0,461.26144
2024-01-18 03:00:00+00:00,20.7,60.56085,21.504637,0.0,0.0,6.0,0.71999997,360.0,1.0,594.0602
2024-01-18 04:00:00+00:00,22.55,54.259983,23.890318,0.0,0.0,11.0,1.609969,63.435013,1.0,665.3551
2024-01-18 05:00:00+00:00,23.75,50.46307,25.103615,0.0,1.0,34.0,2.2768397,108.43504,1.0,655.3789
2024-01-18 06:00:00+00:00,23.95,50.023094,24.594418,0.0,1.0,26.0,2.3051248,51.34017,1.0,524.2437
2024-01-18 07:00:00+00:00,24.25,48.650524,24.585535,0.0,1.0,21.0,3.6179552,5.7105074,1.0,378.42966
2024-01-18 08:00:00+00:00,23.9,49.197815,24.34216,0.0,1.0,25.0,2.5455842,98.13002,1.0,201.38492
2024-01-18 09:00:00+00:00,21.75,58.66844,21.898582,0.0,1.0,21.0,6.193674,125.537766,1.0,65.48862
2024-01-18 10:00:00+00:00,18.75,69.930534,18.741888,0.0,1.0,20.0,6.9247384,117.89718,0.0,0.0
2024-01-18 11:00:00+00:00,16.75,79.837616,17.104408,0.0,1.0,29.0,4.6800003,112.61991,0.0,0.0
2024-01-18 12:00:00+00:00,15.2,87.85617,15.513849,0.0,1.0,43.0,4.8433046,138.01286,0.0,0.0
2024-01-18 13:00:00+00:00,15.0,92.537125,15.442602,0.0,0.0,1.0,5.3999996,126.86998,0.0,0.0
2024-01-18 14:00:00+00:00,14.85,91.92893,15.2456455,0.0,0.0,5.0,5.1165614,140.71062,0.0,0.0
2024-01-18 15:00:00+00:00,14.4,94.94547,15.1394825,0.0,1.0,36.0,2.8799999,180.0,0.0,0.0
2024-01-18 16:00:00+00:00,14.45,94.63918,15.139896,0.0,3.0,100.0,3.219938,206.56499,0.0,0.0
2024-01-18 17:00:00+00:00,14.3,95.25104,14.990316,0.0,3.0,100.0,3.096837,215.53777,0.0,0.0
2024-01-18 18:00:00+00:00,14.45,94.94736,15.364586,0.0,3.0,100.0,1.8,270.0,0.0,0.0
2024-01-18 19:00:00+00:00,14.8,92.525986,15.906889,0.0,3.0,100.0,0.35999998,90.0,0.0,0.0
2024-01-18 20:00:00+00:00,14.55,95.88039,15.496557,0.0,3.0,100.0,2.1897945,80.53775,0.0,0.0
2024-01-18 21:00:00+00:00,14.4,95.564735,15.194937,0.0,3.0,100.0,2.7416782,113.19862,0.0,0.0
2024-01-18 22:00:00+00:00,14.5,93.41766,15.173986,0.0,3.0,100.0,2.968636,104.03627,0.0,0.0
2024-01-18 23:00:00+00:00,14.4,92.503586,14.947857,0.0,3.0,100.0,3.2399998,90.0,1.0,0.0
2024-01-19 00:00:00+00:00,14.8,88.39711,15.138119,0.0,3.0,100.0,3.9763298,95.19434,1.0,47.812588
2024-01-19 01:00:00+00:00,15.9,83.18506,16.01398,0.0,3.0,100.0,5.8603754,100.619606,1.0,118.826515
2024-01-19 02:00:00+00:00,16.3,79.25421,16.302227,0.0,3.0,100.0,5.815978,111.801476,1.0,178.10703
2024-01-19 03:00:00+00:00,17.0,75.312454,17.116417,0.0,3.0,100.0,4.802999,102.99462,1.0,268.1001
2024-01-19 04:00:00+00:00,18.05,70.024254,18.090893,0.0,3.0,100.0,5.0911684,81.86999,1.0,369.5898
2024-01-19 05:00:00+00:00,19.95,61.385937,19.809965,0.0,1.0,33.0,6.9247384,117.89718,1.0,564.29
2024-01-19 06:00:00+00:00,20.1,59.82687,19.28946,0.0,1.0,22.0,10.195057,132.13753,1.0,521.67206
2024-01-19 07:00:00+00:00,19.6,60.90219,18.365606,0.0,0.0,13.0,12.387348,125.537766,1.0,413.90335
2024-01-19 08:00:00+00:00,18.45,64.57325,17.409044,0.0,1.0,24.0,10.630672,118.30067,1.0,248.7443
2024-01-19 09:00:00+00:00,17.1,69.15059,16.145779,0.0,3.0,100.0,9.504272,127.30403,1.0,72.08515
2024-01-19 10:00:00+00:00,15.85,75.36971,15.273808,0.0,3.0,100.0,7.127636,135.0001,0.0,0.0
2024-01-19 11:00:00+00:00,15.25,78.842354,14.8835945,0.0,0.0,10.0,5.904439,127.568665,0.0,0.0
2024-01-19 12:00:00+00:00,14.9,80.903435,15.261942,0.0,0.0,12.0,1.0182338,224.9999,0.0,0.0
2024-01-19 13:00:00+00:00,15.45,87.02362,16.338558,0.0,3.0,100.0,1.1384199,198.43504,0.0,0.0
2024-01-19 14:00:00+00:00,15.3,91.0655,16.26512,0.0,3.0,100.0,1.9386592,158.19853,0.0,0.0
2024-01-19 15:00:00+00:00,15.2,90.46902,16.114399,0.0,3.0,100.0,1.8,143.13002,0.0,0.0
2024-01-19 16:00:00+00:00,15.25,89.59439,16.225687,0.0,3.0,100.0,1.1384199,108.43504,0.0,0.0
2024-01-19 17:00:00+00:00,15.2,90.46902,16.160437,0.0,3.0,100.0,1.484318,165.96373,0.0,0.0
2024-01-19 18:00:00+00:00,14.9,93.437454,15.776718,0.0,3.0,100.0,2.5455842,188.13002,0.0,0.0
2024-01-19 19:00:00+00:00,15.15,89.87883,16.03943,0.0,3.0,100.0,1.609969,206.56499,0.0,0.0
2024-01-19 20:00:00+00:00,14.95,91.63654,15.886612,0.0,3.0,100.0,1.5273507,224.9999,0.0,0.0
2024-01-19 21:00:00+00:00,14.8,92.525986,15.653263,0.0,3.0,100.0,2.0991426,239.0363,0.0,0.0
2024-01-19 22:00:00+00:00,14.8,93.43251,15.641155,0.1,51.0,100.0,2.5455842,224.9999,0.0,0.0
2024-01-19 23:00:00+00:00,14.8,92.82728,15.640839,0.1,51.0,100.0,2.3051248,231.34016,1.0,0.0
2024-01-20 00:00:00+00:00,15.5,87.02832,16.219698,0.0,3.0,98.0,2.4149535,206.56499,1.0,44.036278
2024-01-20 01:00:00+00:00,16.6,88.26333,17.76828,0.1,51.0,100.0,2.5455842,261.87,1.0,155.82869
2024-01-20 02:00:00+00:00,17.5,83.10528,18.968012,0.0,3.0,100.0,0.35999998,90.0,1.0,218.05687
2024-01-20 03:00:00+00:00,18.7,77.320274,20.015877,0.0,3.0,100.0,1.5273507,315.0001,1.0,272.40854
2024-01-20 04:00:00+00:00,19.15,74.69509,20.434694,0.0,3.0,100.0,1.484318,284.03625,1.0,204.79121
2024-01-20 05:00:00+00:00,19.55,73.330795,20.560566,0.1,51.0,78.0,3.6179552,174.2895,1.0,268.96814
2024-01-20 06:00:00+00:00,20.55,67.60749,21.501165,0.0,1.0,42.0,3.2599385,186.3401,1.0,371.04962
2024-01-20 07:00:00+00:00,19.95,70.84451,20.46415,0.0,0.0,19.0,6.638072,130.60121,1.0,294.63855
2024-01-20 08:00:00+00:00,18.05,76.72121,17.901127,0.0,1.0,36.0,9.693296,111.801476,1.0,206.1534
2024-01-20 09:00:00+00:00,15.9,82.37356,15.0528965,0.0,1.0,48.0,12.10157,112.751015,1.0,60.700462
2024-01-20 10:00:00+00:00,14.25,86.91013,13.516867,0.0,2.0,53.0,9.511088,119.4758,0.0,0.0
2024-01-20 11:00:00+00:00,13.65,87.71796,13.338919,0.0,2.0,71.0,5.634891,116.56499,0.0,0.0
2024-01-20 12:00:00+00:00,13.8,85.16123,13.429655,0.0,3.0,100.0,5.3999996,126.86998,0.0,0.0
2024-01-20 13:00:00+00:00,15.0,84.73121,14.777262,0.1,51.0,100.0,6.792466,122.00535,0.0,0.0
2024-01-20 14:00:00+00:00,14.6,82.755844,14.135672,0.0,3.0,100.0,6.792466,122.00535,0.0,0.0
2024-01-20 15:00:00+00:00,13.95,79.70718,12.983738,0.0,3.0,100.0,7.729527,117.75845,0.0,0.0
2024-01-20 16:00:00+00:00,13.35,79.621925,12.369711,0.0,3.0,100.0,6.638072,130.60121,0.0,0.0
2024-01-20 17:00:00+00:00,12.95,80.1008,11.924622,0.0,3.0,100.0,6.3690495,137.29063,0.0,0.0
2024-01-20 18:00:00+00:00,12.65,81.142365,11.634724,0.0,3.0,100.0,6.1094027,135.0001,0.0,0.0
2024-01-20 19:00:00+00:00,12.45,81.66294,11.404026,0.0,3.0,100.0,6.1305785,130.23628,0.0,0.0
2024-01-20 20:00:00+00:00,12.3,81.91853,11.202242,0.0,3.0,100.0,6.297428,120.963684,0.0,0.0
2024-01-20 21:00:00+00:00,12.1,82.16905,10.914537,0.1,51.0,100.0,6.6185193,112.38018,0.0,0.0
2024-01-20 22:00:00+00:00,12.0,81.87985,10.743096,0.1,51.0,100.0,6.830519,108.43504,0.0,0.0
2024-01-20 23:00:00+00:00,11.75,81.84752,10.35943,0.1,51.0,100.0,7.289444,110.22495,1.0,0.0
2024-01-21 00:00:00+00:00,11.7,80.19624,10.234625,0.1,51.0,100.0,7.172949,107.52566,1.0,31.113602
2024-01-21 01:00:00+00:00,12.55,80.31463,11.200729,0.1,51.0,100.0,7.928178,92.60251,1.0,68.94658
2024-01-21 02:00:00+00:00,12.5,77.64412,11.127731,0.1,51.0,100.0,7.072878,104.743614,1.0,90.18447
2024-01-21 03:00:00+00:00,12.8,74.60275,11.366656,0.0,3.0,100.0,6.9527545,111.25058,1.0,140.50182
2024-01-21 04:00:00+00:00,13.15,71.20453,11.675472,0.0,3.0,100.0,6.6185193,112.38018,1.0,162.83324
2024-01-21 05:00:00+00:00,13.65,67.76084,12.021009,0.0,3.0,100.0,7.24486,116.56499,1.0,184.59526
2024-01-21 06:00:00+00:00,13.7,66.626854,11.89798,0.0,3.0,100.0,8.089993,110.854546,1.0,145.29819
2024-01-21 07:00:00+00:00,13.9,65.32006,12.055901,0.0,3.0,100.0,8.209263,105.25517,1.0,150.52345
2024-01-21 08:00:00+00:00,13.55,66.36787,11.515634,0.0,3.0,100.0,9.346143,105.64231,1.0,87.9732
2024-01-21 09:00:00+00:00,12.95,68.54629,10.873249,0.0,3.0,100.0,9.47012,98.74608,1.0,27.469568
2024-01-21 10:00:00+00:00,12.3,71.041794,10.21514,0.0,3.0,100.0,9.36,90.0,0.0,0.0
2024-01-21 11:00:00+00:00,12.05,71.48177,10.23886,0.0,3.0,100.0,7.2359104,84.2895,0.0,0.0
2024-01-21 12:00:00+00:00,11.85,71.19906,9.854942,0.0,3.0,100.0,8.089993,69.14546,0.0,0.0
2024-01-21 13:00:00+00:00,11.5,72.8635,9.422563,0.0,3.0,100.0,8.654986,73.07241,0.0,0.0
2024-01-21 14:00:00+00:00,11.4,71.60388,9.157441,0.0,3.0,100.0,9.227524,69.44388,0.0,0.0
2024-01-21 15:00:00+00:00,11.2,71.07409,8.673592,0.0,3.0,100.0,10.703569,70.346085,0.0,0.0
2024-01-21 16:00:00+00:00,10.7,69.51613,7.603814,0.0,3.0,100.0,13.397612,83.829926,0.0,0.0
2024-01-21 17:00:00+00:00,10.15,70.3791,7.0363684,0.0,3.0,100.0,13.004921,85.23644,0.0,0.0
2024-01-21 18:00:00+00:00,9.9,69.59712,7.0545177,0.0,3.0,100.0,10.594036,80.21766,0.0,0.0
2024-01-21 19:00:00+00:00,9.6,68.089386,6.6628857,0.0,3.0,100.0,10.390226,75.96373,0.0,0.0
2024-01-21 20:00:00+00:00,9.35,65.68126,6.304248,0.0,3.0,100.0,10.137692,73.49557,0.0,0.0
2024-01-21 21:00:00+00:00,9.05,64.00674,5.8995028,0.0,3.0,100.0,10.028439,68.96242,0.0,0.0
2024-01-21 22:00:00+00:00,8.9,60.641384,5.736146,0.0,3.0,100.0,9.028754,66.50142,0.0,0.0
2024-01-21 23:00:00+00:00,8.85,59.5533,6.0053167,0.0,3.0,100.0,6.489992,70.559875,1.0,0.0
2024-01-22 00:00:00+00:00,8.85,60.19677,6.097124,0.0,3.0,100.0,6.0347,72.64589,1.0,21.900736
2024-01-22 01:00:00+00:00,9.2,64.49666,6.4016266,0.3,51.0,100.0,7.928178,87.3975,1.0,26.800568
2024-01-22 02:00:00+00:00,8.95,69.40478,6.241646,0.4,51.0,100.0,8.350138,82.56869,1.0,43.375656
2024-01-22 03:00:00+00:00,9.1,69.19156,6.4293823,0.2,51.0,100.0,8.225035,66.80139,1.0,89.02384
2024-01-22 04:00:00+00:00,8.85,72.37259,5.9786654,0.3,51.0,100.0,10.144082,62.525658,1.0,88.08551
2024-01-22 05:00:00+00:00,8.8,72.3632,5.86738,0.2,51.0,100.0,10.495713,59.03632,1.0,156.15971
2024-01-22 06:00:00+00:00,8.2,73.27503,5.3211336,0.2,51.0,100.0,9.585739,55.713078,1.0,79.71422
2024-01-22 07:00:00+00:00,8.05,72.733154,5.208212,0.2,51.0,100.0,9.0,53.13002,1.0,67.835495
2024-01-22 08:00:00+00:00,7.6,73.9445,4.762743,0.3,51.0,100.0,8.707237,60.255207,1.0,25.973532
2024-01-22 09:00:00+00:00,7.15,77.60958,4.5479174,0.4,51.0,100.0,7.42159,50.906155,1.0,8.714235
2024-01-22 10:00:00+00:00,6.45,86.43789,3.9819288,0.2,51.0,100.0,7.653705,48.814175,0.0,0.0
2024-01-22 11:00:00+00:00,5.75,87.282776,3.1321163,0.5,53.0,100.0,7.928177,39.47243,0.0,0.0
2024-01-22 12:00:00+00:00,5.15,87.53369,2.4660559,0.3,51.0,100.0,7.653705,48.814175,0.0,0.0
2024-01-22 13:00:00+00:00,4.85,89.38128,2.4211035,0.7,53.0,100.0,5.904439,37.568665,0.0,0.0
2024-01-22 14:00:00+00:00,4.35,89.34056,1.7250643,0.7,53.0,100.0,6.6087217,29.357658,0.0,0.0
2024-01-22 15:00:00+00:00,3.8,89.295494,1.1211185,0.7,53.0,100.0,6.297428,30.963696,0.0,0.0
2024-01-22 16:00:00+00:00,2.95,91.16347,0.23240376,1.0,55.0,100.0,5.904439,52.431335,0.0,0.0
2024-01-22 17:00:00+00:00,3.0,89.22945,0.3869295,0.7,53.0,100.0,4.8965297,36.027473,0.0,0.0
2024-01-22 18:00:00+00:00,2.85,92.14032,0.3441968,0.7,53.0,100.0,4.510787,61.389645,0.0,0.0
2024-01-22 19:00:00+00:00,2.7,94.46577,0.06985092,0.8,53.0,100.0,5.6002855,44.999897,0.0,0.0
2024-01-22 20:00:00+00:00,2.65,93.456276,-0.14448404,0.5,53.0,100.0,6.489992,56.3099,0.0,0.0
2024-01-22 21:00:00+00:00,3.0,89.5498,0.29273796,0.2,51.0,100.0,5.6002855,44.999897,0.0,0.0
2024-01-22 22:00:00+00:00,3.05,88.59617,0.32084894,0.1,51.0,100.0,5.634891,63.435013,0.0,0.0
2024-01-22 23:00:00+00:00,3.1,82.44676,0.14523697,0.1,51.0,98.0,6.12,61.92762,1.0,0.0
2024-01-23 00:00:00+00:00,3.4,78.98488,0.36198902,0.0,3.0,98.0,6.3690495,47.290634,1.0,67.31879
2024-01-23 01:00:00+00:00,4.35,77.71781,1.5948758,0.0,3.0,100.0,5.1919937,33.6901,1.0,132.65955
2024-01-23 02:00:00+00:00,5.3,72.736786,2.3060727,0.0,3.0,100.0,6.830519,18.435053,1.0,212.28627
2024-01-23 03:00:00+00:00,5.9,70.786674,2.7059374,0.4,51.0,100.0,8.427383,340.0168,1.0,211.30302
2024-01-23 04:00:00+00:00,6.55,68.66447,3.3024426,0.2,51.0,100.0,9.021574,331.38962,1.0,227.41283
2024-01-23 05:00:00+00:00,7.7,61.666878,4.6316566,0.3,51.0,100.0,7.342588,348.6901,1.0,315.3426
2024-01-23 06:00:00+00:00,8.3,56.282784,5.8128195,0.1,51.0,100.0,2.5959969,56.309914,1.0,226.10962
2024-01-23 07:00:00+00:00,9.95,48.389927,6.767042,0.0,3.0,100.0,6.792466,122.00535,1.0,269.79962
2024-01-23 08:00:00+00:00,7.6,51.19026,2.3176646,0.0,3.0,89.0,19.813087,114.70241,1.0,171.13873
2024-01-23 09:00:00+00:00,5.75,52.99038,1.295537,0.0,1.0,31.0,13.009903,104.420815,1.0,74.87018
2024-01-23 10:00:00+00:00,4.15,62.395176,0.89535475,0.0,0.0,16.0,5.3999996,90.0,0.0,0.0
2024-01-23 11:00:00+00:00,3.1,66.44063,-0.3968463,0.0,0.0,10.0,6.9247384,62.10283,0.0,0.0
2024-01-23 12:00:00+00:00,3.15,64.03197,-0.3132534,0.0,0.0,9.0,6.297428,30.963696,0.0,0.0
2024-01-23 13:00:00+00:00,5.4,60.65975,2.077568,0.0,3.0,100.0,6.6087217,29.357658,0.0,0.0
2024-01-23 14:00:00+00:00,5.2,60.83361,1.9515405,0.0,3.0,100.0,5.95906,25.016869,0.0,0.0
2024-01-23 15:00:00+00:00,4.85,64.192566,1.7838383,0.0,3.0,100.0,5.0911684,8.130019,0.0,0.0
2024-01-23 16:00:00+00:00,4.15,67.65949,1.183886,0.0,2.0,69.0,4.452954,345.9637,0.0,0.0
2024-01-23 17:00:00+00:00,2.0,79.05935,-1.2071345,0.0,0.0,10.0,6.151683,339.44388,0.0,0.0
2024-01-23 18:00:00+00:00,1.1,84.01348,-2.1564555,0.0,0.0,7.0,6.439876,333.43503,0.0,0.0
2024-01-23 19:00:00+00:00,0.55,85.81974,-2.7791235,0.0,0.0,8.0,6.696387,323.74606,0.0,0.0
2024-01-23 20:00:00+00:00,0.15,87.6915,-3.2250493,0.0,0.0,5.0,6.9153743,321.34018,0.0,0.0
2024-01-23 21:00:00+00:00,-0.35,89.27458,-3.7931132,0.0,0.0,3.0,7.145796,319.0857,0.0,0.0
2024-01-23 22:00:00+00:00,-0.7,90.57259,-4.1986504,0.0,0.0,0.0,7.386582,313.0251,0.0,0.0
2024-01-23 23:00:00+00:00,-1.05,91.89498,-4.5841208,0.0,0.0,0.0,7.491114,305.21768,1.0,0.0
2024-01-24 00:00:00+00:00,2.25,77.37918,-1.0135157,0.0,0.0,0.0,6.489992,303.6901,1.0,148.69275
2024-01-24 01:00:00+00:00,3.9,63.49948,0.72650385,0.0,0.0,0.0,4.8433046,311.98712,1.0,349.31143
2024-01-24 02:00:00+00:00,6.0,53.256508,2.9969754,0.0,0.0,0.0,3.319036,347.4712,1.0,536.34314
2024-01-24 03:00:00+00:00,7.7,44.320805,4.963278,0.0,0.0,0.0,3.8773184,68.19853,1.0,666.0944
2024-01-24 04:00:00+00:00,9.05,36.40336,6.286559,0.0,0.0,0.0,6.4799995,90.0,1.0,725.34827
2024-01-24 05:00:00+00:00,10.05,32.897934,7.2896557,0.0,0.0,0.0,6.725354,105.52418,1.0,710.4243
2024-01-24 06:00:00+00:00,10.45,33.774628,6.94051,0.0,0.0,2.0,9.659814,116.56499,1.0,623.2342
2024-01-24 07:00:00+00:00,9.95,37.93135,5.409816,0.0,2.0,53.0,13.049689,114.44395,1.0,477.38098
2024-01-24 08:00:00+00:00,8.6,44.917202,4.145191,0.0,3.0,100.0,13.363711,117.25525,1.0,244.17598
2024-01-24 09:00:00+00:00,7.3,49.25079,2.987132,0.0,3.0,100.0,12.43434,112.109505,1.0,42.830894
2024-01-24 10:00:00+00:00,6.85,51.35956,3.0418444,0.0,1.0,48.0,9.107359,108.43504,0.0,0.0
2024-01-24 11:00:00+00:00,5.85,58.36727,2.8388467,0.0,0.0,16.0,4.379589,99.46225,0.0,0.0
2024-01-24 12:00:00+00:00,4.3,67.9401,1.163662,0.0,1.0,26.0,5.815978,68.19853,0.0,0.0
2024-01-24 13:00:00+00:00,4.3,72.02242,1.3725395,0.0,1.0,38.0,5.1919937,56.309914,0.0,0.0
2024-01-24 14:00:00+00:00,4.55,69.75148,1.7374501,0.0,1.0,38.0,4.198285,30.963696,0.0,0.0
2024-01-24 15:00:00+00:00,4.15,71.993454,1.2527509,0.0,0.0,16.0,4.829907,26.564985,0.0,0.0
2024-01-24 16:00:00+00:00,5.55,65.77617,2.9725065,0.0,0.0,4.0,2.7416782,23.198618,0.0,0.0
2024-01-24 17:00:00+00:00,5.15,73.764206,2.6762686,0.0,0.0,1.0,3.319036,12.528798,0.0,0.0
2024-01-24 18:00:00+00:00,4.75,82.36516,2.4704065,0.0,1.0,25.0,3.319036,347.4712,0.0,0.0
2024-01-24 19:00:00+00:00,2.6,95.47868,0.04356146,0.0,3.0,100.0,5.154415,335.22488,0.0,0.0
2024-01-24 20:00:00+00:00,4.15,90.92269,2.0027046,0.0,3.0,100.0,3.396233,302.00534,0.0,0.0
2024-01-24 21:00:00+00:00,4.6,85.333496,2.420895,0.0,3.0,100.0,3.0547013,315.0001,0.0,0.0
2024-01-24 22:00:00+00:00,4.9,80.06597,2.5205069,0.0,3.0,100.0,3.7064266,330.9455,0.0,0.0
2024-01-24 23:00:00+00:00,5.2,77.297615,2.8287625,0.0,3.0,100.0,3.4152596,341.56494,1.0,0.0
2024-01-25 00:00:00+00:00,6.35,65.95505,3.847602,0.0,3.0,96.0,3.0758414,20.556128,1.0,25.295156
2024-01-25 01:00:00+00:00,7.75,57.376328,4.708844,0.0,2.0,59.0,6.1305785,40.236294,1.0,327.43704
2024-01-25 02:00:00+00:00,8.9,51.739296,6.0155897,0.0,3.0,95.0,4.6938257,57.528828,1.0,459.80658
2024-01-25 03:00:00+00:00,9.5,49.51029,6.7057047,0.0,3.0,100.0,4.0249224,63.435013,1.0,381.8501
2024-01-25 04:00:00+00:00,9.6,49.178993,6.7604914,0.0,1.0,23.0,4.3349743,85.23644,1.0,229.51346
2024-01-25 05:00:00+00:00,11.25,45.852306,8.832451,0.0,0.0,6.0,5.0528407,94.08554,1.0,609.3535
2024-01-25 06:00:00+00:00,11.95,44.41929,9.410522,0.0,0.0,8.0,6.28713,113.62939,1.0,587.807
2024-01-25 07:00:00+00:00,12.1,44.462704,8.923053,0.0,0.0,7.0,7.5942082,121.42952,1.0,459.2125
2024-01-25 08:00:00+00:00,11.45,46.410805,7.73705,0.0,0.0,3.0,11.269782,116.56499,1.0,277.11057
2024-01-25 09:00:00+00:00,9.65,53.08439,5.7193832,0.0,0.0,0.0,12.979984,109.440125,1.0,92.139275
2024-01-25 10:00:00+00:00,7.6,63.67184,4.865409,0.0,0.0,1.0,5.4477882,97.59455,0.0,0.0
2024-01-25 11:00:00+00:00,6.95,67.28576,4.283144,0.0,0.0,0.0,5.1544156,102.09474,0.0,0.0
2024-01-25 12:00:00+00:00,7.05,66.11053,4.477646,0.0,0.0,2.0,4.3349743,85.23644,0.0,0.0
2024-01-25 13:00:00+00:00,7.05,67.79139,4.7230797,0.0,1.0,27.0,3.0547013,44.999897,0.0,0.0
2024-01-25 14:00:00+00:00,6.7,72.73895,4.531275,0.0,0.0,9.0,2.7416782,66.801384,0.0,0.0
2024-01-25 15:00:00+00:00,6.35,78.310646,4.2843084,0.0,0.0,6.0,2.9024127,60.255207,0.0,0.0
2024-01-25 16:00:00+00:00,5.9,85.17487,4.0207863,0.0,0.0,2.0,2.5959969,33.6901,0.0,0.0
2024-01-25 17:00:00+00:00,5.55,92.303795,3.6599936,0.0,0.0,11.0,3.7585104,343.3007,0.0,0.0
2024-01-25 18:00:00+00:00,5.15,96.91361,3.4984112,0.0,0.0,6.0,2.5455842,351.87,0.0,0.0
2024-01-25 19:00:00+00:00,4.85,99.65199,3.355585,0.0,1.0,26.0,1.609969,333.43503,0.0,0.0
2024-01-25 20:00:00+00:00,4.6,100.0,2.8888302,0.0,2.0,77.0,2.8116899,309.8055,0.0,0.0
2024-01-25 21:00:00+00:00,4.45,100.0,2.5983586,0.0,3.0,99.0,3.563818,315.0001,0.0,0.0
2024-01-25 22:00:00+00:00,2.3,100.0,-0.22353697,0.0,3.0,98.0,5.3517847,317.72638,0.0,0.0
2024-01-25 23:00:00+00:00,2.15,100.0,-0.5106969,0.0,3.0,98.0,6.1094027,315.0001,1.0,0.0
2024-01-26 00:00:00+00:00,5.25,93.26124,3.2368336,0.0,1.0,39.0,4.39436,304.9921,1.0,131.38943
2024-01-26 01:00:00+00:00,7.45,75.5002,5.793689,0.0,1.0,32.0,0.8049845,26.564985,1.0,294.11404
2024-01-26 02:00:00+00:00,9.15,58.991245,6.9621973,0.0,0.0,4.0,2.16,90.0,1.0,487.09396
2024-01-26 03:00:00+00:00,10.65,52.032127,8.440784,0.0,0.0,4.0,3.0758414,110.55613,1.0,617.81384
2024-01-26 04:00:00+00:00,11.9,47.555046,10.0259695,0.0,0.0,2.0,4.6938257,122.471176,1.0,685.53345
2024-01-26 05:00:00+00:00,12.85,45.001358,10.640655,0.0,0.0,4.0,7.9932966,125.837746,1.0,686.16284
2024-01-26 06:00:00+00:00,13.2,44.300915,10.460173,0.0,0.0,6.0,9.085988,123.6901,1.0,596.4952
2024-01-26 07:00:00+00:00,12.85,45.001358,9.344989,0.0,0.0,10.0,10.787993,115.70991,1.0,448.96198
2024-01-26 08:00:00+00:00,11.75,47.512516,7.9009027,0.0,0.0,5.0,12.864649,107.92801,1.0,272.877
2024-01-26 09:00:00+00:00,10.45,51.234493,6.83525,0.0,0.0,7.0,11.090103,103.13403,1.0,93.02903
2024-01-26 10:00:00+00:00,8.85,59.340168,6.1437016,0.0,0.0,7.0,5.4833565,113.19862,0.0,0.0
2024-01-26 11:00:00+00:00,7.3,70.30831,4.727146,0.0,0.0,7.0,5.634891,116.56499,0.0,0.0
2024-01-26 12:00:00+00:00,8.7,57.620842,6.302685,0.0,0.0,9.0,2.7416782,66.801384,0.0,0.0
2024-01-26 13:00:00+00:00,6.85,72.508484,4.5189724,0.0,0.0,19.0,3.9763298,84.805664,0.0,0.0
2024-01-26 14:00:00+00:00,7.75,63.706676,5.4116316,0.0,0.0,10.0,2.9024127,60.255207,0.0,0.0
2024-01-26 15:00:00+00:00,6.35,74.51115,4.0131874,0.0,0.0,19.0,3.8939953,33.6901,0.0,0.0
2024-01-26 16:00:00+00:00,7.35,71.325485,5.3243885,0.0,1.0,48.0,2.1897945,9.462248,0.0,0.0
2024-01-26 17:00:00+00:00,7.4,73.38738,5.5534906,0.0,1.0,36.0,1.5273507,44.999897,0.0,0.0
2024-01-26 18:00:00+00:00,7.45,71.59856,5.4034805,0.0,2.0,57.0,2.52,360.0,0.0,0.0
2024-01-26 19:00:00+00:00,7.35,73.11881,5.3555107,0.0,3.0,100.0,2.4149535,26.564985,0.0,0.0
2024-01-26 20:00:00+00:00,6.75,81.756,4.875001,0.0,3.0,100.0,2.9024127,330.25522,0.0,0.0
2024-01-26 21:00:00+00:00,7.15,83.25271,5.461252,0.0,3.0,100.0,2.52,360.0,0.0,0.0
2024-01-26 22:00:00+00:00,7.35,77.64124,5.553978,0.0,3.0,100.0,2.16,360.0,0.0,0.0
2024-01-26 23:00:00+00:00,7.45,81.8485,5.807,0.0,3.0,100.0,2.2768397,71.564964,1.0,0.0
2024-01-27 00:00:00+00:00,8.2,69.74373,6.2143755,0.0,3.0,100.0,2.5455842,44.999897,1.0,46.60602
2024-01-27 01:00:00+00:00,9.0,61.75816,6.6555767,0.0,3.0,100.0,3.8268526,41.185837,1.0,150.13162
2024-01-27 02:00:00+00:00,9.4,56.97706,7.0124874,0.0,3.0,100.0,3.2399998,90.0,1.0,145.98207
2024-01-27 03:00:00+00:00,10.05,54.157192,7.5933027,0.0,3.0,100.0,3.6,90.0,1.0,215.58421
2024-01-27 04:00:00+00:00,10.2,54.391914,7.46181,0.0,3.0,100.0,5.7599998,90.0,1.0,169.09235
2024-01-27 05:00:00+00:00,10.85,54.176723,8.191541,0.0,3.0,100.0,5.8603754,100.619606,1.0,286.1243
2024-01-27 06:00:00+00:00,11.45,54.14353,8.845219,0.0,3.0,98.0,6.162207,96.70974,1.0,321.3865
2024-01-27 07:00:00+00:00,11.95,54.46854,9.325636,0.0,1.0,34.0,6.9899354,101.88863,1.0,353.78134
2024-01-27 08:00:00+00:00,11.85,55.60922,9.336203,0.0,2.0,67.0,6.489992,93.17977,1.0,249.54225
2024-01-27 09:00:00+00:00,11.1,60.32005,8.467723,0.0,1.0,32.0,7.8954163,114.22774,1.0,75.0002
2024-01-27 10:00:00+00:00,8.55,76.48441,6.353447,0.0,1.0,35.0,6.2145634,100.00792,0.0,0.0
2024-01-27 11:00:00+00:00,8.3,76.44329,6.2215805,0.0,1.0,25.0,5.0528407,85.91447,0.0,0.0
2024-01-27 12:00:00+00:00,9.05,70.90369,7.1684723,0.0,2.0,59.0,3.219938,63.435013,0.0,0.0
2024-01-27 13:00:00+00:00,8.2,76.96362,6.5264063,0.0,1.0,45.0,2.2768397,71.564964,0.0,0.0
2024-01-27 14:00:00+00:00,7.8,79.08482,6.0585823,0.0,1.0,47.0,2.7416782,66.801384,0.0,0.0
2024-01-27 15:00:00+00:00,7.85,78.26642,6.2533426,0.0,2.0,55.0,1.609969,63.435013,0.0,0.0
2024-01-27 16:00:00+00:00,7.8,79.91863,6.157036,0.0,3.0,100.0,2.2768397,18.435053,0.0,0.0
2024-01-27 17:00:00+00:00,6.95,88.62152,5.2911577,0.0,3.0,100.0,3.319036,347.4712,0.0,0.0
2024-01-27 18:00:00+00:00,7.2,86.21317,5.544739,0.0,3.0,99.0,3.0758414,339.44388,0.0,0.0
2024-01-27 19:00:00+00:00,7.7,83.90164,6.182561,0.0,3.0,82.0,2.2768397,341.56494,0.0,0.0
2024-01-27 20:00:00+00:00,7.0,89.865036,5.4065447,0.0,3.0,100.0,3.2399998,360.0,0.0,0.0
2024-01-27 21:00:00+00:00,7.1,91.12634,5.738656,0.0,3.0,100.0,2.0991426,30.963696,0.0,0.0
2024-01-27 22:00:00+00:00,7.2,91.13312,5.8608456,0.0,3.0,85.0,2.0991426,59.03632,0.0,0.0
2024-01-27 23:00:00+00:00,7.6,88.98426,6.420658,0.0,1.0,42.0,1.08,90.0,1.0,0.0
2024-01-28 00:00:00+00:00,8.05,88.106094,6.860977,0.0,3.0,93.0,1.609969,116.56499,1.0,94.59816
2024-01-28 01:00:00+00:00,9.5,71.23995,7.789356,0.0,3.0,99.0,2.7416782,113.19862,1.0,175.44202
2024-01-28 02:00:00+00:00,10.35,64.98424,8.358201,0.0,3.0,100.0,3.9763298,84.805664,1.0,261.10724
2024-01-28 03:00:00+00:00,11.15,59.909214,8.712953,0.0,2.0,61.0,6.489992,93.17977,1.0,243.45929
2024-01-28 04:00:00+00:00,13.0,51.384434,10.624695,0.0,3.0,88.0,8.647496,92.385895,1.0,643.62427
2024-01-28 05:00:00+00:00,13.7,46.552193,10.799857,0.0,1.0,40.0,11.013882,101.3099,1.0,613.6661
2024-01-28 06:00:00+00:00,14.15,44.415737,10.95302,0.0,1.0,36.0,11.367109,100.95402,1.0,553.70734
2024-01-28 07:00:00+00:00,13.8,45.435345,10.175723,0.0,3.0,97.0,12.783802,99.72751,1.0,465.56686
2024-01-28 08:00:00+00:00,11.95,50.37365,8.253238,0.0,3.0,98.0,12.979984,109.440125,1.0,121.812836
2024-01-28 09:00:00+00:00,10.55,54.680054,6.959996,0.0,2.0,65.0,12.0694,107.35411,1.0,28.881613
2024-01-28 10:00:00+00:00,9.4,55.963123,6.5447807,0.0,3.0,88.0,6.162207,96.70974,0.0,0.0
2024-01-28 11:00:00+00:00,8.1,64.70632,5.4636726,0.0,3.0,100.0,5.5887027,75.068535,0.0,0.0
2024-01-28 12:00:00+00:00,8.65,63.010033,6.31435,0.0,3.0,100.0,3.7064266,29.054508,0.0,0.0
2024-01-28 13:00:00+00:00,9.25,68.73744,7.5059385,0.0,3.0,100.0,1.9386592,21.801476,0.0,0.0
2024-01-28 14:00:00+00:00,9.25,52.59335,6.7136984,0.0,3.0,100.0,2.8799999,360.0,0.0,0.0
2024-01-28 15:00:00+00:00,9.3,52.037956,6.4777527,0.0,3.0,93.0,4.73506,351.2539,0.0,0.0
2024-01-28 16:00:00+00:00,8.9,55.630787,6.267334,0.0,1.0,31.0,4.0249224,349.69522,0.0,0.0
2024-01-28 17:00:00+00:00,6.6,69.169426,3.776309,0.0,1.0,35.0,6.28713,346.75946,0.0,0.0
2024-01-28 18:00:00+00:00,6.6,68.921776,3.8157625,0.0,0.0,12.0,5.95906,334.98312,0.0,0.0
2024-01-28 19:00:00+00:00,5.95,75.781006,3.215469,0.0,0.0,14.0,6.439876,333.43503,0.0,0.0
2024-01-28 20:00:00+00:00,5.4,81.57567,2.7071018,0.0,0.0,19.0,6.763786,334.79892,0.0,0.0
2024-01-28 21:00:00+00:00,5.5,81.87918,2.9517093,0.0,1.0,27.0,5.95906,334.98312,0.0,0.0
2024-01-28 22:00:00+00:00,4.9,83.863754,2.1123462,0.0,3.0,85.0,7.289444,339.77505,0.0,0.0
2024-01-28 23:00:00+00:00,5.65,79.32349,3.094791,0.0,3.0,92.0,5.634891,333.43503,1.0,16.439514
2024-01-29 00:00:00+00:00,7.85,71.42247,5.5673637,0.0,2.0,71.0,4.5820518,315.0001,1.0,131.4898
2024-01-29 01:00:00+00:00,10.35,56.21093,8.155094,0.0,3.0,100.0,2.7416782,336.8014,1.0,237.5412
2024-01-29 02:00:00+00:00,11.9,55.230835,9.618837,0.0,3.0,96.0,4.829907,333.43503,1.0,262.1776
2024-01-29 03:00:00+00:00,13.55,55.66017,11.558783,0.0,3.0,100.0,5.0911684,351.87,1.0,430.04913
2024-01-29 04:00:00+00:00,14.75,55.7763,13.11821,0.0,3.0,100.0,4.3349743,41.63345,1.0,487.8741
2024-01-29 05:00:00+00:00,15.65,55.243477,14.128283,0.0,3.0,100.0,4.68,90.0,1.0,473.12274
2024-01-29 06:00:00+00:00,16.55,54.35031,15.369705,0.0,3.0,97.0,3.319036,77.4712,1.0,428.83328
2024-01-29 07:00:00+00:00,16.55,54.910072,14.926561,0.0,3.0,100.0,6.6087217,119.357666,1.0,258.63837
2024-01-29 08:00:00+00:00,15.35,61.129677,13.834343,0.1,51.0,86.0,6.638072,139.39879,1.0,86.93526
2024-01-29 09:00:00+00:00,14.2,68.56809,12.787094,0.1,51.0,100.0,6.989936,145.49142,1.0,51.85025
2024-01-29 10:00:00+00:00,13.3,74.688736,12.247862,0.0,2.0,78.0,5.2416787,164.05453,0.0,0.0
2024-01-29 11:00:00+00:00,11.95,83.54519,11.118279,0.0,3.0,100.0,4.379589,170.53775,0.0,0.0
2024-01-29 12:00:00+00:00,12.2,83.57477,11.60031,0.0,3.0,100.0,3.2599385,173.6599,0.0,0.0
2024-01-29 13:00:00+00:00,11.35,88.99066,11.179313,0.0,3.0,100.0,0.5091169,135.0001,0.0,0.0
2024-01-29 14:00:00+00:00,11.25,89.581894,11.079314,0.0,3.0,100.0,0.5091169,135.0001,0.0,0.0
2024-01-29 15:00:00+00:00,11.1,89.87159,10.858379,0.0,3.0,100.0,0.8049845,116.56499,0.0,0.0
2024-01-29 16:00:00+00:00,11.25,87.20535,10.969125,0.0,3.0,100.0,0.5091169,44.999897,0.0,0.0
2024-01-29 17:00:00+00:00,11.1,89.87159,10.765773,0.0,3.0,100.0,1.4399999,180.0,0.0,0.0
2024-01-29 18:00:00+00:00,11.15,91.70179,10.913772,0.0,3.0,81.0,1.4399999,180.0,0.0,0.0
2024-01-29 19:00:00+00:00,10.5,94.475296,9.933506,0.0,3.0,81.0,3.319036,220.60121,0.0,0.0
2024-01-29 20:00:00+00:00,10.7,94.48379,10.411281,0.0,3.0,97.0,1.8,216.86998,0.0,0.0
2024-01-29 21:00:00+00:00,10.95,96.406204,10.762581,0.0,3.0,100.0,2.1897945,170.53775,0.0,0.0
2024-01-29 22:00:00+00:00,11.05,96.408966,10.762673,0.1,51.0,98.0,3.0758414,159.44388,0.0,0.0
2024-01-29 23:00:00+00:00,11.35,91.40809,11.149927,0.1,51.0,64.0,1.484318,194.03627,1.0,0.0
2024-01-30 00:00:00+00:00,11.8,89.32554,11.634994,0.0,3.0,100.0,1.4399999,270.0,1.0,97.27318
2024-01-30 01:00:00+00:00,12.1,87.87057,11.736083,0.0,1.0,31.0,2.9024127,150.2552,1.0,107.879295
2024-01-30 02:00:00+00:00,13.9,81.57891,13.960638,0.0,1.0,35.0,1.2979984,236.3099,1.0,374.9189
2024-01-30 03:00:00+00:00,16.0,75.893936,16.273989,0.0,3.0,90.0,1.835647,348.6901,1.0,527.60114
2024-01-30 04:00:00+00:00,18.15,68.67809,18.49643,0.0,3.0,100.0,2.5455842,8.130019,1.0,520.69995
2024-01-30 05:00:00+00:00,19.6,66.757774,20.350231,0.0,3.0,100.0,4.3349743,85.23644,1.0,594.21326
2024-01-30 06:00:00+00:00,19.1,68.1964,18.599552,0.0,2.0,60.0,10.182337,98.13002,1.0,422.3992
2024-01-30 07:00:00+00:00,19.35,68.91667,19.410898,0.0,1.0,31.0,7.2805495,81.46932,1.0,421.91284
2024-01-30 08:00:00+00:00,19.65,68.52933,20.317837,0.0,0.0,7.0,3.6,53.13002,1.0,246.07538
2024-01-30 09:00:00+00:00,19.05,72.53471,19.926893,0.0,0.0,17.0,2.9024127,97.12492,1.0,95.74323
2024-01-30 10:00:00+00:00,15.65,87.04241,15.89402,0.0,0.0,6.0,6.0347,107.35411,0.0,0.0
2024-01-30 11:00:00+00:00,14.05,90.684456,13.9852085,0.0,0.0,14.0,5.937272,104.03627,0.0,0.0
2024-01-30 12:00:00+00:00,13.25,90.62885,12.997793,0.0,0.0,5.0,5.4477882,97.59455,0.0,0.0
2024-01-30 13:00:00+00:00,13.3,90.93169,13.52179,0.0,0.0,1.0,2.4149535,116.56499,0.0,0.0
2024-01-30 14:00:00+00:00,11.7,96.42696,11.488088,0.0,0.0,4.0,3.8939953,146.3099,0.0,0.0
2024-01-30 15:00:00+00:00,12.1,96.75711,12.5426655,0.0,0.0,2.0,0.35999998,90.0,0.0,0.0
2024-01-30 16:00:00+00:00,11.75,98.68796,11.923412,0.0,3.0,100.0,2.0991426,149.03632,0.0,0.0
2024-01-30 17:00:00+00:00,11.25,99.66925,11.516273,0.0,3.0,100.0,0.71999997,90.0,0.0,0.0
2024-01-30 18:00:00+00:00,10.9,99.66835,10.859057,0.0,3.0,100.0,2.0991426,329.03632,0.0,0.0
2024-01-30 19:00:00+00:00,11.1,98.354004,11.207679,0.0,3.0,100.0,1.08,270.0,0.0,0.0
2024-01-30 20:00:00+00:00,11.25,96.09425,11.2894945,0.0,3.0,100.0,1.1384199,161.56496,0.0,0.0
2024-01-30 21:00:00+00:00,11.3,96.41592,11.318792,0.0,3.0,100.0,1.484318,165.96373,0.0,0.0
2024-01-30 22:00:00+00:00,11.35,97.70678,11.494356,0.0,3.0,100.0,1.1384199,161.56496,0.0,0.0
2024-01-30 23:00:00+00:00,11.45,98.68489,11.5741,0.0,3.0,100.0,1.8,233.13002,1.0,0.0
2024-01-31 00:00:00+00:00,12.0,98.36551,12.332401,0.0,3.0,100.0,1.4399999,270.0,1.0,61.60196
2024-01-31 01:00:00+00:00,13.25,98.70318,13.773739,0.0,3.0,100.0,3.0547013,315.0001,1.0,120.460205
2024-01-31 02:00:00+00:00,15.0,91.045586,15.975754,0.0,3.0,100.0,1.1384199,198.43504,1.0,227.84312
2024-01-31 03:00:00+00:00,16.7,86.30005,17.980747,0.0,3.0,96.0,1.1384199,71.564964,1.0,360.28018
2024-01-31 04:00:00+00:00,19.55,76.95502,21.132502,0.0,2.0,50.0,2.968636,104.03627,1.0,593.49963
2024-01-31 05:00:00+00:00,20.65,73.75768,21.314495,0.0,3.0,100.0,9.028754,66.50142,1.0,484.1083
2024-01-31 06:00:00+00:00,21.0,74.0534,21.777119,0.0,1.0,20.0,9.360001,67.3801,1.0,368.9017
2024-01-31 07:00:00+00:00,22.6,68.454575,23.7819,0.0,1.0,22.0,7.42159,39.09386,1.0,418.65375
2024-01-31 08:00:00+00:00,23.45,66.27359,25.087164,0.0,0.0,19.0,5.154415,65.22488,1.0,238.48514
2024-01-31 09:00:00+00:00,22.25,71.95288,23.704382,0.0,1.0,35.0,6.849467,93.012726,1.0,92.94671
2024-01-31 10:00:00+00:00,19.35,81.22615,20.53823,0.0,0.0,16.0,6.130579,86.63361,0.0,0.0
2024-01-31 11:00:00+00:00,16.75,91.16065,17.55595,0.0,0.0,7.0,6.725354,74.47583,0.0,0.0
2024-01-31 12:00:00+00:00,16.45,90.26533,17.275438,0.0,0.0,2.0,5.4119864,93.814,0.0,0.0
2024-01-31 13:00:00+00:00,15.6,96.22219,16.6078,0.0,0.0,10.0,4.5536795,108.43504,0.0,0.0
2024-01-31 14:00:00+00:00,14.95,96.514915,15.849207,0.0,2.0,76.0,3.7585104,106.699326,0.0,0.0
2024-01-31 15:00:00+00:00,15.05,97.142715,16.101791,0.0,3.0,98.0,3.219938,63.435013,0.0,0.0
2024-01-31 16:00:00+00:00,15.15,97.45854,16.44472,0.0,3.0,100.0,1.9386592,21.801476,0.0,0.0
2024-01-31 17:00:00+00:00,14.8,99.35749,16.210289,0.0,3.0,100.0,1.0182338,135.0001,0.0,0.0
2024-01-31 18:00:00+00:00,14.85,99.35773,16.270023,0.0,3.0,100.0,1.08,270.0,0.0,0.0
2024-01-31 19:00:00+00:00,14.9,99.358,16.307028,0.0,3.0,100.0,1.2979984,123.690094,0.0,0.0
2024-01-31 20:00:00+00:00,14.75,99.35724,16.067354,0.0,3.0,100.0,1.5273507,135.0001,0.0,0.0
2024-01-31 21:00:00+00:00,14.5,99.35597,15.730974,0.0,3.0,100.0,1.484318,165.96373,0.0,0.0
2024-01-31 22:00:00+00:00,14.8,99.35749,16.16949,0.0,3.0,100.0,1.2979984,146.3099,0.0,0.0
2024-01-31 23:00:00+00:00,15.0,97.77051,16.257305,0.0,3.0,100.0,1.9386592,338.19852,1.0,0.0
2024-02-01 00:00:00+00:00,15.75,95.30292,17.050598,0.0,3.0,100.0,2.5455842,8.130019,1.0,75.304535
2024-02-01 01:00:00+00:00,17.85,91.23187,19.443716,0.0,1.0,49.0,4.3349743,4.763556,1.0,239.42177
2024-02-01 02:00:00+00:00,20.35,82.39116,22.533333,0.0,2.0,51.0,2.7416782,66.801384,1.0,439.58948
2024-02-01 03:00:00+00:00,22.85,73.89934,25.128271,0.0,3.0,92.0,5.315336,61.69934,1.0,617.55804
2024-02-01 04:00:00+00:00,23.95,70.248276,25.771807,0.0,2.0,58.0,8.0899935,57.724377,1.0,516.63696
2024-02-01 05:00:00+00:00,25.0,67.01142,27.251463,0.0,3.0,80.0,6.763786,64.79892,1.0,560.9437
2024-02-01 06:00:00+00:00,24.95,64.72646,26.72983,0.0,3.0,100.0,7.289444,69.775055,1.0,341.72214
2024-02-01 07:00:00+00:00,24.6,65.678856,26.90341,0.0,3.0,93.0,3.396233,32.005356,1.0,111.83348
2024-02-01 08:00:00+00:00,23.6,71.743385,26.223341,0.2,51.0,93.0,2.5959969,33.6901,1.0,132.26212
2024-02-01 09:00:00+00:00,23.05,77.00536,26.015097,0.0,3.0,92.0,2.16,90.0,1.0,83.5088
2024-02-01 10:00:00+00:00,21.0,86.71363,23.570843,0.0,3.0,97.0,4.5536795,71.564964,0.0,0.0
2024-02-01 11:00:00+00:00,20.65,88.87851,23.41334,0.0,3.0,100.0,3.396233,122.00535,0.0,0.0
2024-02-01 12:00:00+00:00,19.8,91.93043,22.130346,0.0,3.0,97.0,5.4119864,86.186005,0.0,0.0
2024-02-01 13:00:00+00:00,19.1,93.93427,21.22001,0.0,3.0,98.0,5.7599998,90.0,0.0,0.0
2024-02-01 14:00:00+00:00,17.55,90.92204,18.148275,0.0,3.0,100.0,10.182337,98.13002,0.0,0.0
2024-02-01 15:00:00+00:00,16.05,90.528595,16.514555,0.3,51.0,100.0,6.989936,124.50858,0.0,0.0
2024-02-01 16:00:00+00:00,15.5,90.49009,15.773712,0.4,51.0,100.0,6.9247384,117.89718,0.0,0.0
2024-02-01 17:00:00+00:00,14.55,95.569786,14.943394,0.7,53.0,100.0,5.8603754,132.5104,0.0,0.0
2024-02-01 18:00:00+00:00,14.0,95.551186,14.120186,0.4,51.0,100.0,6.4096174,141.84273,0.0,0.0
2024-02-01 19:00:00+00:00,13.65,95.85203,13.741066,0.1,51.0,100.0,5.904439,142.43134,0.0,0.0
2024-02-01 20:00:00+00:00,13.4,93.3629,13.280674,0.1,51.0,100.0,5.8603754,137.4896,0.0,0.0
2024-02-01 21:00:00+00:00,12.85,93.64352,12.751701,0.1,51.0,100.0,4.6102495,141.34016,0.0,0.0
2024-02-01 22:00:00+00:00,12.65,91.49164,12.190823,0.0,3.0,100.0,5.904439,142.43134,0.0,0.0
2024-02-01 23:00:00+00:00,12.25,91.770294,11.7284975,0.0,3.0,100.0,5.6002855,135.0001,1.0,0.0
2024-02-02 00:00:00+00:00,12.1,90.54808,11.473952,0.0,3.0,100.0,5.6002855,135.0001,1.0,22.649368
2024-02-02 01:00:00+00:00,12.55,87.91069,11.910524,0.0,3.0,100.0,5.692099,124.69522,1.0,92.381836
2024-02-02 02:00:00+00:00,12.85,84.493454,12.104504,0.0,3.0,100.0,5.815978,111.801476,1.0,146.85696
2024-02-02 03:00:00+00:00,13.1,82.29564,12.279194,0.0,3.0,100.0,6.0347,107.35411,1.0,173.66718
2024-02-02 04:00:00+00:00,13.1,81.20228,12.143969,0.1,51.0,100.0,6.5693827,99.46225,1.0,145.563
2024-02-02 05:00:00+00:00,13.5,78.58434,12.459635,0.0,3.0,100.0,6.9527545,111.25058,1.0,187.00804
2024-02-02 06:00:00+00:00,13.8,75.785545,12.491276,0.0,3.0,100.0,8.311245,107.650215,1.0,198.69406
2024-02-02 07:00:00+00:00,13.6,74.74013,12.193691,0.0,3.0,100.0,8.225035,113.198616,1.0,124.33935
2024-02-02 08:00:00+00:00,13.35,73.69548,11.801218,0.0,3.0,100.0,8.373386,115.46331,1.0,89.116776
2024-02-02 09:00:00+00:00,13.1,72.41388,11.749315,0.0,3.0,100.0,6.12,118.072395,1.0,31.242092
2024-02-02 10:00:00+00:00,12.65,74.0725,11.305148,0.0,3.0,100.0,5.904439,127.568665,0.0,0.0
2024-02-02 11:00:00+00:00,12.25,75.784874,10.93677,0.0,3.0,100.0,5.6002855,135.0001,0.0,0.0
2024-02-02 12:00:00+00:00,11.9,78.3445,10.695746,0.0,3.0,100.0,5.1165614,140.71062,0.0,0.0
2024-02-02 13:00:00+00:00,11.8,79.668816,10.786705,0.0,3.0,100.0,4.072935,135.0001,0.0,0.0
2024-02-02 14:00:00+00:00,11.55,81.545166,10.598638,0.0,3.0,100.0,3.8268526,138.81418,0.0,0.0
2024-02-02 15:00:00+00:00,11.3,83.186035,10.435778,0.0,3.0,100.0,3.319036,139.39879,0.0,0.0
2024-02-02 16:00:00+00:00,11.25,83.7448,10.511687,0.0,3.0,100.0,2.5455842,135.0001,0.0,0.0
2024-02-02 17:00:00+00:00,11.2,84.59279,10.56228,0.0,3.0,100.0,2.0364676,135.0001,0.0,0.0
2024-02-02 18:00:00+00:00,11.2,84.59279,10.710772,0.0,3.0,100.0,1.0182338,135.0001,0.0,0.0
2024-02-02 19:00:00+00:00,11.15,85.16088,10.606035,0.0,3.0,100.0,1.484318,165.96373,0.0,0.0
2024-02-02 20:00:00+00:00,11.2,85.1663,10.603047,0.0,3.0,100.0,1.9386592,158.19853,0.0,0.0
2024-02-02 21:00:00+00:00,11.25,85.17169,10.581577,0.0,3.0,100.0,2.52,180.0,0.0,0.0
2024-02-02 22:00:00+00:00,11.3,84.89011,10.667038,0.0,3.0,100.0,2.2768397,161.56496,0.0,0.0
2024-02-02 23:00:00+00:00,11.35,84.89559,10.779704,0.0,3.0,100.0,1.9386592,158.19853,1.0,0.0
2024-02-03 00:00:00+00:00,11.75,83.521484,11.235,0.0,3.0,100.0,1.835647,168.69011,1.0,46.79065
2024-02-03 01:00:00+00:00,13.0,82.008316,12.858763,0.0,3.0,97.0,1.08,90.0,1.0,139.0581
2024-02-03 02:00:00+00:00,14.25,77.912926,14.1862335,0.0,3.0,100.0,1.4399999,90.0,1.0,258.32364
2024-02-03 03:00:00+00:00,15.25,75.26981,15.193502,0.0,3.0,98.0,2.3051248,141.34016,1.0,302.26834
2024-02-03 04:00:00+00:00,16.8,71.41595,16.958067,0.0,2.0,77.0,2.3051248,141.34016,1.0,444.8923
2024-02-03 05:00:00+00:00,18.3,67.58894,18.449661,0.0,3.0,100.0,3.671294,78.6901,1.0,500.0666
2024-02-03 06:00:00+00:00,18.6,70.13025,18.622635,0.0,1.0,21.0,6.4799995,90.0,1.0,368.30746
2024-02-03 07:00:00+00:00,19.7,69.66036,20.295479,0.0,0.0,18.0,4.829907,153.43501,1.0,439.01593
2024-02-03 08:00:00+00:00,19.85,69.6894,20.223183,0.0,2.0,79.0,6.725354,164.47583,1.0,299.1229
2024-02-03 09:00:00+00:00,18.25,73.102066,17.942848,0.0,2.0,78.0,9.449572,130.36446,1.0,104.06249
2024-02-03 10:00:00+00:00,15.55,78.10965,14.852764,0.0,3.0,99.0,8.4963045,126.384445,0.0,0.0
2024-02-03 11:00:00+00:00,13.75,83.478935,13.051643,0.0,2.0,55.0,6.9153743,128.65984,0.0,0.0
2024-02-03 12:00:00+00:00,12.65,89.98804,12.407562,0.0,2.0,57.0,3.8939953,146.3099,0.0,0.0
2024-02-03 13:00:00+00:00,12.65,93.32516,12.512928,0.0,3.0,93.0,4.3349743,138.36655,0.0,0.0
2024-02-03 14:00:00+00:00,13.0,90.611374,13.063986,0.0,3.0,100.0,2.7416782,156.80138,0.0,0.0
2024-02-03 15:00:00+00:00,13.3,88.26876,13.350494,0.0,3.0,100.0,2.6208394,164.05453,0.0,0.0
2024-02-03 16:00:00+00:00,13.45,87.69995,13.400135,0.0,3.0,100.0,3.4152596,161.56496,0.0,0.0
2024-02-03 17:00:00+00:00,13.4,86.82887,13.261414,0.0,3.0,100.0,3.6,143.13002,0.0,0.0
2024-02-03 18:00:00+00:00,13.3,84.82521,12.991936,0.0,3.0,100.0,3.8268526,138.81418,0.0,0.0
2024-02-03 19:00:00+00:00,13.05,83.95426,12.435616,0.0,3.0,100.0,5.1165614,140.71062,0.0,0.0
2024-02-03 20:00:00+00:00,12.7,84.19484,11.883856,0.0,3.0,100.0,5.904439,142.43134,0.0,0.0
2024-02-03 21:00:00+00:00,12.25,84.99397,11.354949,0.0,3.0,100.0,5.8603754,132.5104,0.0,0.0
2024-02-03 22:00:00+00:00,12.05,84.687485,11.182438,0.0,3.0,100.0,5.1919937,146.3099,0.0,0.0
2024-02-03 23:00:00+00:00,11.9,83.82089,10.845906,0.0,3.0,100.0,5.904439,142.43134,1.0,0.0
2024-02-04 00:00:00+00:00,11.9,82.69936,10.865189,0.0,3.0,100.0,5.3999996,126.86998,1.0,27.57466
2024-02-04 01:00:00+00:00,12.7,80.06581,11.833855,0.0,3.0,100.0,4.802999,102.99462,1.0,152.79303
2024-02-04 02:00:00+00:00,13.05,77.46793,11.926369,0.0,3.0,100.0,6.28713,103.24053,1.0,189.96623
2024-02-04 03:00:00+00:00,13.7,74.25581,12.52796,0.0,3.0,100.0,6.6185193,112.38018,1.0,241.13464
2024-02-04 04:00:00+00:00,14.15,73.342354,13.072504,0.0,3.0,100.0,6.439876,116.56499,1.0,222.44476
2024-02-04 05:00:00+00:00,15.25,70.41382,14.195341,0.0,3.0,100.0,7.145796,130.91429,1.0,298.30447
2024-02-04 06:00:00+00:00,15.65,69.78841,14.862265,0.0,3.0,100.0,5.8048253,119.74479,1.0,239.3284
2024-02-04 07:00:00+00:00,15.55,71.418724,15.066841,0.0,3.0,100.0,4.2136917,109.98319,1.0,136.05399
2024-02-04 08:00:00+00:00,15.5,72.851234,14.83116,0.1,51.0,100.0,5.991594,147.26479,1.0,69.256645
2024-02-04 09:00:00+00:00,14.75,79.820045,14.257511,1.0,55.0,100.0,6.1305785,139.76372,1.0,32.89227
2024-02-04 10:00:00+00:00,14.05,86.60516,14.35615,0.5,53.0,100.0,1.835647,168.69011,0.0,0.0
2024-02-04 11:00:00+00:00,13.7,91.25802,14.2614155,2.8,63.0,95.0,1.08,180.0,0.0,0.0
2024-02-04 12:00:00+00:00,13.6,92.7624,14.145376,0.3,51.0,60.0,1.5273507,135.0001,0.0,0.0
2024-02-04 13:00:00+00:00,13.0,93.035774,12.951246,0.0,2.0,59.0,4.379589,260.53775,0.0,0.0
2024-02-04 14:00:00+00:00,12.05,95.80087,11.7403755,0.0,1.0,37.0,5.0911684,261.87,0.0,0.0
2024-02-04 15:00:00+00:00,11.65,95.154,11.149711,0.0,0.0,7.0,5.3517847,289.6539,0.0,0.0
2024-02-04 16:00:00+00:00,11.25,94.19231,10.545574,0.0,0.0,3.0,5.634891,296.56497,0.0,0.0
2024-02-04 17:00:00+00:00,11.05,93.55593,10.070833,0.0,0.0,5.0,6.9247384,297.8972,0.0,0.0
2024-02-04 18:00:00+00:00,11.05,91.38863,9.830111,0.0,0.0,3.0,7.8954163,294.22772,0.0,0.0
2024-02-04 19:00:00+00:00,10.1,92.56811,8.886676,0.0,0.0,18.0,6.439876,296.56497,0.0,0.0
2024-02-04 20:00:00+00:00,9.65,92.8563,8.423261,0.0,1.0,26.0,5.8048253,299.74478,0.0,0.0
2024-02-04 21:00:00+00:00,9.2,91.89019,7.8188953,0.0,0.0,16.0,5.8048253,299.74478,0.0,0.0
2024-02-04 22:00:00+00:00,8.4,91.84055,6.6774807,0.0,0.0,2.0,6.792466,302.00534,0.0,0.0
2024-02-04 23:00:00+00:00,8.35,92.15227,6.699671,0.0,0.0,0.0,6.297428,300.96368,1.0,11.374622
2024-02-05 00:00:00+00:00,10.55,82.250145,8.858042,0.0,0.0,0.0,7.42159,309.09384,1.0,161.07936
2024-02-05 01:00:00+00:00,13.2,74.92412,11.890444,0.0,0.0,4.0,6.9153743,321.34018,1.0,361.98584
2024-02-05 02:00:00+00:00,14.85,71.04814,14.066673,0.0,0.0,13.0,4.802999,347.00537,1.0,521.89526
2024-02-05 03:00:00+00:00,16.15,67.14401,15.631855,0.0,3.0,98.0,3.7585104,73.300674,1.0,561.4808
2024-02-05 04:00:00+00:00,16.6,67.68719,15.677391,0.0,3.0,100.0,7.628263,109.290146,1.0,451.03192
2024-02-05 05:00:00+00:00,16.05,72.46809,14.675892,0.0,3.0,100.0,11.753877,117.34979,1.0,366.27637
2024-02-05 06:00:00+00:00,14.7,75.42888,12.835827,0.0,3.0,100.0,13.684735,116.56499,1.0,264.84348
2024-02-05 07:00:00+00:00,14.2,72.37176,12.282328,0.0,3.0,100.0,11.91812,115.01687,1.0,224.2234
2024-02-05 08:00:00+00:00,14.15,69.72744,12.178959,0.0,3.0,100.0,11.177405,104.93147,1.0,148.39674
2024-02-05 09:00:00+00:00,13.3,71.47517,11.046017,0.0,3.0,100.0,12.313893,105.25517,1.0,57.63297
2024-02-05 10:00:00+00:00,12.05,76.26849,9.921885,0.0,3.0,100.0,11.013882,101.3099,0.0,0.0
2024-02-05 11:00:00+00:00,11.6,78.033295,9.678779,0.0,3.0,100.0,9.422101,83.41815,0.0,0.0
2024-02-05 12:00:00+00:00,11.2,78.77369,9.251855,0.0,3.0,100.0,9.178235,78.6901,0.0,0.0
2024-02-05 13:00:00+00:00,10.9,82.01542,9.181015,0.0,3.0,100.0,8.12197,77.19574,0.0,0.0
2024-02-05 14:00:00+00:00,10.65,81.42628,9.008603,0.0,3.0,100.0,6.9899354,78.11137,0.0,0.0
2024-02-05 15:00:00+00:00,10.4,80.28752,8.761852,0.0,3.0,100.0,6.2145634,79.99209,0.0,0.0
2024-02-05 16:00:00+00:00,10.1,79.69665,8.253627,0.0,3.0,100.0,6.9899354,78.11137,0.0,0.0
2024-02-05 17:00:00+00:00,9.85,79.38707,8.036253,0.0,3.0,100.0,6.28713,76.75947,0.0,0.0
2024-02-05 18:00:00+00:00,9.75,77.21226,7.89132,0.0,3.0,100.0,5.815978,68.19853,0.0,0.0
2024-02-05 19:00:00+00:00,9.6,77.188354,7.6589384,0.0,3.0,100.0,6.151683,69.44387,0.0,0.0
2024-02-05 20:00:00+00:00,9.45,77.700516,7.436945,0.0,3.0,100.0,6.5693827,80.53775,0.0,0.0
2024-02-05 21:00:00+00:00,9.3,77.946556,7.306058,0.0,3.0,100.0,6.28713,66.37061,0.0,0.0
2024-02-05 22:00:00+00:00,9.1,78.730034,7.2602644,0.0,3.0,100.0,5.1544156,77.90526,0.0,0.0
2024-02-05 23:00:00+00:00,9.0,78.442474,6.8292303,0.0,3.0,100.0,7.2,90.0,1.0,10.7945385
2024-02-06 00:00:00+00:00,9.1,77.64566,6.913162,0.0,3.0,100.0,7.2359104,84.2895,1.0,40.88649
2024-02-06 01:00:00+00:00,9.9,75.65162,7.804755,0.0,3.0,100.0,7.208994,87.13766,1.0,109.597435
2024-02-06 02:00:00+00:00,10.35,73.41023,8.192381,0.0,3.0,100.0,7.6367526,98.13002,1.0,159.11049
2024-02-06 03:00:00+00:00,11.5,68.48412,9.312616,0.0,3.0,100.0,7.9932976,97.76508,1.0,336.39792
2024-02-06 04:00:00+00:00,11.95,66.941055,9.753484,0.0,3.0,100.0,8.209263,105.25517,1.0,317.76337
2024-02-06 05:00:00+00:00,12.45,66.13059,10.221957,0.0,3.0,100.0,8.891344,111.3707,1.0,345.63498
2024-02-06 06:00:00+00:00,12.55,66.15225,10.278562,0.0,3.0,100.0,9.346143,105.64231,1.0,309.22513
2024-02-06 07:00:00+00:00,11.95,68.57664,9.401747,0.0,3.0,100.0,11.165805,110.77233,1.0,205.65868
2024-02-06 08:00:00+00:00,11.15,71.310036,8.574055,0.0,3.0,100.0,11.043261,109.025696,1.0,121.151245
2024-02-06 09:00:00+00:00,10.5,73.184006,8.115343,0.0,3.0,100.0,9.346143,105.64231,1.0,47.510292
2024-02-06 10:00:00+00:00,9.7,75.88031,7.438492,0.0,3.0,100.0,8.12197,102.80426,0.0,0.0
2024-02-06 11:00:00+00:00,9.35,77.14845,7.2929897,0.0,3.0,100.0,6.5693827,99.46225,0.0,0.0
2024-02-06 12:00:00+00:00,9.2,77.3925,7.0693836,0.0,3.0,100.0,6.924738,98.97255,0.0,0.0
2024-02-06 13:00:00+00:00,9.0,79.81339,7.249404,0.0,3.0,100.0,4.6938252,94.39862,0.0,0.0
2024-02-06 14:00:00+00:00,8.85,80.34662,7.0823765,0.0,3.0,100.0,4.73506,81.25392,0.0,0.0
2024-02-06 15:00:00+00:00,8.75,80.33256,6.8478947,0.0,3.0,100.0,5.506941,101.3099,0.0,0.0
2024-02-06 16:00:00+00:00,8.75,79.77741,7.101597,0.0,3.0,100.0,3.6179552,95.7105,0.0,0.0
2024-02-06 17:00:00+00:00,8.7,79.49383,7.1246443,0.0,3.0,100.0,2.968636,104.03627,0.0,0.0
2024-02-06 18:00:00+00:00,8.6,79.755775,6.866911,0.0,3.0,100.0,3.9763298,95.19434,0.0,0.0
2024-02-06 19:00:00+00:00,8.5,79.46462,6.6005936,0.0,3.0,100.0,4.8965297,126.027466,0.0,0.0
2024-02-06 20:00:00+00:00,8.3,80.54876,6.7434235,0.1,51.0,100.0,2.5455842,81.86999,0.0,0.0
2024-02-06 21:00:00+00:00,8.25,81.669334,6.484515,0.1,51.0,100.0,4.198285,120.96369,0.0,0.0
2024-02-06 22:00:00+00:00,8.25,82.81082,6.688427,0.3,51.0,100.0,3.096837,125.537766,0.0,0.0
2024-02-06 23:00:00+00:00,7.8,90.548134,6.0498857,1.0,55.0,100.0,5.6920996,108.43504,1.0,0.0
2024-02-07 00:00:00+00:00,8.15,90.2627,6.5853777,5.9,63.0,95.0,4.8965297,143.97253,1.0,57.577415
2024-02-07 01:00:00+00:00,8.4,88.44074,6.4555006,0.1,51.0,100.0,7.42159,112.833694,1.0,64.16568
2024-02-07 02:00:00+00:00,8.5,89.97965,7.2361717,1.0,55.0,100.0,3.319036,77.4712,1.0,80.65289
2024-02-07 03:00:00+00:00,8.9,89.70288,7.646283,1.6,61.0,100.0,3.8268526,48.814175,1.0,109.2541
2024-02-07 04:00:00+00:00,9.0,89.71063,7.425497,1.0,55.0,100.0,6.193674,125.537766,1.0,100.45023
2024-02-07 05:00:00+00:00,9.4,88.82928,7.4042892,2.5,63.0,100.0,9.504272,127.30403,1.0,129.99455
2024-02-07 06:00:00+00:00,9.35,89.43259,7.9062157,0.9,53.0,100.0,5.8048253,97.12492,1.0,119.76182
2024-02-07 07:00:00+00:00,9.9,83.87132,8.706354,0.2,51.0,100.0,3.4152596,108.43504,1.0,138.96587
2024-02-07 08:00:00+00:00,9.0,90.94342,7.483876,1.5,61.0,100.0,6.1305785,130.23628,1.0,49.33817
2024-02-07 09:00:00+00:00,8.4,92.78759,6.456416,2.1,61.0,100.0,8.557102,112.24908,1.0,11.795555
2024-02-07 10:00:00+00:00,8.0,93.72387,6.018384,1.7,61.0,100.0,8.404285,133.26433,0.0,0.0
2024-02-07 11:00:00+00:00,7.7,92.4304,5.875307,0.8,53.0,100.0,6.519877,96.340096,0.0,0.0
2024-02-07 12:00:00+00:00,7.7,90.229385,6.1070375,2.5,63.0,100.0,4.379589,99.46225,0.0,0.0
2024-02-07 13:00:00+00:00,7.55,90.21824,6.141777,0.3,51.0,100.0,2.8799999,90.0,0.0,0.0
2024-02-07 14:00:00+00:00,7.75,91.79989,6.59684,1.3,61.0,100.0,1.835647,78.6901,0.0,0.0
2024-02-07 15:00:00+00:00,7.6,87.7616,6.1105347,0.8,53.0,100.0,2.9024127,82.875084,0.0,0.0
2024-02-07 16:00:00+00:00,7.4,87.74321,5.710082,1.1,55.0,100.0,3.9763298,84.805664,0.0,0.0
2024-02-07 17:00:00+00:00,7.4,87.74321,5.9706182,0.8,53.0,100.0,2.1897945,99.46225,0.0,0.0
2024-02-07 18:00:00+00:00,7.05,84.11807,5.3391666,0.1,51.0,100.0,2.7416782,113.19862,0.0,0.0
2024-02-07 19:00:00+00:00,6.9,85.582924,4.532366,0.0,3.0,100.0,7.386582,133.02507,0.0,0.0
2024-02-07 20:00:00+00:00,6.75,86.46827,4.656461,0.1,51.0,100.0,5.506941,101.3099,0.0,0.0
2024-02-07 21:00:00+00:00,6.75,84.970535,4.9102345,0.1,51.0,98.0,3.4152596,108.43504,0.0,0.0
2024-02-07 22:00:00+00:00,5.95,88.5351,4.083709,0.0,3.0,100.0,3.319036,102.5288,0.0,0.0
2024-02-07 23:00:00+00:00,6.25,83.72911,4.243843,0.0,3.0,100.0,3.6,126.86999,1.0,9.74079
2024-02-08 00:00:00+00:00,6.7,81.17644,4.397148,0.0,3.0,100.0,5.634891,116.56499,1.0,52.17929
2024-02-08 01:00:00+00:00,7.1,81.230865,5.065673,0.0,3.0,100.0,4.3349743,94.76356,1.0,79.16031
2024-02-08 02:00:00+00:00,7.25,80.9671,5.1773806,0.1,51.0,100.0,4.73506,98.74608,1.0,111.26779
2024-02-08 03:00:00+00:00,7.7,79.90424,5.626128,0.1,51.0,100.0,5.0911684,81.86999,1.0,129.5779
2024-02-08 04:00:00+00:00,7.8,80.76021,5.654172,0.1,51.0,100.0,5.937272,104.03627,1.0,122.99417
2024-02-08 05:00:00+00:00,8.45,77.003975,6.27967,0.0,3.0,100.0,6.0347,107.35411,1.0,211.75137
2024-02-08 06:00:00+00:00,8.55,75.42293,6.1845303,0.0,3.0,100.0,7.0911775,113.962494,1.0,153.7489
2024-02-08 07:00:00+00:00,8.5,74.36568,5.966607,0.0,3.0,100.0,7.8954163,114.22774,1.0,100.717476
2024-02-08 08:00:00+00:00,8.6,72.072,6.0151253,0.0,3.0,100.0,7.771331,103.39252,1.0,83.424484
2024-02-08 09:00:00+00:00,8.35,71.26737,5.7892723,0.0,3.0,100.0,7.072878,104.743614,1.0,24.980923
2024-02-08 10:00:00+00:00,8.15,72.49591,5.672291,0.0,3.0,100.0,6.5693827,99.46225,0.0,0.0
2024-02-08 11:00:00+00:00,7.95,74.79265,5.7942743,0.0,3.0,100.0,4.6938252,94.39862,0.0,0.0
2024-02-08 12:00:00+00:00,7.75,77.70435,5.820307,0.1,51.0,100.0,3.6179552,95.7105,0.0,0.0
2024-02-08 13:00:00+00:00,7.3,88.95927,5.7137346,0.4,51.0,100.0,3.4152596,108.43504,0.0,0.0
2024-02-08 14:00:00+00:00,7.5,84.17057,5.518347,0.2,51.0,100.0,5.2416787,105.945465,0.0,0.0
2024-02-08 15:00:00+00:00,7.2,88.642975,5.7729445,0.0,3.0,100.0,2.0991426,120.96369,0.0,0.0
2024-02-08 16:00:00+00:00,7.3,91.1399,5.918066,0.1,51.0,100.0,2.5455842,81.86999,0.0,0.0
2024-02-08 17:00:00+00:00,7.75,83.03667,5.852829,0.1,51.0,100.0,4.73506,98.74608,0.0,0.0
2024-02-08 18:00:00+00:00,7.5,84.464035,5.776268,0.0,3.0,100.0,3.5455887,113.962494,0.0,0.0
2024-02-08 19:00:00+00:00,7.4,85.63633,5.580207,0.1,51.0,100.0,4.3498964,114.44395,0.0,0.0
2024-02-08 20:00:00+00:00,7.25,86.819954,5.4258327,0.0,3.0,100.0,4.452954,104.03627,0.0,0.0
2024-02-08 21:00:00+00:00,7.15,87.11254,5.5316124,0.0,3.0,100.0,2.968636,104.03627,0.0,0.0
2024-02-08 22:00:00+00:00,7.1,86.50358,5.270462,0.0,3.0,100.0,4.198285,120.96369,0.0,0.0
2024-02-08 23:00:00+00:00,7.0,87.09806,5.0255337,0.0,3.0,100.0,5.1919937,123.690094,1.0,9.262888
2024-02-09 00:00:00+00:00,7.3,84.73589,5.3045197,0.0,3.0,100.0,5.1919937,123.690094,1.0,55.205433
2024-02-09 01:00:00+00:00,7.75,82.1738,5.9247665,0.0,3.0,100.0,4.0249224,100.30479,1.0,119.20909
2024-02-09 02:00:00+00:00,8.6,78.10914,6.8657913,0.0,3.0,100.0,3.5455887,66.037506,1.0,199.72357
2024-02-09 03:00:00+00:00,9.6,75.86359,7.8688498,0.0,3.0,100.0,4.3349743,41.63345,1.0,271.94565
2024-02-09 04:00:00+00:00,10.5,73.691414,8.932831,0.1,51.0,100.0,3.8939953,33.6901,1.0,276.72037
2024-02-09 05:00:00+00:00,11.45,69.66664,10.176225,0.1,51.0,100.0,2.0364676,44.999897,1.0,296.4744
2024-02-09 06:00:00+00:00,11.9,67.161964,10.7832775,0.0,3.0,100.0,0.8049845,153.43501,1.0,216.99893
2024-02-09 07:00:00+00:00,12.35,65.88133,10.90907,0.0,3.0,100.0,3.2599385,173.6599,1.0,190.8434
2024-02-09 08:00:00+00:00,12.55,65.69821,11.006355,0.0,3.0,95.0,4.198285,120.96369,1.0,137.8779
2024-02-09 09:00:00+00:00,11.45,70.877785,9.165114,0.0,2.0,71.0,9.360001,112.61991,1.0,59.67246
2024-02-09 10:00:00+00:00,9.35,76.61531,6.9846544,0.0,0.0,1.0,8.534353,117.64589,0.0,0.0
2024-02-09 11:00:00+00:00,6.5,89.82639,4.1646023,0.0,0.0,0.0,7.5942082,121.42952,0.0,0.0
2024-02-09 12:00:00+00:00,7.7,83.610344,5.7288065,0.0,1.0,21.0,5.315336,118.30067,0.0,0.0
2024-02-09 13:00:00+00:00,8.5,73.58761,6.7167835,0.0,3.0,100.0,2.5455842,98.13002,0.0,0.0
2024-02-09 14:00:00+00:00,8.7,71.084785,6.92272,0.0,3.0,100.0,2.0991426,30.963696,0.0,0.0
2024-02-09 15:00:00+00:00,7.95,76.92315,6.134677,0.0,3.0,93.0,2.9024127,7.12493,0.0,0.0
2024-02-09 16:00:00+00:00,8.2,74.051994,6.299855,0.0,1.0,32.0,3.0758414,339.44388,0.0,0.0
2024-02-09 17:00:00+00:00,7.4,87.13661,5.7101746,0.0,0.0,9.0,3.8268526,318.81415,0.0,0.0
2024-02-09 18:00:00+00:00,5.9,99.99999,4.2370663,0.0,0.0,17.0,4.39436,304.9921,0.0,0.0
2024-02-09 19:00:00+00:00,4.1,99.99999,1.850811,0.0,3.0,99.0,5.8048253,299.74478,0.0,0.0
2024-02-09 20:00:00+00:00,3.75,99.99999,1.4299679,0.0,3.0,99.0,5.815978,291.80148,0.0,0.0
2024-02-09 21:00:00+00:00,4.15,100.0,2.2402954,0.0,3.0,98.0,3.5455887,293.9625,0.0,0.0
2024-02-09 22:00:00+00:00,4.4,100.0,2.5302658,0.0,3.0,98.0,3.6179552,275.7105,0.0,0.0
2024-02-09 23:00:00+00:00,4.45,100.0,2.5904636,0.0,3.0,97.0,3.6179552,275.7105,1.0,17.632273
2024-02-10 00:00:00+00:00,6.05,92.33351,4.1621237,0.0,1.0,33.0,4.452954,284.03625,1.0,131.34154
2024-02-10 01:00:00+00:00,8.25,81.38615,6.4874363,0.0,0.0,13.0,4.1046314,307.87503,1.0,344.60663
2024-02-10 02:00:00+00:00,10.65,68.546425,9.082872,0.0,0.0,1.0,2.5455842,315.0001,1.0,552.3462
2024-02-10 03:00:00+00:00,12.65,60.69525,12.256046,0.0,0.0,0.0,0.0,270.0,1.0,706.4634
2024-02-10 04:00:00+00:00,14.05,57.159603,14.043547,0.0,0.0,0.0,2.3051248,141.34016,1.0,777.83826
2024-02-10 05:00:00+00:00,15.0,57.39899,14.915146,0.0,0.0,0.0,4.8965297,143.97253,1.0,771.27905
2024-02-10 06:00:00+00:00,15.55,57.73391,14.970995,0.0,0.0,0.0,6.696387,143.74608,1.0,688.89655
2024-02-10 07:00:00+00:00,15.55,57.73391,13.852171,0.0,0.0,1.0,9.1641035,135.0001,1.0,543.39
2024-02-10 08:00:00+00:00,14.65,58.5065,12.127399,0.0,0.0,0.0,11.384198,124.69522,1.0,350.8377
2024-02-10 09:00:00+00:00,12.95,60.347404,10.460141,0.0,0.0,7.0,9.387651,122.471176,1.0,140.85655
2024-02-10 10:00:00+00:00,9.45,73.50245,7.2029934,0.0,0.0,0.0,6.989936,145.49142,0.0,0.0
2024-02-10 11:00:00+00:00,8.4,79.17394,6.070386,0.0,0.0,0.0,7.628263,160.70985,0.0,0.0
2024-02-10 12:00:00+00:00,10.0,70.59506,7.9622097,0.0,0.0,0.0,5.4833565,156.80138,0.0,0.0
2024-02-10 13:00:00+00:00,9.35,75.55881,7.669031,0.0,0.0,2.0,3.5455887,156.0375,0.0,0.0
2024-02-10 14:00:00+00:00,8.65,82.28971,7.1107235,0.0,0.0,7.0,3.396233,237.99466,0.0,0.0
2024-02-10 15:00:00+00:00,7.95,86.588776,6.2529764,0.0,0.0,0.0,4.5536795,288.43503,0.0,0.0
2024-02-10 16:00:00+00:00,7.15,94.005936,5.5925436,0.0,0.0,0.0,4.2136917,289.9832,0.0,0.0
2024-02-10 17:00:00+00:00,6.7,98.63471,5.01993,0.0,0.0,3.0,5.4477882,277.59454,0.0,0.0
2024-02-10 18:00:00+00:00,6.0,94.93702,3.9892101,0.0,0.0,2.0,5.8048253,277.1249,0.0,0.0
2024-02-10 19:00:00+00:00,5.4,95.57788,3.2237792,0.0,0.0,0.0,6.2145634,280.0079,0.0,0.0
2024-02-10 20:00:00+00:00,5.3,97.255615,3.0625,0.0,0.0,0.0,6.849467,273.01273,0.0,0.0
2024-02-10 21:00:00+00:00,5.1,97.9321,2.8415422,0.0,0.0,0.0,6.849467,266.98727,0.0,0.0
2024-02-10 22:00:00+00:00,4.5,98.61048,2.1401234,0.0,0.0,0.0,6.8399997,270.0,0.0,0.0
2024-02-10 23:00:00+00:00,4.1,97.91549,1.6404948,0.0,0.0,0.0,6.8399997,270.0,1.0,25.19558
2024-02-11 00:00:00+00:00,6.8,88.60861,4.7987785,0.0,0.0,0.0,5.4477882,277.59454,1.0,173.48285
2024-02-11 01:00:00+00:00,9.6,79.62454,8.1619625,0.0,0.0,14.0,3.396233,302.00534,1.0,376.66037
2024-02-11 02:00:00+00:00,13.1,62.723938,11.650393,0.0,0.0,0.0,3.319036,319.39877,1.0,583.77905
2024-02-11 03:00:00+00:00,15.95,48.351322,15.26759,0.0,0.0,0.0,2.5959969,303.6901,1.0,734.11255
2024-02-11 04:00:00+00:00,17.65,40.194874,17.634546,0.0,0.0,0.0,1.08,180.0,1.0,799.29767
2024-02-11 05:00:00+00:00,18.45,40.144356,17.91198,0.0,0.0,0.0,5.692099,145.30478,1.0,791.0265
2024-02-11 06:00:00+00:00,18.55,40.4543,16.93369,0.0,0.0,0.0,10.195057,137.86247,1.0,702.26587
2024-02-11 07:00:00+00:00,17.95,37.67849,14.940323,0.0,0.0,0.0,12.538134,129.17365,1.0,551.7065
2024-02-11 08:00:00+00:00,16.8,36.683975,13.166784,0.0,0.0,0.0,12.4811535,123.23173,1.0,358.6118
2024-02-11 09:00:00+00:00,14.9,47.890846,12.454,0.0,0.0,0.0,6.9527545,111.25058,1.0,147.33484
2024-02-11 10:00:00+00:00,11.7,58.79316,9.122584,0.0,0.0,0.0,7.7879906,123.6901,0.0,0.0
2024-02-11 11:00:00+00:00,12.6,55.025555,10.558741,0.0,0.0,0.0,3.9763298,174.80566,0.0,0.0
2024-02-11 12:00:00+00:00,11.55,61.71225,10.002249,0.0,0.0,0.0,1.484318,165.96373,0.0,0.0
2024-02-11 13:00:00+00:00,10.25,68.22519,8.607624,0.0,0.0,0.0,2.4149535,333.43503,0.0,0.0
2024-02-11 14:00:00+00:00,9.15,79.01064,7.6384497,0.0,0.0,0.0,3.0547013,315.0001,0.0,0.0
2024-02-11 15:00:00+00:00,8.35,85.73701,6.815051,0.0,0.0,0.0,3.8268526,311.18582,0.0,0.0
2024-02-11 16:00:00+00:00,7.45,88.97178,5.5781155,0.0,0.0,0.0,5.6002855,315.0001,0.0,0.0
2024-02-11 17:00:00+00:00,7.15,90.50124,5.354397,0.0,0.0,0.0,5.00128,300.25635,0.0,0.0
2024-02-11 18:00:00+00:00,6.75,90.78689,4.8780174,0.0,0.0,0.0,5.00128,300.25635,0.0,0.0
2024-02-11 19:00:00+00:00,6.15,91.06149,4.029544,0.0,0.0,0.0,5.904439,307.56866,0.0,0.0
2024-02-11 20:00:00+00:00,6.25,89.49409,4.09842,0.0,0.0,0.0,5.904439,307.56866,0.0,0.0
2024-02-11 21:00:00+00:00,5.95,90.41375,3.8272085,0.0,0.0,0.0,5.495161,301.60745,0.0,0.0
2024-02-11 22:00:00+00:00,5.75,91.35292,3.5882344,0.0,0.0,0.0,5.692099,304.69522,0.0,0.0
2024-02-11 23:00:00+00:00,5.55,91.33959,3.3780766,0.0,0.0,1.0,5.4833565,293.1986,1.0,24.026682
2024-02-12 00:00:00+00:00,7.0,84.99832,5.025072,0.0,0.0,0.0,4.6938252,274.39862,1.0,192.105
2024-02-12 01:00:00+00:00,9.95,70.83165,8.236457,0.0,0.0,6.0,3.2599385,263.6599,1.0,404.86603
2024-02-12 02:00:00+00:00,13.05,53.995068,11.250635,0.0,0.0,0.0,2.52,270.0,1.0,599.3068
2024-02-12 03:00:00+00:00,15.1,51.235565,14.750204,0.0,0.0,0.0,0.8049845,26.564985,1.0,738.20337
2024-02-12 04:00:00+00:00,16.45,51.955723,16.767334,0.0,0.0,0.0,2.2768397,71.564964,1.0,797.1798
2024-02-12 05:00:00+00:00,17.35,53.45608,17.622675,0.0,0.0,0.0,4.802999,102.99462,1.0,781.2157
2024-02-12 06:00:00+00:00,17.85,53.2246,17.356178,0.0,0.0,0.0,7.8625183,105.945465,1.0,695.8082
2024-02-12 07:00:00+00:00,17.85,52.328346,16.385075,0.0,0.0,0.0,9.0,106.26028,1.0,549.30536
2024-02-12 08:00:00+00:00,17.3,53.808056,15.287306,0.0,0.0,0.0,9.9571085,102.5288,1.0,356.6237
2024-02-12 09:00:00+00:00,16.0,63.601692,15.034353,0.0,0.0,0.0,5.0142193,111.03758,1.0,146.19199
2024-02-12 10:00:00+00:00,15.3,61.326134,14.006241,0.0,0.0,0.0,5.1165614,140.71062,0.0,0.0
2024-02-12 11:00:00+00:00,14.15,66.27068,13.352707,0.0,0.0,0.0,1.8,143.13002,0.0,0.0
2024-02-12 12:00:00+00:00,12.5,73.54438,11.600599,0.0,0.0,0.0,2.4149535,333.43503,0.0,0.0
2024-02-12 13:00:00+00:00,11.25,80.13316,10.121491,0.0,0.0,0.0,4.072935,315.0001,0.0,0.0
2024-02-12 14:00:00+00:00,9.8,88.2607,8.404395,0.0,0.0,0.0,5.904439,307.56866,0.0,0.0
2024-02-12 15:00:00+00:00,7.75,93.71173,5.81106,0.0,0.0,0.0,7.7043357,307.40543,0.0,0.0
2024-02-12 16:00:00+00:00,8.95,89.70675,7.36329,0.0,1.0,36.0,6.193674,305.53775,0.0,0.0
2024-02-12 17:00:00+00:00,8.4,90.59114,6.6737328,0.0,2.0,67.0,6.489992,303.6901,0.0,0.0
2024-02-12 18:00:00+00:00,8.55,89.983444,6.847377,0.0,3.0,86.0,6.4096174,308.15726,0.0,0.0
2024-02-12 19:00:00+00:00,8.65,89.68343,6.977194,0.0,3.0,90.0,6.28713,293.6294,0.0,0.0
2024-02-12 20:00:00+00:00,9.25,89.12022,7.6987104,0.0,2.0,69.0,6.28713,293.6294,0.0,0.0
2024-02-12 21:00:00+00:00,8.2,92.7765,6.4366465,0.0,0.0,0.0,6.9899354,281.88864,0.0,0.0
2024-02-12 22:00:00+00:00,8.3,94.059105,6.660633,0.0,0.0,0.0,6.638072,282.5288,0.0,0.0
2024-02-12 23:00:00+00:00,6.65,97.957436,4.6590395,0.0,0.0,0.0,7.342588,281.3099,1.0,22.936499
2024-02-13 00:00:00+00:00,9.85,89.169044,8.629421,0.0,0.0,0.0,5.0528407,274.08554,1.0,181.1182
2024-02-13 01:00:00+00:00,13.5,78.32155,13.0882225,0.0,0.0,0.0,2.5455842,261.87,1.0,385.5654
2024-02-13 02:00:00+00:00,16.3,68.078026,15.883032,0.0,0.0,0.0,3.7585104,286.6993,1.0,571.78357
2024-02-13 03:00:00+00:00,18.2,62.83067,18.892015,0.0,0.0,0.0,2.2768397,288.43503,1.0,702.7107
2024-02-13 04:00:00+00:00,19.4,59.858074,21.135098,0.0,0.0,0.0,0.5091169,135.0001,1.0,767.3932
2024-02-13 05:00:00+00:00,20.25,52.256596,21.40961,0.0,0.0,1.0,2.5959969,123.690094,1.0,761.546
2024-02-13 06:00:00+00:00,20.7,47.368263,21.129381,0.0,0.0,3.0,3.219938,116.56499,1.0,682.7316
2024-02-13 07:00:00+00:00,20.7,47.688374,20.146751,0.0,0.0,1.0,4.6800003,112.61991,1.0,538.852
2024-02-13 08:00:00+00:00,20.4,50.070198,19.72845,0.0,0.0,0.0,4.0249224,79.69521,1.0,350.54346
2024-02-13 09:00:00+00:00,19.1,64.928055,19.400686,0.0,0.0,0.0,2.968636,104.03627,1.0,143.72543
2024-02-13 10:00:00+00:00,15.5,75.06223,14.798044,0.0,0.0,0.0,7.145796,130.91429,0.0,0.0
2024-02-13 11:00:00+00:00,12.9,89.70907,12.017759,0.0,0.0,0.0,8.699793,114.44395,0.0,0.0
2024-02-13 12:00:00+00:00,13.9,84.610245,13.582138,0.0,0.0,0.0,5.04,90.0,0.0,0.0
2024-02-13 13:00:00+00:00,13.4,87.11688,13.585329,0.0,0.0,0.0,1.484318,194.03627,0.0,0.0
2024-02-13 14:00:00+00:00,13.05,88.54011,12.997858,0.0,0.0,0.0,2.9024127,262.8751,0.0,0.0
2024-02-13 15:00:00+00:00,12.6,89.984314,12.60416,0.0,0.0,0.0,2.0991426,239.0363,0.0,0.0
2024-02-13 16:00:00+00:00,12.0,91.75479,11.8490925,0.0,0.0,3.0,2.5455842,261.87,0.0,0.0
2024-02-13 17:00:00+00:00,10.6,95.75369,10.367368,0.0,0.0,0.0,1.609969,243.43501,0.0,0.0
2024-02-13 18:00:00+00:00,9.25,98.99501,8.616373,0.0,0.0,0.0,2.7416782,246.80138,0.0,0.0
2024-02-13 19:00:00+00:00,9.0,99.66334,8.241749,0.0,0.0,0.0,3.319036,257.4712,0.0,0.0
2024-02-13 20:00:00+00:00,8.9,99.327156,7.998749,0.0,0.0,2.0,4.0249224,259.69522,0.0,0.0
2024-02-13 21:00:00+00:00,9.0,98.65935,8.120281,0.0,0.0,5.0,3.8773184,248.19853,0.0,0.0
2024-02-13 22:00:00+00:00,8.5,98.65405,7.4677715,0.0,0.0,6.0,4.0249224,243.43501,0.0,0.0
2024-02-13 23:00:00+00:00,8.4,98.65299,7.2796173,0.0,0.0,8.0,4.452954,255.96373,1.0,21.917171
2024-02-14 00:00:00+00:00,12.05,89.34537,11.73436,0.0,0.0,9.0,2.968636,255.96373,1.0,175.12845
2024-02-14 01:00:00+00:00,15.1,78.300606,15.2199135,0.0,0.0,11.0,2.0364676,315.0001,1.0,370.0509
2024-02-14 02:00:00+00:00,17.65,71.574234,18.149324,0.0,0.0,8.0,1.835647,348.6901,1.0,563.5221
2024-02-14 03:00:00+00:00,19.8,66.582184,21.265512,0.0,0.0,1.0,2.0991426,59.03632,1.0,697.17114
2024-02-14 04:00:00+00:00,21.45,62.740063,23.499493,0.0,0.0,0.0,3.671294,101.3099,1.0,763.21796
2024-02-14 05:00:00+00:00,22.6,58.68162,24.560549,0.0,0.0,0.0,5.1544156,102.09474,1.0,756.6476
2024-02-14 06:00:00+00:00,23.4,54.29896,24.734142,0.0,0.0,9.0,6.130579,93.366394,1.0,680.03326
2024-02-14 07:00:00+00:00,23.9,51.333645,24.09722,0.0,0.0,4.0,7.5170207,106.699326,1.0,530.1695
2024-02-14 08:00:00+00:00,23.75,54.74124,23.597569,0.0,0.0,4.0,10.1887,122.00535,1.0,338.72354
2024-02-14 09:00:00+00:00,22.2,62.70544,22.552916,0.0,0.0,0.0,8.373386,115.46331,1.0,138.62805
2024-02-14 10:00:00+00:00,17.85,78.961525,17.927536,0.0,0.0,1.0,8.759178,99.46225,0.0,0.0
2024-02-14 11:00:00+00:00,17.4,79.66899,17.5919,0.0,0.0,1.0,7.2359104,84.2895,0.0,0.0
2024-02-14 12:00:00+00:00,17.4,80.448006,18.160368,0.0,0.0,19.0,3.7064266,150.9455,0.0,0.0
2024-02-14 13:00:00+00:00,16.9,80.11898,17.627628,0.0,0.0,2.0,2.5959969,213.6901,0.0,0.0
2024-02-14 14:00:00+00:00,16.25,82.4169,17.097784,0.0,1.0,21.0,1.2979984,236.3099,0.0,0.0
2024-02-14 15:00:00+00:00,15.8,83.71839,16.716148,0.0,1.0,22.0,0.35999998,180.0,0.0,0.0
2024-02-14 16:00:00+00:00,14.4,88.3631,14.761187,0.0,0.0,13.0,2.9024127,172.87508,0.0,0.0
2024-02-14 17:00:00+00:00,12.9,92.11409,12.830898,0.0,0.0,15.0,3.9763298,185.19434,0.0,0.0
2024-02-14 18:00:00+00:00,12.6,92.40153,12.497391,0.0,0.0,14.0,3.671294,191.30989,0.0,0.0
2024-02-14 19:00:00+00:00,13.15,90.025185,13.555155,0.0,0.0,19.0,0.5091169,224.9999,0.0,0.0
2024-02-14 20:00:00+00:00,13.1,90.02146,13.28108,0.0,1.0,33.0,1.9386592,248.19853,0.0,0.0
2024-02-14 21:00:00+00:00,13.25,89.14464,13.29051,0.0,0.0,19.0,2.9024127,240.2552,0.0,0.0
2024-02-14 22:00:00+00:00,13.1,88.83804,13.102007,0.0,2.0,65.0,2.7416782,246.80138,0.0,0.0
2024-02-14 23:00:00+00:00,13.0,88.53589,12.907282,0.0,1.0,22.0,3.0758414,249.44386,1.0,27.954782
2024-02-15 00:00:00+00:00,14.55,85.24118,15.014547,0.0,0.0,2.0,1.2979984,213.6901,1.0,172.43335
2024-02-15 01:00:00+00:00,17.45,76.876854,18.403841,0.0,0.0,1.0,0.8049845,116.56499,1.0,368.26108
2024-02-15 02:00:00+00:00,19.3,73.28701,20.22856,0.0,0.0,4.0,3.5455887,23.962492,1.0,545.0868
2024-02-15 03:00:00+00:00,21.2,69.05771,23.188236,0.0,0.0,17.0,2.9024127,60.255207,1.0,689.4907
2024-02-15 04:00:00+00:00,23.05,63.50179,25.139774,0.0,1.0,41.0,6.130579,93.366394,1.0,732.40515
2024-02-15 05:00:00+00:00,24.35,61.01311,26.441824,0.1,51.0,39.0,6.87779,83.99109,1.0,685.73206
2024-02-15 06:00:00+00:00,24.75,61.493458,26.976185,0.0,1.0,22.0,3.6179552,95.7105,1.0,569.6355
2024-02-15 07:00:00+00:00,25.1,60.60582,26.901445,0.0,1.0,20.0,4.452954,104.03627,1.0,451.70355
2024-02-15 08:00:00+00:00,24.8,60.536762,26.889982,0.0,1.0,28.0,1.609969,116.56499,1.0,320.32755
2024-02-15 09:00:00+00:00,23.25,70.33789,25.381723,0.1,51.0,57.0,3.9763298,264.80566,1.0,115.96416
2024-02-15 10:00:00+00:00,21.35,77.72106,23.269567,0.0,2.0,66.0,4.6938257,57.528828,0.0,0.0
2024-02-15 11:00:00+00:00,19.1,88.19403,20.74564,0.3,51.0,100.0,5.991594,57.264786,0.0,0.0
2024-02-15 12:00:00+00:00,13.75,90.96203,13.004541,1.2,55.0,100.0,10.041354,104.5345,0.0,0.0
2024-02-15 13:00:00+00:00,14.2,88.92814,14.105028,1.0,55.0,100.0,5.8048253,172.87508,0.0,0.0
2024-02-15 14:00:00+00:00,13.6,85.99018,12.749443,0.2,51.0,100.0,8.587338,146.97614,0.0,0.0
2024-02-15 15:00:00+00:00,12.7,85.32714,11.331746,0.1,51.0,100.0,10.086427,124.82456,0.0,0.0
2024-02-15 16:00:00+00:00,11.85,85.236305,10.303184,0.0,3.0,100.0,9.659814,116.56499,0.0,0.0
2024-02-15 17:00:00+00:00,11.4,84.045815,10.02922,0.0,3.0,100.0,7.24486,116.56499,0.0,0.0
2024-02-15 18:00:00+00:00,11.0,83.149666,9.429491,0.0,3.0,100.0,7.628263,109.290146,0.0,0.0
2024-02-15 19:00:00+00:00,10.65,82.54345,9.131288,0.0,3.0,100.0,6.489992,109.440125,0.0,0.0
2024-02-15 20:00:00+00:00,10.5,81.40636,8.946986,0.0,3.0,100.0,6.130579,93.366394,0.0,0.0
2024-02-15 21:00:00+00:00,10.25,81.373085,8.585197,0.0,3.0,100.0,6.4799995,90.0,0.0,0.0
2024-02-15 22:00:00+00:00,10.0,81.61891,8.161392,0.0,3.0,100.0,7.342588,101.3099,0.0,0.0
2024-02-15 23:00:00+00:00,9.85,81.87943,7.962165,0.0,3.0,100.0,7.5170207,106.699326,1.0,6.6929665
2024-02-16 00:00:00+00:00,9.9,81.04785,7.938138,0.0,3.0,100.0,7.8625183,105.945465,1.0,46.44706
2024-02-16 01:00:00+00:00,10.4,79.195274,8.321503,0.0,3.0,100.0,8.905908,104.03627,1.0,73.29434
2024-02-16 02:00:00+00:00,10.25,78.90199,8.238541,0.5,53.0,100.0,8.12197,102.80426,1.0,68.94163
2024-02-16 03:00:00+00:00,10.5,78.13151,8.614252,0.2,51.0,100.0,7.42159,104.03627,1.0,116.48472
2024-02-16 04:00:00+00:00,11.1,76.63549,9.428989,0.0,3.0,100.0,6.439876,116.56499,1.0,242.7415
2024-02-16 05:00:00+00:00,12.35,72.02896,10.842801,0.0,3.0,100.0,5.815978,111.801476,1.0,469.9734
2024-02-16 06:00:00+00:00,13.3,68.85197,11.945465,0.0,3.0,100.0,5.1919937,123.690094,1.0,421.3988
2024-02-16 07:00:00+00:00,13.85,67.114174,12.313505,0.0,3.0,91.0,6.696387,126.25393,1.0,323.94186
2024-02-16 08:00:00+00:00,13.75,66.41075,11.802723,0.0,3.0,100.0,9.085988,123.6901,1.0,218.43304
2024-02-16 09:00:00+00:00,12.5,67.9859,9.997853,0.0,3.0,99.0,11.4862,122.1957,1.0,84.606995
2024-02-16 10:00:00+00:00,10.65,73.21127,8.317291,0.0,2.0,69.0,9.220499,128.65984,0.0,0.0
2024-02-16 11:00:00+00:00,9.6,79.07738,7.6997833,0.0,1.0,47.0,6.4096174,128.15727,0.0,0.0
2024-02-16 12:00:00+00:00,8.75,83.735664,7.143631,0.0,1.0,36.0,4.39436,124.992096,0.0,0.0
2024-02-16 13:00:00+00:00,8.9,83.753456,7.517005,0.0,2.0,74.0,3.096837,125.537766,0.0,0.0
2024-02-16 14:00:00+00:00,8.2,88.42338,6.771784,0.0,2.0,79.0,3.563818,135.0001,0.0,0.0
2024-02-16 15:00:00+00:00,8.05,89.021576,6.6347246,0.0,3.0,95.0,3.396233,147.99466,0.0,0.0
2024-02-16 16:00:00+00:00,7.9,91.18041,6.460702,0.0,3.0,100.0,3.8773184,158.19853,0.0,0.0
2024-02-16 17:00:00+00:00,7.55,91.787315,6.031539,0.0,3.0,100.0,4.0249224,169.6952,0.0,0.0
2024-02-16 18:00:00+00:00,7.6,91.47485,6.140893,0.0,3.0,96.0,3.6179552,174.2895,0.0,0.0
2024-02-16 19:00:00+00:00,8.65,84.88691,7.355014,0.0,3.0,98.0,2.4149535,206.56499,0.0,0.0
2024-02-16 20:00:00+00:00,8.7,84.89246,7.506114,0.0,3.0,99.0,1.8,233.13002,0.0,0.0
2024-02-16 21:00:00+00:00,8.7,85.47916,7.6255293,0.0,3.0,100.0,1.1384199,251.56496,0.0,0.0
2024-02-16 22:00:00+00:00,8.4,87.834694,7.136018,0.0,3.0,100.0,2.5959969,213.6901,0.0,0.0
2024-02-16 23:00:00+00:00,7.2,96.96325,5.9031982,0.0,3.0,100.0,3.219938,206.56499,1.0,25.668451
2024-02-17 00:00:00+00:00,9.2,89.72612,8.343144,0.0,2.0,60.0,1.609969,206.56499,1.0,157.59511
2024-02-17 01:00:00+00:00,11.5,78.81829,10.629289,0.0,1.0,25.0,2.3051248,141.34016,1.0,387.01096
2024-02-17 02:00:00+00:00,13.35,73.944824,12.602682,0.0,3.0,84.0,2.968636,104.03627,1.0,577.1675
2024-02-17 03:00:00+00:00,15.15,68.99191,15.058672,0.0,3.0,85.0,4.1046314,105.25517,1.0,692.2904
2024-02-17 04:00:00+00:00,16.65,66.80159,17.28766,0.0,1.0,37.0,5.0142193,111.03758,1.0,760.90784
2024-02-17 05:00:00+00:00,18.0,64.47456,18.958342,0.0,1.0,27.0,5.4119864,93.814,1.0,757.68427
2024-02-17 06:00:00+00:00,19.45,61.87895,19.80265,0.0,0.0,18.0,8.311245,85.03035,1.0,671.8975
2024-02-17 07:00:00+00:00,20.65,59.957108,19.772215,0.0,0.0,1.0,11.609651,97.12492,1.0,461.0594
2024-02-17 08:00:00+00:00,19.85,62.174446,18.172138,0.0,0.0,0.0,16.645864,111.57137,1.0,346.4441
2024-02-17 09:00:00+00:00,17.8,70.206184,16.82472,0.0,0.0,0.0,11.609651,97.12492,1.0,150.35481
2024-02-17 10:00:00+00:00,14.95,81.44576,14.562782,0.0,0.0,0.0,6.4799995,90.0,0.0,0.0
2024-02-17 11:00:00+00:00,12.85,91.20234,12.561401,0.0,0.0,0.0,5.0528407,85.91447,0.0,0.0
2024-02-17 12:00:00+00:00,11.6,94.20781,10.914059,0.0,0.0,5.0,6.2145634,79.99209,0.0,0.0
2024-02-17 13:00:00+00:00,11.45,97.06243,11.194928,0.0,3.0,87.0,3.8773184,111.801476,0.0,0.0
2024-02-17 14:00:00+00:00,11.45,97.06243,11.454246,0.0,3.0,96.0,2.0991426,120.96369,0.0,0.0
2024-02-17 15:00:00+00:00,11.5,98.03382,11.713763,0.0,3.0,100.0,1.08,360.0,0.0,0.0
2024-02-17 16:00:00+00:00,11.3,99.33974,11.335107,0.0,3.0,100.0,2.3051248,308.65982,0.0,0.0
2024-02-17 17:00:00+00:00,10.7,100.0,10.568195,0.0,3.0,100.0,2.4149535,296.56497,0.0,0.0
2024-02-17 18:00:00+00:00,11.05,99.66874,11.202886,0.0,3.0,100.0,1.08,270.0,0.0,0.0
2024-02-17 19:00:00+00:00,11.2,97.37995,11.260904,0.0,3.0,100.0,1.2979984,236.3099,0.0,0.0
2024-02-17 20:00:00+00:00,11.1,98.354004,11.19916,0.0,3.0,100.0,1.1384199,198.43504,0.0,0.0
2024-02-17 21:00:00+00:00,11.15,97.05559,11.296121,0.0,3.0,100.0,0.5091169,224.9999,0.0,0.0
2024-02-17 22:00:00+00:00,11.3,95.4583,11.416461,0.0,3.0,100.0,0.5091169,224.9999,0.0,0.0
2024-02-17 23:00:00+00:00,11.45,93.57554,11.479149,0.0,3.0,100.0,0.8049845,296.56497,1.0,18.475668
2024-02-18 00:00:00+00:00,12.15,91.7641,12.192383,0.0,3.0,100.0,1.5273507,315.0001,1.0,71.20231
2024-02-18 01:00:00+00:00,14.75,86.38926,15.152172,0.0,3.0,89.0,2.6208394,74.054535,1.0,279.91425
2024-02-18 02:00:00+00:00,16.4,82.16735,16.839422,0.0,3.0,81.0,4.3349743,85.23644,1.0,422.16177
2024-02-18 03:00:00+00:00,18.7,75.10425,19.188307,0.0,3.0,100.0,7.5170207,73.300674,1.0,624.795
2024-02-18 04:00:00+00:00,20.0,72.00558,20.1728,0.0,3.0,100.0,9.746631,85.76369,1.0,478.19528
2024-02-18 05:00:00+00:00,23.0,65.76001,24.21461,0.0,2.0,50.0,6.489992,123.6901,1.0,500.52972
2024-02-18 06:00:00+00:00,25.9,54.404514,26.215443,0.0,2.0,74.0,15.807239,210.0685,1.0,620.9699
2024-02-18 07:00:00+00:00,26.95,48.271923,26.359701,0.0,3.0,86.0,15.725037,195.94547,1.0,485.43872
2024-02-18 08:00:00+00:00,24.75,59.950768,24.360464,0.0,3.0,89.0,18.043148,151.38963,1.0,329.60385
2024-02-18 09:00:00+00:00,22.3,70.83018,22.568739,0.0,3.0,94.0,14.4,143.13002,1.0,143.7799
2024-02-18 10:00:00+00:00,20.45,76.84855,21.296185,0.0,3.0,94.0,9.028754,156.50142,0.0,0.0
2024-02-18 11:00:00+00:00,18.7,86.49471,19.990726,0.0,3.0,90.0,6.4096174,141.84273,0.0,0.0
2024-02-18 12:00:00+00:00,17.9,91.525734,19.453129,0.0,3.0,96.0,4.8965297,126.027466,0.0,0.0
2024-02-18 13:00:00+00:00,17.8,91.51948,19.156895,0.0,3.0,91.0,5.95906,154.98314,0.0,0.0
2024-02-18 14:00:00+00:00,16.95,94.7392,18.238686,0.0,2.0,67.0,5.5887027,165.06853,0.0,0.0
2024-02-18 15:00:00+00:00,16.75,95.3382,17.93331,0.0,2.0,64.0,6.0347,162.64589,0.0,0.0
2024-02-18 16:00:00+00:00,18.2,91.254364,20.17156,0.0,2.0,63.0,2.7416782,246.80138,0.0,0.0
2024-02-18 17:00:00+00:00,16.7,95.94697,17.953472,0.0,3.0,94.0,5.6920996,341.56494,0.0,0.0
2024-02-18 18:00:00+00:00,16.7,95.032425,17.709257,0.0,2.0,76.0,6.9527545,338.74942,0.0,0.0
2024-02-18 19:00:00+00:00,16.3,96.550545,17.68361,0.0,1.0,44.0,3.9763298,354.80566,0.0,0.0
2024-02-18 20:00:00+00:00,15.45,98.0929,16.444313,0.0,3.0,96.0,5.04,360.0,0.0,0.0
2024-02-18 21:00:00+00:00,16.35,95.01934,17.99965,0.0,2.0,58.0,1.609969,63.435013,0.0,0.0
2024-02-18 22:00:00+00:00,15.45,97.7782,16.632513,0.0,3.0,100.0,3.6179552,5.7105074,0.0,0.0
2024-02-18 23:00:00+00:00,16.0,95.61819,17.251612,0.0,3.0,100.0,3.671294,348.6901,1.0,17.750738
2024-02-19 00:00:00+00:00,17.35,90.90871,18.773033,0.0,3.0,100.0,3.9763298,5.19435,1.0,73.92388
2024-02-19 01:00:00+00:00,19.05,88.469406,20.82698,0.0,3.0,86.0,5.0911684,351.87,1.0,279.49356
2024-02-19 02:00:00+00:00,21.45,79.721596,23.451878,0.0,3.0,97.0,5.634891,26.564985,1.0,480.5531
2024-02-19 03:00:00+00:00,23.35,74.91606,25.28865,0.0,3.0,100.0,8.714677,51.709793,1.0,521.03564
2024-02-19 04:00:00+00:00,24.9,71.53066,27.351505,0.0,3.0,100.0,7.6367526,44.999897,1.0,527.27673
2024-02-19 05:00:00+00:00,26.25,67.89207,29.254612,0.0,3.0,100.0,5.3517847,47.72637,1.0,463.09033
2024-02-19 06:00:00+00:00,27.55,61.736897,30.220116,0.0,3.0,100.0,6.6185193,112.38018,1.0,454.6932
2024-02-19 07:00:00+00:00,27.75,56.61647,29.172623,0.0,3.0,100.0,11.269782,153.43501,1.0,293.89288
2024-02-19 08:00:00+00:00,27.35,59.056114,28.84124,0.0,3.0,100.0,11.753877,152.6502,1.0,257.72534
2024-02-19 09:00:00+00:00,25.4,66.25887,27.046572,0.0,3.0,100.0,10.703569,132.27362,1.0,94.93361
2024-02-19 10:00:00+00:00,23.0,73.92477,24.504988,0.0,3.0,99.0,9.957108,130.60121,0.0,0.0
2024-02-19 11:00:00+00:00,21.05,82.996284,23.092005,0.0,3.0,100.0,6.1305785,130.23628,0.0,0.0
2024-02-19 12:00:00+00:00,19.3,90.75133,21.099882,0.0,3.0,100.0,6.8777895,137.12111,0.0,0.0
2024-02-19 13:00:00+00:00,20.6,85.59466,22.99355,0.0,0.0,2.0,3.8773184,158.19853,0.0,0.0
2024-02-19 14:00:00+00:00,19.85,89.37446,22.524405,0.0,0.0,10.0,1.8,216.86998,0.0,0.0
2024-02-19 15:00:00+00:00,19.05,93.343414,21.793896,0.0,0.0,0.0,1.0182338,224.9999,0.0,0.0
2024-02-19 16:00:00+00:00,18.35,96.90807,20.915289,0.0,0.0,0.0,1.9386592,338.19852,0.0,0.0
2024-02-19 17:00:00+00:00,16.8,99.36734,18.681498,0.0,0.0,5.0,3.219938,296.56497,0.0,0.0
2024-02-19 18:00:00+00:00,16.3,100.0,18.001457,0.0,3.0,98.0,3.319036,282.5288,0.0,0.0
2024-02-19 19:00:00+00:00,15.8,100.0,17.66618,0.0,3.0,97.0,0.8049845,243.43501,0.0,0.0
2024-02-19 20:00:00+00:00,15.35,99.67966,16.874723,0.0,3.0,100.0,1.8,270.0,0.0,0.0
2024-02-19 21:00:00+00:00,15.25,99.6794,16.646431,0.0,3.0,100.0,2.4149535,296.56497,0.0,0.0
2024-02-19 22:00:00+00:00,15.5,99.68002,17.013506,0.0,3.0,100.0,2.2768397,288.43503,0.0,0.0
2024-02-19 23:00:00+00:00,16.0,98.415215,17.581398,0.0,3.0,100.0,2.6208394,285.94547,1.0,22.764294
2024-02-20 00:00:00+00:00,17.0,95.95616,18.873676,0.0,3.0,86.0,2.2768397,288.43503,1.0,117.26995
2024-02-20 01:00:00+00:00,19.4,90.47284,21.815033,0.0,3.0,99.0,2.8116899,320.1945,1.0,264.25522
2024-02-20 02:00:00+00:00,21.8,82.825134,25.057703,0.0,2.0,77.0,0.0,270.0,1.0,473.48163
2024-02-20 03:00:00+00:00,23.6,75.661835,26.907455,0.0,2.0,63.0,4.32,90.0,1.0,676.707
2024-02-20 04:00:00+00:00,25.7,66.943924,29.290577,0.0,1.0,43.0,5.95906,64.98315,1.0,733.99164
2024-02-20 05:00:00+00:00,27.65,61.376892,31.160206,0.0,2.0,61.0,6.519877,83.659904,1.0,673.9431
2024-02-20 06:00:00+00:00,29.05,52.330795,31.153316,0.0,2.0,62.0,10.009036,127.694305,1.0,605.0878
2024-02-20 07:00:00+00:00,28.2,53.782043,28.54237,0.0,1.0,46.0,17.429354,128.2902,1.0,476.87173
2024-02-20 08:00:00+00:00,27.2,58.10334,27.826653,0.0,1.0,30.0,16.418526,127.875046,1.0,341.7982
2024-02-20 09:00:00+00:00,25.4,64.619156,26.46914,0.0,2.0,57.0,13.397612,120.699646,1.0,154.22595
2024-02-20 10:00:00+00:00,22.45,74.53282,23.850365,0.0,3.0,95.0,9.449572,107.74477,0.0,0.0
2024-02-20 11:00:00+00:00,20.4,82.919464,22.101746,0.0,3.0,87.0,6.489992,93.17977,0.0,0.0
2024-02-20 12:00:00+00:00,18.8,89.86079,20.525116,0.0,1.0,30.0,5.4477882,82.40546,0.0,0.0
2024-02-20 13:00:00+00:00,18.3,91.26079,20.185858,0.0,0.0,5.0,3.6179552,95.7105,0.0,0.0
2024-02-20 14:00:00+00:00,17.4,95.0585,19.181389,0.0,1.0,25.0,3.6179552,84.2895,0.0,0.0
2024-02-20 15:00:00+00:00,16.9,96.874,18.65384,0.0,3.0,90.0,3.2399998,90.0,0.0,0.0
2024-02-20 16:00:00+00:00,16.9,97.18271,18.648918,0.0,3.0,99.0,3.4152596,71.564964,0.0,0.0
2024-02-20 17:00:00+00:00,16.65,99.05123,18.635057,0.0,3.0,100.0,1.9386592,21.801476,0.0,0.0
2024-02-20 18:00:00+00:00,16.7,99.05155,18.871113,0.0,3.0,100.0,0.8049845,116.56499,0.0,0.0
2024-02-20 19:00:00+00:00,16.65,99.36659,18.88603,0.0,3.0,100.0,0.35999998,180.0,0.0,0.0
2024-02-20 20:00:00+00:00,16.55,99.36612,18.607832,0.0,3.0,100.0,1.2979984,146.3099,0.0,0.0
2024-02-20 21:00:00+00:00,16.8,99.0523,18.815142,0.0,3.0,100.0,2.16,360.0,0.0,0.0
2024-02-20 22:00:00+00:00,17.0,99.05375,19.046616,0.0,3.0,100.0,2.52,360.0,0.0,0.0
2024-02-20 23:00:00+00:00,17.0,99.36827,18.836683,0.0,3.0,100.0,4.1046314,344.7448,1.0,21.916777
2024-02-21 00:00:00+00:00,17.8,98.43685,19.967281,0.0,3.0,100.0,3.7585104,16.699326,1.0,73.06372
2024-02-21 01:00:00+00:00,20.05,88.27425,22.502745,0.0,2.0,64.0,3.319036,77.4712,1.0,297.14865
2024-02-21 02:00:00+00:00,23.0,78.6984,25.383007,0.0,3.0,83.0,7.127636,44.999897,1.0,508.10178
2024-02-21 03:00:00+00:00,24.7,73.0681,27.257578,0.0,3.0,95.0,7.4128532,60.94549,1.0,389.46298
2024-02-21 04:00:00+00:00,27.9,60.863987,30.759964,0.0,1.0,37.0,6.28713,156.3706,1.0,578.3079
2024-02-21 05:00:00+00:00,29.9,47.53102,30.680298,0.0,0.0,18.0,16.854767,199.9832,1.0,643.3943
2024-02-21 06:00:00+00:00,30.6,44.240215,30.741642,0.0,1.0,37.0,19.33639,204.17911,1.0,609.90186
2024-02-21 07:00:00+00:00,29.8,46.908047,29.784145,0.0,1.0,35.0,17.76081,197.70052,1.0,442.9823
2024-02-21 08:00:00+00:00,29.2,48.713257,29.59095,0.0,1.0,22.0,15.124284,178.63611,1.0,331.4502
2024-02-21 09:00:00+00:00,27.5,54.976933,28.222885,0.0,1.0,25.0,13.910169,169.56258,1.0,154.1619
2024-02-21 10:00:00+00:00,24.3,72.54518,25.835226,0.0,0.0,11.0,12.768586,158.4985,0.0,0.0
2024-02-21 11:00:00+00:00,22.6,82.66238,24.622114,0.0,0.0,11.0,10.931203,162.75845,0.0,0.0
2024-02-21 12:00:00+00:00,21.3,88.654015,23.863579,0.0,0.0,3.0,6.725354,164.47583,0.0,0.0
2024-02-21 13:00:00+00:00,20.95,86.43811,23.34904,0.0,0.0,0.0,5.4119864,176.186,0.0,0.0
2024-02-21 14:00:00+00:00,20.35,88.57657,22.658651,0.0,0.0,1.0,5.3999996,180.0,0.0,0.0
2024-02-21 15:00:00+00:00,20.3,88.850525,23.179724,0.0,0.0,0.0,1.484318,255.96373,0.0,0.0
2024-02-21 16:00:00+00:00,19.25,92.187325,21.822916,0.0,0.0,3.0,2.1897945,279.46225,0.0,0.0
2024-02-21 17:00:00+00:00,19.15,91.891914,21.758764,0.0,0.0,5.0,1.484318,284.03625,0.0,0.0
2024-02-21 18:00:00+00:00,17.55,97.81351,19.33276,0.0,3.0,100.0,5.3517847,109.653915,0.0,0.0
2024-02-21 19:00:00+00:00,16.95,92.941414,17.40702,0.1,51.0,100.0,10.464797,116.56499,0.0,0.0
2024-02-21 20:00:00+00:00,15.7,88.1863,15.573647,0.3,51.0,100.0,9.178235,131.82008,0.0,0.0
2024-02-21 21:00:00+00:00,14.85,87.82514,14.482393,0.5,53.0,100.0,8.699793,114.44395,0.0,0.0
2024-02-21 22:00:00+00:00,13.7,91.85934,13.300241,0.4,51.0,100.0,7.8954163,133.1524,0.0,0.0
2024-02-21 23:00:00+00:00,13.4,90.34107,13.008755,0.2,51.0,100.0,6.618519,135.0001,1.0,10.562046
2024-02-22 00:00:00+00:00,13.55,83.17832,12.798662,0.1,51.0,100.0,6.763786,115.20109,1.0,38.64202
2024-02-22 01:00:00+00:00,13.6,84.29682,12.942106,0.1,51.0,100.0,6.638072,102.5288,1.0,103.41532
2024-02-22 02:00:00+00:00,14.05,79.72134,12.912266,0.1,51.0,100.0,9.107359,108.43504,1.0,197.02971
2024-02-22 03:00:00+00:00,14.05,77.62282,12.875626,0.1,51.0,100.0,8.557102,104.62092,1.0,197.33572
2024-02-22 04:00:00+00:00,13.9,77.082275,12.60524,0.1,51.0,100.0,8.891344,111.3707,1.0,158.62776
2024-02-22 05:00:00+00:00,14.35,74.36838,12.914724,0.0,3.0,100.0,9.659814,116.56499,1.0,231.54028
2024-02-22 06:00:00+00:00,14.2,73.35127,12.619608,0.0,3.0,100.0,9.983106,115.64096,1.0,191.97961
2024-02-22 07:00:00+00:00,14.05,73.07832,12.508444,0.0,3.0,100.0,9.339208,117.552734,1.0,169.54506
2024-02-22 08:00:00+00:00,13.6,74.23843,12.097315,0.0,3.0,100.0,8.699793,114.44395,1.0,95.49841
2024-02-22 09:00:00+00:00,13.15,75.168976,11.4150095,0.0,3.0,100.0,9.83268,113.749504,1.0,41.353485
2024-02-22 10:00:00+00:00,12.45,76.59267,10.678629,0.0,3.0,100.0,9.360001,112.61991,0.0,0.0
2024-02-22 11:00:00+00:00,11.75,79.12332,9.92692,0.0,3.0,100.0,9.360001,112.61991,0.0,0.0
2024-02-22 12:00:00+00:00,11.4,79.61148,9.630197,0.0,3.0,100.0,8.557102,104.62092,0.0,0.0
2024-02-22 13:00:00+00:00,10.65,79.231926,8.826449,0.0,3.0,100.0,7.5685663,87.27374,0.0,0.0
2024-02-22 14:00:00+00:00,10.6,79.22461,8.923144,0.0,3.0,100.0,6.4799995,90.0,0.0,0.0
2024-02-22 15:00:00+00:00,10.5,79.481606,9.1174345,0.0,3.0,100.0,4.379589,80.53775,0.0,0.0
2024-02-22 16:00:00+00:00,10.3,80.54881,8.766873,0.1,51.0,100.0,5.4119864,86.186005,0.0,0.0
2024-02-22 17:00:00+00:00,10.2,80.81129,8.602498,0.1,51.0,100.0,5.771239,93.57626,0.0,0.0
2024-02-22 18:00:00+00:00,10.1,81.35308,8.554889,0.1,51.0,100.0,5.4119864,86.186005,0.0,0.0
2024-02-22 19:00:00+00:00,10.0,81.61891,8.392186,0.1,51.0,100.0,5.7599998,90.0,0.0,0.0
2024-02-22 20:00:00+00:00,9.95,81.89244,8.4305,0.1,51.0,100.0,5.1544156,102.09474,0.0,0.0
2024-02-22 21:00:00+00:00,9.9,82.16699,8.449684,0.1,51.0,100.0,4.68,90.0,0.0,0.0
2024-02-22 22:00:00+00:00,9.85,82.160576,8.32781,0.0,3.0,100.0,5.0911684,98.13002,0.0,0.0
2024-02-22 23:00:00+00:00,10.0,81.61891,8.69679,0.0,3.0,100.0,3.671294,101.3099,1.0,5.0932665
2024-02-23 00:00:00+00:00,10.35,80.280525,8.973939,0.0,3.0,100.0,4.3349743,85.23644,1.0,38.42335
2024-02-23 01:00:00+00:00,10.5,80.57649,9.009953,0.0,3.0,100.0,5.4477882,97.59455,1.0,90.966324
2024-02-23 02:00:00+00:00,11.05,77.68296,9.424114,0.0,3.0,100.0,6.379216,106.38962,1.0,185.64894
2024-02-23 03:00:00+00:00,11.65,74.91374,10.20215,0.0,3.0,100.0,5.2416787,105.945465,1.0,203.66852
2024-02-23 04:00:00+00:00,12.75,70.886055,11.229218,0.0,3.0,100.0,6.162207,96.70974,1.0,302.88144
2024-02-23 05:00:00+00:00,12.95,70.203545,11.277197,0.0,3.0,100.0,7.289444,110.22495,1.0,231.53554
2024-02-23 06:00:00+00:00,12.8,70.654434,10.881213,0.0,3.0,100.0,8.891344,111.3707,1.0,174.97873
2024-02-23 07:00:00+00:00,12.65,70.625336,10.577334,0.0,3.0,100.0,9.6932955,105.06854,1.0,166.9147
2024-02-23 08:00:00+00:00,12.05,72.21946,9.851742,0.0,3.0,100.0,10.137692,106.50443,1.0,70.86782
2024-02-23 09:00:00+00:00,11.55,72.623085,9.231375,0.0,3.0,100.0,10.308831,102.09474,1.0,39.49575
2024-02-23 10:00:00+00:00,10.8,75.80241,8.580204,0.0,3.0,100.0,9.47012,98.74608,1.0,0.0
2024-02-23 11:00:00+00:00,10.25,78.093155,8.179264,0.0,3.0,100.0,8.287822,87.5105,0.0,0.0
2024-02-23 12:00:00+00:00,10.05,78.33152,7.9686766,0.0,3.0,100.0,8.12197,77.19574,0.0,0.0
2024-02-23 13:00:00+00:00,9.7,79.913666,8.011132,0.1,51.0,100.0,5.3517847,70.346085,0.0,0.0
2024-02-23 14:00:00+00:00,9.6,80.17506,7.648651,0.2,51.0,100.0,7.072878,75.25639,0.0,0.0
2024-02-23 15:00:00+00:00,9.7,80.18917,8.483775,0.3,51.0,100.0,2.1897945,9.462248,0.0,0.0
2024-02-23 16:00:00+00:00,9.6,86.45638,8.517742,0.6,53.0,100.0,2.9024127,60.255207,0.0,0.0
2024-02-23 17:00:00+00:00,9.55,84.40655,8.370852,0.0,3.0,100.0,2.9024127,60.255207,0.0,0.0
2024-02-23 18:00:00+00:00,9.6,85.28301,8.344158,0.0,3.0,100.0,3.7585104,106.699326,0.0,0.0
2024-02-23 19:00:00+00:00,9.55,83.83021,8.272203,0.0,3.0,100.0,3.4152596,108.43504,0.0,0.0
2024-02-23 20:00:00+00:00,9.45,84.39515,8.19485,0.0,3.0,100.0,3.2599385,96.340096,0.0,0.0
2024-02-23 21:00:00+00:00,9.35,84.964355,8.034857,0.0,3.0,100.0,3.671294,101.3099,0.0,0.0
2024-02-23 22:00:00+00:00,9.3,84.08895,7.8930836,0.0,3.0,100.0,3.9763298,95.19434,0.0,0.0
2024-02-23 23:00:00+00:00,9.35,84.09476,7.799736,0.0,3.0,100.0,5.04,90.0,1.0,14.741882
2024-02-24 00:00:00+00:00,9.5,84.112144,7.98526,0.0,3.0,100.0,5.04,90.0,1.0,53.487732
2024-02-24 01:00:00+00:00,10.1,81.91194,8.631267,0.0,3.0,100.0,5.0528407,85.91447,1.0,139.92255
2024-02-24 02:00:00+00:00,10.0,85.90945,8.945663,1.7,61.0,100.0,3.219938,116.56499,1.0,110.19014
2024-02-24 03:00:00+00:00,10.8,85.411766,9.858308,0.7,53.0,100.0,3.671294,101.3099,1.0,231.31406
2024-02-24 04:00:00+00:00,11.35,79.06462,10.210388,0.4,51.0,100.0,3.9763298,95.19434,1.0,193.36237
2024-02-24 05:00:00+00:00,12.7,75.85939,11.952217,0.0,3.0,100.0,2.52,90.0,1.0,398.03232
2024-02-24 06:00:00+00:00,13.2,74.67158,12.503418,0.0,3.0,100.0,2.6208394,74.054535,1.0,278.10645
2024-02-24 07:00:00+00:00,13.45,74.71446,12.682821,0.0,3.0,100.0,3.563818,44.999897,1.0,165.17775
2024-02-24 08:00:00+00:00,14.15,72.11944,13.590914,0.0,3.0,100.0,2.4149535,63.435013,1.0,147.64
2024-02-24 09:00:00+00:00,14.1,72.59729,13.155046,0.0,3.0,100.0,5.154415,114.775116,1.0,46.352554
2024-02-24 10:00:00+00:00,12.95,75.38956,11.28411,0.0,3.0,100.0,9.085988,123.6901,1.0,0.0
2024-02-24 11:00:00+00:00,11.45,78.01031,9.361856,0.0,3.0,100.0,10.30883,114.775116,0.0,0.0
2024-02-24 12:00:00+00:00,10.8,79.797,9.077985,0.0,3.0,98.0,7.289444,110.22495,0.0,0.0
2024-02-24 13:00:00+00:00,11.2,85.1663,10.044129,0.0,3.0,99.0,5.771239,93.57626,0.0,0.0
2024-02-24 14:00:00+00:00,11.05,85.43838,10.122301,0.0,3.0,100.0,4.0249224,79.69521,0.0,0.0
2024-02-24 15:00:00+00:00,11.15,84.5872,10.344452,0.0,3.0,100.0,3.096837,54.46224,0.0,0.0
2024-02-24 16:00:00+00:00,11.2,83.45602,10.337157,0.0,3.0,100.0,3.219938,63.435013,0.0,0.0
2024-02-24 17:00:00+00:00,11.2,82.89269,10.380871,0.0,3.0,100.0,2.7416782,66.801384,0.0,0.0
2024-02-24 18:00:00+00:00,11.0,84.284546,10.310979,0.0,3.0,100.0,1.9386592,21.801476,0.0,0.0
2024-02-24 19:00:00+00:00,11.15,78.76624,10.002962,0.0,3.0,100.0,3.6,360.0,0.0,0.0
2024-02-24 20:00:00+00:00,11.0,75.83575,9.680784,0.1,51.0,100.0,3.6179552,5.7105074,0.0,0.0
2024-02-24 21:00:00+00:00,10.7,76.046585,9.185489,0.3,51.0,100.0,4.5536795,341.56494,0.0,0.0
2024-02-24 22:00:00+00:00,10.5,75.7523,8.942226,0.0,1.0,42.0,4.452954,345.9637,0.0,0.0
2024-02-24 23:00:00+00:00,9.75,85.59092,8.671016,0.0,3.0,100.0,2.8799999,360.0,1.0,33.198925
2024-02-25 00:00:00+00:00,10.9,75.55932,9.850255,0.0,3.0,100.0,1.5273507,44.999897,1.0,110.92885
2024-02-25 01:00:00+00:00,10.65,81.70431,9.777857,0.2,51.0,100.0,1.8,53.13002,1.0,95.587715
2024-02-25 02:00:00+00:00,11.4,79.071976,10.470636,0.2,51.0,100.0,2.6208394,74.054535,1.0,165.17186
2024-02-25 03:00:00+00:00,12.1,76.017914,11.053074,0.1,51.0,100.0,3.6,90.0,1.0,232.29834
2024-02-25 04:00:00+00:00,12.2,75.51953,11.488775,0.3,51.0,100.0,1.2979984,123.690094,1.0,157.52751
2024-02-25 05:00:00+00:00,11.4,84.61514,10.331954,0.9,53.0,100.0,5.3517847,109.653915,1.0,70.93377
2024-02-25 06:00:00+00:00,11.4,82.63723,10.13974,0.8,53.0,100.0,6.0347,107.35411,1.0,121.093155
2024-02-25 07:00:00+00:00,11.95,81.048615,10.755674,0.0,3.0,100.0,6.0347,107.35411,1.0,215.52176
2024-02-25 08:00:00+00:00,11.55,80.994736,9.946233,0.1,51.0,100.0,8.12197,102.80426,1.0,99.890755
2024-02-25 09:00:00+00:00,10.8,81.72393,8.9492855,0.0,3.0,100.0,8.766573,109.17911,1.0,31.007029
2024-02-25 10:00:00+00:00,10.1,83.03983,8.334268,0.0,3.0,100.0,7.42159,104.03627,1.0,0.0
2024-02-25 11:00:00+00:00,9.65,84.12952,7.9253263,0.0,3.0,100.0,6.725354,105.52418,0.0,0.0
2024-02-25 12:00:00+00:00,9.5,82.96604,7.6631165,0.0,3.0,100.0,6.924738,98.97255,0.0,0.0
2024-02-25 13:00:00+00:00,8.85,83.74752,7.060672,0.0,3.0,100.0,5.8048253,82.875084,0.0,0.0
2024-02-25 14:00:00+00:00,8.8,83.1659,7.0919275,0.0,3.0,100.0,5.0142193,68.96242,0.0,0.0
2024-02-25 15:00:00+00:00,8.8,82.59371,7.1883974,0.0,3.0,100.0,4.198285,59.03632,0.0,0.0
2024-02-25 16:00:00+00:00,8.7,82.58109,7.079666,0.0,3.0,100.0,4.1046314,52.124958,0.0,0.0
2024-02-25 17:00:00+00:00,8.65,82.28971,7.007416,0.0,3.0,100.0,4.1046314,52.124958,0.0,0.0
2024-02-25 18:00:00+00:00,8.65,80.87739,6.6963453,0.0,3.0,100.0,5.8603754,47.489597,0.0,0.0
2024-02-25 19:00:00+00:00,8.6,81.7156,6.661826,0.4,51.0,100.0,5.904439,52.431335,0.0,0.0
2024-02-25 20:00:00+00:00,8.5,81.419655,6.751379,0.1,51.0,100.0,4.379589,80.53775,0.0,0.0
2024-02-25 21:00:00+00:00,8.35,80.83614,6.391567,0.2,51.0,100.0,5.4477882,82.40546,0.0,0.0
2024-02-25 22:00:00+00:00,8.05,82.78579,5.9459333,0.0,3.0,100.0,6.519877,83.659904,0.0,0.0
2024-02-25 23:00:00+00:00,7.8,83.04284,5.65897,0.1,51.0,100.0,6.4799995,90.0,1.0,9.158707
2024-02-26 00:00:00+00:00,7.5,88.362305,5.6445436,0.9,53.0,100.0,5.4119864,86.186005,1.0,19.643124
2024-02-26 01:00:00+00:00,7.85,85.38776,5.543417,0.1,51.0,100.0,8.28,90.0,1.0,113.7913
2024-02-26 02:00:00+00:00,7.9,88.397255,5.976635,1.2,55.0,100.0,6.489992,93.17977,1.0,125.75747
2024-02-26 03:00:00+00:00,8.25,81.669334,6.045454,1.0,55.0,99.0,7.208994,92.86235,1.0,113.976814
2024-02-26 04:00:00+00:00,9.35,76.61531,7.330593,0.1,51.0,100.0,6.162207,83.29026,1.0,236.24889
2024-02-26 05:00:00+00:00,9.05,77.90774,6.8109074,0.5,53.0,100.0,7.5942073,84.55976,1.0,131.02446
2024-02-26 06:00:00+00:00,9.85,73.83047,7.610939,0.1,51.0,100.0,7.5942073,95.44024,1.0,195.84943
2024-02-26 07:00:00+00:00,9.55,75.33081,7.1196404,0.0,3.0,100.0,8.905908,104.03627,1.0,83.5418
2024-02-26 08:00:00+00:00,9.35,75.2967,6.9396877,0.1,51.0,100.0,8.473393,102.26476,1.0,53.707024
2024-02-26 09:00:00+00:00,9.05,74.46257,6.6581745,0.1,51.0,100.0,7.69592,100.784256,1.0,23.670212
2024-02-26 10:00:00+00:00,8.7,75.1854,6.5475063,0.1,51.0,100.0,5.771239,93.57626,1.0,0.0
2024-02-26 11:00:00+00:00,8.5,74.88841,6.4994917,0.0,3.0,100.0,4.379589,80.53775,0.0,0.0
2024-02-26 12:00:00+00:00,8.45,76.20122,6.7056074,0.0,3.0,100.0,2.9024127,60.255207,0.0,0.0
2024-02-26 13:00:00+00:00,7.85,79.64712,6.202915,0.0,3.0,100.0,2.3051248,51.34017,0.0,0.0
2024-02-26 14:00:00+00:00,7.95,78.831184,6.1772137,0.1,51.0,100.0,3.096837,35.537766,0.0,0.0
2024-02-26 15:00:00+00:00,7.9,80.21249,6.196765,0.3,51.0,100.0,2.9024127,29.744795,0.0,0.0
2024-02-26 16:00:00+00:00,7.95,78.55607,6.2364073,0.0,3.0,100.0,2.6208394,15.945477,0.0,0.0
2024-02-26 17:00:00+00:00,7.75,85.376945,6.292967,0.0,3.0,100.0,2.3051248,51.34017,0.0,0.0
2024-02-26 18:00:00+00:00,7.95,83.931114,6.652294,0.1,51.0,99.0,1.1384199,71.564964,0.0,0.0
2024-02-26 19:00:00+00:00,7.8,84.792076,6.385578,0.1,51.0,100.0,1.9386592,21.801476,0.0,0.0
2024-02-26 20:00:00+00:00,7.95,82.48602,6.445279,0.2,51.0,100.0,2.1897945,80.53775,0.0,0.0
2024-02-26 21:00:00+00:00,7.95,82.48602,6.3824186,0.0,3.0,100.0,2.6208394,74.054535,0.0,0.0
2024-02-26 22:00:00+00:00,7.9,81.6229,6.357258,0.0,3.0,100.0,2.16,90.0,0.0,0.0
2024-02-26 23:00:00+00:00,7.95,81.629555,6.3329754,0.0,3.0,100.0,2.7416782,113.19862,1.0,13.272186
2024-02-27 00:00:00+00:00,8.25,81.10382,6.591297,0.0,3.0,99.0,3.319036,102.5288,1.0,55.59424
2024-02-27 01:00:00+00:00,8.75,79.22567,6.792555,0.0,3.0,100.0,5.5887027,75.068535,1.0,158.81181
2024-02-27 02:00:00+00:00,9.75,75.88866,7.894704,0.0,3.0,100.0,5.4119864,93.814,1.0,311.9273
2024-02-27 03:00:00+00:00,10.7,72.71659,8.834852,0.0,3.0,100.0,5.937272,104.03627,1.0,387.59125
2024-02-27 04:00:00+00:00,11.9,68.33052,10.154134,0.0,3.0,100.0,5.506941,101.3099,1.0,445.8237
2024-02-27 05:00:00+00:00,12.5,65.91401,10.837369,0.0,3.0,100.0,5.0142193,111.03758,1.0,343.79788
2024-02-27 06:00:00+00:00,13.2,63.617386,11.737563,0.0,3.0,100.0,3.8773184,111.801476,1.0,350.10013
2024-02-27 07:00:00+00:00,13.05,63.802597,11.299916,0.0,3.0,100.0,5.692099,124.69522,1.0,168.93294
2024-02-27 08:00:00+00:00,12.65,64.37503,10.334652,0.0,3.0,100.0,9.178235,115.55992,1.0,91.79268
2024-02-27 09:00:00+00:00,11.4,67.52206,8.664277,0.0,3.0,100.0,11.298495,112.47948,1.0,51.562775
2024-02-27 10:00:00+00:00,10.25,71.63267,7.956215,0.0,3.0,85.0,7.8954163,114.22774,1.0,0.0
2024-02-27 11:00:00+00:00,9.8,74.33563,7.8642445,0.0,3.0,100.0,5.5887027,104.93147,0.0,0.0
2024-02-27 12:00:00+00:00,9.75,75.36486,8.186568,0.0,3.0,100.0,3.2599385,83.659904,0.0,0.0
2024-02-27 13:00:00+00:00,8.9,77.884415,7.2664995,0.0,3.0,100.0,3.219938,63.435013,0.0,0.0
2024-02-27 14:00:00+00:00,8.8,79.784615,7.311507,0.3,51.0,98.0,2.5959969,56.309914,0.0,0.0
2024-02-27 15:00:00+00:00,8.55,86.94706,7.3284492,0.1,51.0,97.0,2.3051248,321.34018,0.0,0.0
2024-02-27 16:00:00+00:00,8.85,82.315315,7.5679293,0.0,3.0,100.0,1.9386592,338.19852,0.0,0.0
2024-02-27 17:00:00+00:00,8.85,83.459335,7.62813,0.0,3.0,100.0,1.835647,348.6901,0.0,0.0
2024-02-27 18:00:00+00:00,8.85,88.47967,7.7747374,0.0,3.0,100.0,2.1897945,350.53775,0.0,0.0
2024-02-27 19:00:00+00:00,9.15,79.83494,7.99975,0.0,3.0,100.0,0.8049845,296.56497,0.0,0.0
2024-02-27 20:00:00+00:00,8.9,86.68308,7.7877254,0.0,3.0,100.0,2.0364676,315.0001,0.0,0.0
2024-02-27 21:00:00+00:00,9.25,79.57385,8.01829,0.0,3.0,99.0,1.4399999,360.0,0.0,0.0
2024-02-27 22:00:00+00:00,9.3,78.216896,8.017472,0.0,3.0,100.0,1.484318,14.036275,0.0,0.0
2024-02-27 23:00:00+00:00,9.25,79.0255,7.9233217,0.0,3.0,98.0,1.9386592,111.801476,1.0,34.21016
2024-02-28 00:00:00+00:00,9.9,79.39437,8.866189,0.0,3.0,100.0,1.0182338,135.0001,1.0,177.81049
2024-02-28 01:00:00+00:00,10.45,78.12385,9.582265,0.0,3.0,100.0,0.35999998,90.0,1.0,214.66545
2024-02-28 02:00:00+00:00,10.3,80.54881,9.219957,0.2,51.0,88.0,2.3051248,141.34016,1.0,108.76002
2024-02-28 03:00:00+00:00,12.55,74.55961,11.948828,0.0,3.0,100.0,0.8049845,63.435013,1.0,478.9847
2024-02-28 04:00:00+00:00,13.2,72.92473,12.393728,0.0,3.0,85.0,2.7416782,23.198618,1.0,322.03522
2024-02-28 05:00:00+00:00,14.65,69.35733,14.016043,0.0,3.0,97.0,2.7416782,23.198618,1.0,439.32587
2024-02-28 06:00:00+00:00,14.75,70.316956,13.851591,0.1,51.0,100.0,5.1165614,39.289394,1.0,281.049
2024-02-28 07:00:00+00:00,13.75,76.54382,13.153677,0.0,2.0,65.0,3.6179552,84.2895,1.0,75.5034
2024-02-28 08:00:00+00:00,15.35,72.09947,15.204294,0.0,1.0,32.0,1.8,360.0,1.0,225.11868
2024-02-28 09:00:00+00:00,15.75,71.456245,15.444788,0.0,0.0,17.0,3.396233,57.99466,1.0,142.23802
2024-02-28 10:00:00+00:00,13.75,81.01811,12.979252,0.0,1.0,30.0,6.489992,123.6901,1.0,0.0
2024-02-28 11:00:00+00:00,12.15,86.12963,11.014338,0.0,2.0,55.0,7.7043357,127.40543,0.0,0.0
2024-02-28 12:00:00+00:00,10.85,92.300316,10.1353445,0.0,3.0,88.0,4.3349743,131.63345,0.0,0.0
2024-02-28 13:00:00+00:00,10.45,93.21259,9.657307,0.0,3.0,83.0,4.39436,124.992096,0.0,0.0
2024-02-28 14:00:00+00:00,10.35,93.207405,9.612602,0.0,3.0,88.0,3.8268526,138.81418,0.0,0.0
2024-02-28 15:00:00+00:00,9.7,96.6962,8.92549,0.0,3.0,99.0,3.8939953,146.3099,0.0,0.0
2024-02-28 16:00:00+00:00,10.0,96.0563,9.585643,0.0,3.0,100.0,1.8,270.0,0.0,0.0
2024-02-28 17:00:00+00:00,10.2,96.70903,9.86383,0.0,3.0,100.0,1.835647,258.6901,0.0,0.0
2024-02-28 18:00:00+00:00,10.75,92.29448,10.423191,0.0,3.0,100.0,1.484318,194.03627,0.0,0.0
2024-02-28 19:00:00+00:00,10.85,91.68295,10.573635,0.0,3.0,99.0,1.1384199,198.43504,0.0,0.0
2024-02-28 20:00:00+00:00,10.95,91.38214,10.664278,0.0,3.0,100.0,1.2979984,146.3099,0.0,0.0
2024-02-28 21:00:00+00:00,11.15,90.78454,10.976523,0.0,3.0,100.0,0.71999997,180.0,0.0,0.0
2024-02-28 22:00:00+00:00,11.3,90.49129,10.976921,0.0,3.0,100.0,1.9386592,158.19853,0.0,0.0
2024-02-28 23:00:00+00:00,11.6,87.82572,11.234784,0.0,3.0,100.0,1.9386592,158.19853,1.0,16.543941
2024-02-29 00:00:00+00:00,12.2,84.98853,11.997015,0.0,3.0,100.0,1.0182338,135.0001,1.0,72.81377
2024-02-29 01:00:00+00:00,12.85,81.16903,12.664017,0.0,3.0,100.0,0.8049845,116.56499,1.0,138.82318
2024-02-29 02:00:00+00:00,14.25,78.173004,13.915625,0.0,3.0,83.0,3.396233,122.00535,1.0,323.80334
2024-02-29 03:00:00+00:00,16.6,71.852165,16.398964,0.0,3.0,100.0,4.5536795,18.435053,1.0,560.7299
2024-02-29 04:00:00+00:00,16.7,73.79207,15.685997,0.0,3.0,100.0,11.212135,317.6026,1.0,284.1523
2024-02-29 05:00:00+00:00,15.9,68.223976,14.019005,0.0,3.0,100.0,13.1041975,285.94547,1.0,217.67862
2024-02-29 06:00:00+00:00,16.1,64.70307,14.127516,0.0,3.0,100.0,12.57426,283.24054,1.0,213.87798
2024-02-29 07:00:00+00:00,15.5,64.78887,13.480207,0.0,3.0,100.0,11.874544,284.03625,1.0,134.86662
2024-02-29 08:00:00+00:00,13.95,71.83971,11.793615,0.1,51.0,100.0,12.904882,300.1413,1.0,61.29464
2024-02-29 09:00:00+00:00,13.1,79.319695,11.477307,4.6,63.0,100.0,10.464797,296.56497,1.0,21.843763
2024-02-29 10:00:00+00:00,11.65,89.91314,10.130362,7.8,65.0,100.0,10.630672,298.30066,1.0,0.05283964
2024-02-29 11:00:00+00:00,10.9,90.15911,8.760925,1.2,55.0,100.0,13.53236,298.61035,0.0,0.0
2024-02-29 12:00:00+00:00,10.75,90.75676,9.6781845,3.5,63.0,100.0,6.12,270.0,0.0,0.0
2024-02-29 13:00:00+00:00,10.6,90.74632,8.783066,1.1,55.0,100.0,10.948973,297.4075,0.0,0.0
2024-02-29 14:00:00+00:00,10.15,91.329895,8.702455,0.6,53.0,100.0,7.771331,283.39252,0.0,0.0
2024-02-29 15:00:00+00:00,9.95,87.67609,8.418257,0.3,51.0,100.0,6.9247384,297.8972,0.0,0.0
2024-02-29 16:00:00+00:00,9.55,90.981094,7.857642,0.6,53.0,100.0,8.287822,304.3804,0.0,0.0
2024-02-29 17:00:00+00:00,9.3,85.83667,7.157076,0.1,51.0,100.0,9.511088,299.4758,0.0,0.0
2024-02-29 18:00:00+00:00,8.95,85.80007,6.7727213,0.0,3.0,100.0,9.178235,295.5599,0.0,0.0
2024-02-29 19:00:00+00:00,8.85,85.78959,6.8803616,0.0,3.0,100.0,7.5942082,301.4295,0.0,0.0
2024-02-29 20:00:00+00:00,8.8,85.78435,6.773611,0.0,3.0,100.0,7.9036193,300.06848,0.0,0.0
2024-02-29 21:00:00+00:00,8.85,84.61737,6.9509907,0.0,3.0,100.0,6.792466,302.00534,0.0,0.0
2024-02-29 22:00:00+00:00,9.0,84.63428,7.1232243,0.0,3.0,100.0,6.8777895,312.8789,0.0,0.0
2024-02-29 23:00:00+00:00,9.25,86.42131,7.792012,0.0,3.0,99.0,4.896529,342.8972,1.0,12.007914
2024-03-01 00:00:00+00:00,9.75,84.71839,8.259939,0.0,3.0,100.0,5.4477882,7.59456,1.0,88.67602
2024-03-01 01:00:00+00:00,10.05,76.46477,8.327055,0.0,3.0,100.0,5.1165614,39.289394,1.0,93.61712
2024-03-01 02:00:00+00:00,10.05,70.60486,7.583332,0.0,3.0,100.0,8.4963045,53.61555,1.0,115.32
2024-03-01 03:00:00+00:00,10.7,65.748474,7.828267,0.0,3.0,100.0,10.703569,47.72637,1.0,232.92645
2024-03-01 04:00:00+00:00,11.8,59.858192,9.015501,0.0,3.0,99.0,9.686609,41.98713,1.0,355.6288
2024-03-01 05:00:00+00:00,12.55,56.778145,9.970843,0.0,3.0,100.0,8.209263,52.124958,1.0,376.23224
2024-03-01 06:00:00+00:00,12.05,57.250732,9.506016,0.0,3.0,100.0,7.491114,54.782326,1.0,157.10677
2024-03-01 07:00:00+00:00,10.95,67.19289,8.3356285,0.5,53.0,100.0,9.726665,92.12105,1.0,79.143936
2024-03-01 08:00:00+00:00,10.2,71.87225,7.4791336,0.2,51.0,100.0,10.823973,93.814,1.0,89.52686
2024-03-01 09:00:00+00:00,9.95,70.58524,7.073041,0.0,3.0,100.0,11.165805,88.15243,1.0,65.03857
2024-03-01 10:00:00+00:00,9.35,74.774895,6.8670263,0.1,51.0,100.0,8.825508,78.231735,1.0,0.24338923
2024-03-01 11:00:00+00:00,9.1,77.108444,6.6480446,0.2,51.0,100.0,8.905908,75.96373,0.0,0.0
2024-03-01 12:00:00+00:00,8.8,79.784615,6.461097,0.1,51.0,100.0,8.427383,70.01681,0.0,0.0
2024-03-01 13:00:00+00:00,7.95,82.48602,5.8138094,0.0,3.0,100.0,6.519877,83.659904,0.0,0.0
2024-03-01 14:00:00+00:00,7.75,81.03564,5.511984,0.0,3.0,100.0,6.5693827,80.53775,0.0,0.0
2024-03-01 15:00:00+00:00,7.35,80.98083,4.9850683,0.0,3.0,100.0,6.87779,83.99109,0.0,0.0
2024-03-01 16:00:00+00:00,6.95,80.925804,4.6681404,0.0,2.0,73.0,5.7599998,90.0,0.0,0.0
2024-03-01 17:00:00+00:00,6.05,82.82436,3.9843016,0.0,3.0,96.0,3.5455887,66.037506,0.0,0.0
2024-03-01 18:00:00+00:00,6.4,78.87476,4.054185,0.0,3.0,87.0,5.0142193,68.96242,0.0,0.0
2024-03-01 19:00:00+00:00,5.8,80.766304,3.666585,0.0,3.0,82.0,3.2399998,90.0,0.0,0.0
2024-03-01 20:00:00+00:00,4.65,84.73406,2.2249455,0.0,2.0,61.0,4.68,90.0,0.0,0.0
2024-03-01 21:00:00+00:00,5.65,73.855225,3.2259994,0.0,1.0,45.0,3.5455887,66.037506,0.0,0.0
2024-03-01 22:00:00+00:00,6.2,69.33565,3.7509422,0.0,1.0,44.0,3.319036,49.398785,0.0,0.0
2024-03-01 23:00:00+00:00,5.3,81.27268,3.0824661,0.0,1.0,30.0,3.319036,49.398785,1.0,42.635574
2024-03-02 00:00:00+00:00,6.95,67.044754,4.3201504,0.0,1.0,23.0,4.8433046,48.01287,1.0,189.63376
2024-03-02 01:00:00+00:00,7.85,66.76165,5.171089,0.0,1.0,24.0,6.12,61.92762,1.0,292.54327
2024-03-02 02:00:00+00:00,9.2,61.80603,6.5519066,0.0,1.0,33.0,6.151683,69.44387,1.0,561.6338
2024-03-02 03:00:00+00:00,10.8,57.74453,8.705443,0.0,3.0,100.0,7.289444,69.775055,1.0,693.18976
2024-03-02 04:00:00+00:00,11.6,55.740852,9.073371,0.0,3.0,100.0,7.072878,104.743614,1.0,580.33057
2024-03-02 05:00:00+00:00,11.6,56.534344,8.858731,0.0,3.0,100.0,8.049845,116.56499,1.0,435.2933
2024-03-02 06:00:00+00:00,11.9,56.21396,9.336653,0.0,3.0,100.0,7.0911775,113.962494,1.0,439.16858
2024-03-02 07:00:00+00:00,11.7,56.96043,8.85829,0.0,3.0,100.0,9.0,126.86999,1.0,274.38022
2024-03-02 08:00:00+00:00,11.8,56.98601,8.9280615,0.0,3.0,100.0,9.339208,117.552734,1.0,264.63705
2024-03-02 09:00:00+00:00,10.55,59.340374,6.86747,0.0,3.0,100.0,14.118243,109.359085,1.0,104.358055
2024-03-02 10:00:00+00:00,8.9,65.5814,5.521659,0.0,1.0,30.0,11.841756,109.53674,1.0,1.1553051
2024-03-02 11:00:00+00:00,8.15,70.22881,5.862443,0.0,1.0,40.0,4.6800003,112.61991,0.0,0.0
2024-03-02 12:00:00+00:00,7.1,75.97559,4.8991165,0.0,1.0,44.0,4.2136917,109.98319,0.0,0.0
2024-03-02 13:00:00+00:00,5.95,81.649445,3.6403403,0.0,0.0,3.0,4.829907,116.56499,0.0,0.0
2024-03-02 14:00:00+00:00,6.05,78.82177,3.7386355,0.0,0.0,7.0,4.3349743,94.76356,0.0,0.0
2024-03-02 15:00:00+00:00,7.3,70.81044,5.1992464,0.0,0.0,3.0,2.52,90.0,0.0,0.0
2024-03-02 16:00:00+00:00,7.05,72.5461,5.1182184,0.0,0.0,1.0,1.484318,75.96373,0.0,0.0
2024-03-02 17:00:00+00:00,6.75,75.91661,4.9934044,0.0,0.0,3.0,0.71999997,90.0,0.0,0.0
2024-03-02 18:00:00+00:00,6.45,80.57198,4.6849585,0.0,0.0,2.0,1.484318,14.036275,0.0,0.0
2024-03-02 19:00:00+00:00,6.05,91.37288,4.6141615,0.0,0.0,0.0,1.1384199,341.56494,0.0,0.0
2024-03-02 20:00:00+00:00,5.6,100.0,4.214546,0.0,3.0,99.0,2.0364676,315.0001,0.0,0.0
2024-03-02 21:00:00+00:00,5.0,100.0,3.4037867,0.0,3.0,98.0,2.5959969,303.6901,0.0,0.0
2024-03-02 22:00:00+00:00,3.65,99.99999,1.5177851,0.0,3.0,98.0,4.39436,304.9921,0.0,0.0
2024-03-02 23:00:00+00:00,4.35,99.302246,2.452497,0.0,3.0,97.0,3.6,306.86996,1.0,52.58394
2024-03-03 00:00:00+00:00,6.65,87.06417,4.875517,0.0,2.0,56.0,3.319036,310.60123,1.0,212.03212
2024-03-03 01:00:00+00:00,8.5,81.13779,7.144411,0.0,2.0,59.0,1.609969,333.43503,1.0,412.06168
2024-03-03 02:00:00+00:00,10.6,71.69926,9.479154,0.0,0.0,2.0,1.08,90.0,1.0,631.65405
2024-03-03 03:00:00+00:00,12.35,64.53031,11.945454,0.0,0.0,0.0,3.8268526,131.18582,1.0,778.9992
2024-03-03 04:00:00+00:00,13.55,59.25061,13.1224785,0.0,1.0,26.0,6.4096174,141.84273,1.0,820.2582
2024-03-03 05:00:00+00:00,13.7,58.878857,12.338041,0.0,2.0,69.0,10.799999,143.13002,1.0,758.25555
2024-03-03 06:00:00+00:00,13.6,60.922943,11.51248,0.0,0.0,17.0,12.387348,125.537766,1.0,635.1259
2024-03-03 07:00:00+00:00,14.35,60.68395,12.288584,0.0,0.0,17.0,11.966953,111.16133,1.0,573.1998
2024-03-03 08:00:00+00:00,13.85,63.113087,11.1169615,0.0,0.0,15.0,13.392774,126.25393,1.0,366.11804
2024-03-03 09:00:00+00:00,12.4,70.335724,9.830577,0.0,0.0,7.0,12.599998,126.86999,1.0,163.16699
2024-03-03 10:00:00+00:00,10.55,80.03447,8.968518,0.0,0.0,3.0,5.991594,122.73522,1.0,4.0287743
2024-03-03 11:00:00+00:00,9.0,90.94342,7.590419,0.0,0.0,13.0,5.3999996,143.13002,0.0,0.0
2024-03-03 12:00:00+00:00,8.85,89.69899,7.361765,0.0,2.0,53.0,5.3517847,160.34608,0.0,0.0
2024-03-03 13:00:00+00:00,8.4,88.44074,6.823739,0.0,2.0,72.0,4.8965297,126.027466,0.0,0.0
2024-03-03 14:00:00+00:00,10.05,79.68946,8.832677,0.0,3.0,96.0,2.5959969,146.3099,0.0,0.0
2024-03-03 15:00:00+00:00,9.4,87.6256,8.36977,0.0,3.0,100.0,2.5455842,315.0001,0.0,0.0
2024-03-03 16:00:00+00:00,9.85,83.579155,8.730362,0.3,51.0,100.0,2.7416782,293.1986,0.0,0.0
2024-03-03 17:00:00+00:00,9.95,85.32074,9.179469,0.1,51.0,35.0,1.0182338,315.0001,0.0,0.0
2024-03-03 18:00:00+00:00,8.55,91.53647,7.128134,0.0,3.0,85.0,4.8965297,306.02747,0.0,0.0
2024-03-03 19:00:00+00:00,9.95,86.49134,9.006506,0.0,3.0,100.0,2.5455842,261.87,0.0,0.0
2024-03-03 20:00:00+00:00,9.1,92.82618,8.05046,0.0,3.0,100.0,3.6179552,275.7105,0.0,0.0
2024-03-03 21:00:00+00:00,9.55,91.29039,8.603679,0.0,3.0,100.0,3.2599385,276.3401,0.0,0.0
2024-03-03 22:00:00+00:00,9.7,90.99133,8.844776,0.0,3.0,100.0,2.8116899,219.80553,0.0,0.0
2024-03-03 23:00:00+00:00,9.95,90.3943,9.165114,0.0,3.0,100.0,2.5959969,236.3099,1.0,43.704018
2024-03-04 00:00:00+00:00,11.8,83.80922,11.084472,0.0,3.0,85.0,3.396233,212.00534,1.0,155.65573
2024-03-04 01:00:00+00:00,12.5,85.02113,12.268106,0.0,1.0,28.0,1.8,216.86998,1.0,295.24783
2024-03-04 02:00:00+00:00,15.0,78.805756,15.250904,0.0,1.0,33.0,1.1384199,161.56496,1.0,561.9268
2024-03-04 03:00:00+00:00,16.9,74.55822,17.561033,0.0,2.0,76.0,2.9024127,150.2552,1.0,640.5863
2024-03-04 04:00:00+00:00,19.25,67.78293,19.548378,0.0,2.0,53.0,7.2805495,98.530685,1.0,621.9547
2024-03-04 05:00:00+00:00,20.9,64.47422,21.76858,0.0,0.0,5.0,11.570515,95.355736,1.0,764.1
2024-03-04 06:00:00+00:00,21.85,63.646145,22.935411,0.0,1.0,34.0,10.464798,86.05489,1.0,697.6325
2024-03-04 07:00:00+00:00,22.65,62.003723,22.96662,0.0,3.0,91.0,9.904906,109.09359,1.0,509.44043
2024-03-04 08:00:00+00:00,22.35,61.736294,22.058022,0.0,2.0,70.0,12.538134,129.17365,1.0,255.88692
2024-03-04 09:00:00+00:00,20.55,70.04969,20.385853,0.0,1.0,38.0,12.313894,127.875046,1.0,129.78125
2024-03-04 10:00:00+00:00,18.2,77.997055,18.411106,0.0,1.0,21.0,8.217153,118.8107,1.0,4.0000215
2024-03-04 11:00:00+00:00,15.95,87.6375,16.473053,0.0,1.0,21.0,5.0911684,98.13002,0.0,0.0
2024-03-04 12:00:00+00:00,14.65,92.21682,14.840809,0.0,3.0,100.0,6.162207,83.29026,0.0,0.0
2024-03-04 13:00:00+00:00,14.6,91.31642,15.100588,0.0,2.0,76.0,3.563818,44.999897,0.0,0.0
2024-03-04 14:00:00+00:00,14.1,93.703285,14.447445,0.0,3.0,99.0,4.379589,80.53775,0.0,0.0
2024-03-04 15:00:00+00:00,14.6,91.61473,15.270029,0.0,3.0,100.0,2.52,90.0,0.0,0.0
2024-03-04 16:00:00+00:00,14.9,89.86018,15.631332,0.1,51.0,100.0,2.0991426,59.03632,0.0,0.0
2024-03-04 17:00:00+00:00,14.9,90.15361,15.672003,0.0,3.0,100.0,1.9386592,68.19853,0.0,0.0
2024-03-04 18:00:00+00:00,15.0,89.86764,15.765888,0.0,3.0,100.0,2.0991426,59.03632,0.0,0.0
2024-03-04 19:00:00+00:00,14.95,90.45139,15.742405,0.0,3.0,100.0,2.0364676,44.999897,0.0,0.0
2024-03-04 20:00:00+00:00,14.95,91.042274,15.703039,0.0,3.0,100.0,2.5455842,44.999897,0.0,0.0
2024-03-04 21:00:00+00:00,14.95,94.04791,15.873112,0.0,3.0,100.0,2.5959969,33.6901,0.0,0.0
2024-03-04 22:00:00+00:00,15.1,92.24293,15.698505,0.0,3.0,100.0,4.452954,345.9637,0.0,0.0
2024-03-04 23:00:00+00:00,15.15,94.667465,15.87805,0.0,3.0,98.0,4.6800003,337.3801,1.0,31.805914
2024-03-05 00:00:00+00:00,16.7,90.57373,17.956377,0.0,3.0,96.0,3.2399998,360.0,1.0,134.60258
2024-03-05 01:00:00+00:00,18.7,84.857155,20.354305,0.0,3.0,94.0,3.0758414,20.556128,1.0,238.00217
2024-03-05 02:00:00+00:00,21.85,76.09778,24.070396,0.0,3.0,90.0,3.0758414,69.44387,1.0,397.4136
2024-03-05 03:00:00+00:00,25.0,69.35555,27.388136,0.0,2.0,79.0,6.8777895,222.87889,1.0,587.2352
2024-03-05 04:00:00+00:00,26.85,61.388023,28.490635,0.0,3.0,80.0,11.4862,212.19571,1.0,568.72473
2024-03-05 05:00:00+00:00,27.6,57.11504,28.43274,0.0,0.0,17.0,15.315873,203.55228,1.0,524.78064
2024-03-05 06:00:00+00:00,28.4,54.683052,29.390022,0.0,1.0,32.0,15.937878,198.43504,1.0,561.3499
2024-03-05 07:00:00+00:00,28.25,56.032497,29.266216,0.0,2.0,60.0,15.0038395,210.25635,1.0,379.02365
2024-03-05 08:00:00+00:00,27.6,59.299335,29.504509,0.0,3.0,84.0,9.885262,213.11136,1.0,221.15016
2024-03-05 09:00:00+00:00,26.0,72.84202,29.69662,0.0,2.0,73.0,3.7585104,196.69933,1.0,98.97606
2024-03-05 10:00:00+00:00,22.75,82.68022,25.522858,0.1,51.0,99.0,6.28713,156.3706,1.0,4.330241
2024-03-05 11:00:00+00:00,21.65,88.95787,24.473293,0.1,51.0,87.0,6.28713,156.3706,0.0,0.0
2024-03-05 12:00:00+00:00,21.25,89.480995,24.062561,0.1,51.0,62.0,5.3517847,137.72638,0.0,0.0
2024-03-05 13:00:00+00:00,20.35,91.676315,23.25161,0.1,51.0,91.0,3.096837,305.53775,0.0,0.0
2024-03-05 14:00:00+00:00,19.25,96.928955,22.089622,0.2,51.0,53.0,2.8799999,270.0,0.0,0.0
2024-03-05 15:00:00+00:00,18.45,98.444565,21.022898,0.1,51.0,54.0,2.968636,284.03625,0.0,0.0
2024-03-05 16:00:00+00:00,18.4,98.13535,20.794992,0.0,3.0,94.0,3.8773184,291.80148,0.0,0.0
2024-03-05 17:00:00+00:00,18.2,97.51682,20.361713,0.1,51.0,77.0,4.5536795,288.43503,0.0,0.0
2024-03-05 18:00:00+00:00,18.55,96.60869,20.733938,0.4,51.0,100.0,5.0142193,291.03757,0.0,0.0
2024-03-05 19:00:00+00:00,18.45,96.91041,20.894188,3.5,63.0,100.0,3.0758414,110.55613,0.0,0.0
2024-03-05 20:00:00+00:00,17.1,99.36878,18.325413,1.3,61.0,100.0,8.587338,123.02387,0.0,0.0
2024-03-05 21:00:00+00:00,15.2,94.66949,15.127333,0.1,51.0,100.0,10.296251,126.46933,0.0,0.0
2024-03-05 22:00:00+00:00,14.05,92.78684,13.554556,0.0,3.0,99.0,9.693296,121.328636,0.0,0.0
2024-03-05 23:00:00+00:00,13.5,93.6747,12.968975,0.0,3.0,100.0,9.021574,118.61037,1.0,24.021065
2024-03-06 00:00:00+00:00,13.7,92.1613,13.155598,0.0,3.0,100.0,9.0,126.86999,1.0,109.45024
2024-03-06 01:00:00+00:00,16.0,86.51157,15.70776,0.0,3.0,100.0,10.315115,119.24873,1.0,294.3255
2024-03-06 02:00:00+00:00,16.0,82.92582,14.940849,0.0,3.0,100.0,14.021525,119.197395,1.0,279.9941
2024-03-06 03:00:00+00:00,15.7,79.16808,14.608383,0.0,3.0,100.0,11.966953,111.16133,1.0,250.51022
2024-03-06 04:00:00+00:00,16.35,73.97477,15.194981,0.0,3.0,100.0,11.525623,104.47034,1.0,348.10147
2024-03-06 05:00:00+00:00,16.1,73.44379,15.26874,0.0,3.0,100.0,8.557102,104.62092,1.0,208.712
2024-03-06 06:00:00+00:00,16.35,71.33162,15.493103,0.0,3.0,100.0,8.311245,107.650215,1.0,225.30672
2024-03-06 07:00:00+00:00,15.75,72.17308,14.480324,0.0,3.0,100.0,10.315115,119.24873,1.0,147.68364
2024-03-06 08:00:00+00:00,15.15,73.51999,13.792686,0.0,3.0,100.0,10.30883,114.775116,1.0,98.17227
2024-03-06 09:00:00+00:00,14.4,75.884254,13.174698,0.0,3.0,100.0,8.905908,104.03627,1.0,30.532276
2024-03-06 10:00:00+00:00,13.95,77.09014,12.920078,0.0,3.0,100.0,7.172949,107.52566,1.0,1.4940207
2024-03-06 11:00:00+00:00,13.5,78.8479,12.501358,0.1,51.0,100.0,6.763786,115.20109,0.0,0.0
2024-03-06 12:00:00+00:00,13.15,80.93768,12.43792,0.7,53.0,100.0,4.8965297,126.027466,0.0,0.0
2024-03-06 13:00:00+00:00,12.4,91.47566,11.739075,0.4,51.0,100.0,6.763786,115.20109,0.0,0.0
2024-03-06 14:00:00+00:00,12.2,89.95444,11.8953705,0.6,53.0,100.0,3.396233,147.99466,0.0,0.0
2024-03-06 15:00:00+00:00,11.9,91.44358,11.477321,1.5,61.0,100.0,4.1046314,127.875046,0.0,0.0
2024-03-06 16:00:00+00:00,11.75,91.73926,11.338446,0.5,53.0,100.0,3.8268526,138.81418,0.0,0.0
2024-03-06 17:00:00+00:00,11.55,92.95892,11.131097,1.2,55.0,100.0,3.8773184,111.801476,0.0,0.0
2024-03-06 18:00:00+00:00,11.4,92.332344,10.801482,0.4,51.0,100.0,4.6102495,128.65984,0.0,0.0
2024-03-06 19:00:00+00:00,11.15,88.37797,10.129037,0.1,51.0,100.0,5.771239,93.57626,0.0,0.0
2024-03-06 20:00:00+00:00,10.95,86.00736,10.043829,0.0,3.0,97.0,3.8773184,111.801476,0.0,0.0
2024-03-06 21:00:00+00:00,10.6,85.68049,9.706272,0.0,3.0,100.0,3.0758414,110.55613,0.0,0.0
2024-03-06 22:00:00+00:00,10.5,84.801834,9.608606,0.0,3.0,100.0,2.6208394,105.945465,0.0,0.0
2024-03-06 23:00:00+00:00,10.95,79.81841,9.904698,0.0,3.0,100.0,2.9024127,119.74479,1.0,26.675451
2024-03-07 00:00:00+00:00,11.25,75.10195,9.750943,0.0,3.0,100.0,5.0142193,111.03758,1.0,108.91732
2024-03-07 01:00:00+00:00,11.95,69.050385,10.231344,0.0,3.0,100.0,5.634891,63.435013,1.0,230.03886
2024-03-07 02:00:00+00:00,12.6,66.39109,10.845583,0.0,3.0,81.0,5.95906,64.98315,1.0,302.0838
2024-03-07 03:00:00+00:00,13.4,61.296886,11.64261,0.0,2.0,63.0,5.3517847,70.346085,1.0,383.04242
2024-03-07 04:00:00+00:00,15.6,56.76702,14.525938,0.0,3.0,100.0,6.6087217,60.64234,1.0,668.4931
2024-03-07 05:00:00+00:00,16.55,55.28607,15.739552,0.0,3.0,100.0,4.452954,104.03627,1.0,614.2657
2024-03-07 06:00:00+00:00,16.95,55.38871,15.449455,0.0,3.0,95.0,6.618519,135.0001,1.0,514.0598
2024-03-07 07:00:00+00:00,16.0,56.288273,13.293711,0.0,3.0,98.0,13.783817,130.76352,1.0,364.79156
2024-03-07 08:00:00+00:00,13.0,60.77934,9.156757,0.0,2.0,58.0,18.892282,120.96369,1.0,243.09969
2024-03-07 09:00:00+00:00,12.2,63.60904,9.611684,0.0,2.0,52.0,10.137692,106.50443,1.0,127.30441
2024-03-07 10:00:00+00:00,11.95,66.480125,10.476664,0.0,3.0,88.0,3.096837,125.537766,1.0,6.1566434
2024-03-07 11:00:00+00:00,11.55,64.57458,9.796005,0.0,1.0,25.0,3.8268526,131.18582,0.0,0.0
2024-03-07 12:00:00+00:00,9.8,73.56565,7.8663816,0.0,0.0,8.0,5.3517847,132.27362,0.0,0.0
2024-03-07 13:00:00+00:00,9.25,77.13246,7.392371,0.0,1.0,22.0,5.0528407,94.08554,0.0,0.0
2024-03-07 14:00:00+00:00,10.7,64.15772,8.94686,0.0,1.0,27.0,2.5455842,44.999897,0.0,0.0
2024-03-07 15:00:00+00:00,10.3,68.23559,8.757653,0.0,0.0,19.0,1.8,360.0,0.0,0.0
2024-03-07 16:00:00+00:00,9.9,73.8394,8.303859,0.0,1.0,21.0,3.2599385,353.6599,0.0,0.0
2024-03-07 17:00:00+00:00,9.45,79.602844,8.158202,0.0,1.0,23.0,2.16,360.0,0.0,0.0
2024-03-07 18:00:00+00:00,9.15,84.94228,8.106494,0.0,1.0,25.0,1.484318,345.9637,0.0,0.0
2024-03-07 19:00:00+00:00,8.85,90.314186,7.869543,0.0,1.0,26.0,2.0364676,315.0001,0.0,0.0
2024-03-07 20:00:00+00:00,7.75,94.68077,6.3019085,0.0,0.0,12.0,4.5820518,315.0001,0.0,0.0
2024-03-07 21:00:00+00:00,8.55,94.070564,7.3821907,0.0,0.0,3.0,3.8268526,318.81415,0.0,0.0
2024-03-07 22:00:00+00:00,8.45,93.42624,7.3069115,0.0,0.0,7.0,3.319036,319.39877,0.0,0.0
2024-03-07 23:00:00+00:00,7.55,97.63749,6.334731,0.0,0.0,14.0,3.396233,302.00534,1.0,61.60441
2024-03-08 00:00:00+00:00,9.95,87.67609,9.193327,0.0,0.0,5.0,1.609969,296.56497,1.0,235.3391
2024-03-08 01:00:00+00:00,12.3,70.31614,11.144254,0.0,0.0,0.0,2.7416782,203.19862,1.0,465.38858
2024-03-08 02:00:00+00:00,14.15,60.844727,12.924067,0.0,0.0,13.0,4.198285,120.96369,1.0,651.6275
2024-03-08 03:00:00+00:00,15.75,54.141697,14.519991,0.0,0.0,10.0,9.422101,83.41815,1.0,770.0218
2024-03-08 04:00:00+00:00,16.75,46.593895,15.157194,0.0,3.0,90.0,9.0,73.73973,1.0,714.262
2024-03-08 05:00:00+00:00,17.05,45.399445,14.897224,0.0,3.0,100.0,9.779817,83.659904,1.0,619.1297
2024-03-08 06:00:00+00:00,15.9,50.920624,12.426086,0.0,1.0,24.0,16.58346,117.12123,1.0,483.78226
2024-03-08 07:00:00+00:00,15.0,53.758682,12.026447,0.0,0.0,3.0,16.199999,126.86999,1.0,573.88965
2024-03-08 08:00:00+00:00,14.1,53.52084,10.713358,0.0,0.0,13.0,14.587776,105.75124,1.0,399.8823
2024-03-08 09:00:00+00:00,13.05,53.428993,9.971284,0.0,0.0,7.0,11.090103,103.13403,1.0,182.00932
2024-03-08 10:00:00+00:00,11.45,58.524452,9.019403,0.0,0.0,1.0,6.379216,106.38962,1.0,9.929447
2024-03-08 11:00:00+00:00,9.55,70.75346,7.270899,0.0,0.0,7.0,6.5693827,99.46225,0.0,0.0
2024-03-08 12:00:00+00:00,11.3,57.464012,9.344635,0.0,0.0,13.0,2.5959969,146.3099,0.0,0.0
2024-03-08 13:00:00+00:00,10.7,62.601112,8.986005,0.0,0.0,13.0,1.8,360.0,0.0,0.0
2024-03-08 14:00:00+00:00,10.4,66.60827,8.620168,0.0,0.0,11.0,3.0758414,339.44388,0.0,0.0
2024-03-08 15:00:00+00:00,9.9,73.07456,8.347025,0.0,0.0,0.0,2.7416782,336.8014,0.0,0.0
2024-03-08 16:00:00+00:00,8.55,87.24657,7.151204,0.0,0.0,0.0,3.6,323.13,0.0,0.0
2024-03-08 17:00:00+00:00,8.55,92.47961,7.310834,0.0,0.0,0.0,3.8939953,326.3099,0.0,0.0
2024-03-08 18:00:00+00:00,8.9,94.728,8.003652,0.0,0.0,3.0,2.7416782,336.8014,0.0,0.0
2024-03-08 19:00:00+00:00,8.5,99.325005,7.818115,0.0,1.0,27.0,1.8,36.86999,0.0,0.0
2024-03-08 20:00:00+00:00,7.3,100.0,6.087137,0.0,3.0,97.0,3.5455887,23.962492,0.0,0.0
2024-03-08 21:00:00+00:00,6.2,92.34239,4.1449957,0.0,3.0,100.0,5.815978,338.19852,0.0,0.0
2024-03-08 22:00:00+00:00,7.9,89.62481,6.4435444,0.0,3.0,100.0,3.6,360.0,0.0,0.0
2024-03-08 23:00:00+00:00,8.3,86.623634,6.912861,0.1,51.0,100.0,2.968636,345.9637,1.0,9.465038
2024-03-09 00:00:00+00:00,9.3,76.34174,7.947604,0.0,3.0,100.0,1.4399999,90.0,1.0,42.589874
2024-03-09 01:00:00+00:00,9.15,81.225685,7.721566,0.4,51.0,100.0,3.096837,35.537766,1.0,93.65796
2024-03-09 02:00:00+00:00,9.5,80.99354,7.52855,0.3,51.0,100.0,7.289445,57.094753,1.0,166.96387
2024-03-09 03:00:00+00:00,9.5,80.99354,7.623542,0.4,51.0,100.0,6.638072,49.398785,1.0,113.443016
2024-03-09 04:00:00+00:00,9.6,79.62454,7.8026085,0.7,53.0,100.0,5.8603754,47.489597,1.0,123.43796
2024-03-09 05:00:00+00:00,9.9,74.61131,8.097902,0.9,53.0,100.0,4.896529,72.89719,1.0,167.31648
2024-03-09 06:00:00+00:00,10.6,70.95806,8.370166,0.0,3.0,100.0,7.754637,68.19853,1.0,254.68047
2024-03-09 07:00:00+00:00,10.55,69.97039,8.3338175,0.0,3.0,100.0,7.289444,69.775055,1.0,143.27919
2024-03-09 08:00:00+00:00,10.75,66.91668,8.602737,0.0,1.0,20.0,6.162207,83.29026,1.0,132.54765
2024-03-09 09:00:00+00:00,10.95,63.990314,8.714493,0.0,0.0,10.0,6.130579,86.63361,1.0,153.7848
2024-03-09 10:00:00+00:00,8.95,76.81678,6.860016,0.0,0.0,18.0,6.130579,93.366394,1.0,10.005583
2024-03-09 11:00:00+00:00,7.8,75.55987,5.329897,0.0,3.0,80.0,6.849467,86.98728,0.0,0.0
2024-03-09 12:00:00+00:00,9.75,64.393776,7.6217957,0.0,0.0,7.0,3.9763298,95.19434,0.0,0.0
2024-03-09 13:00:00+00:00,9.2,67.528046,6.97995,0.0,0.0,1.0,4.802999,102.99462,0.0,0.0
2024-03-09 14:00:00+00:00,9.9,62.85588,7.893791,0.0,0.0,0.0,2.8799999,90.0,0.0,0.0
2024-03-09 15:00:00+00:00,9.85,62.62236,8.192524,0.0,2.0,75.0,0.35999998,90.0,0.0,0.0
2024-03-09 16:00:00+00:00,7.9,75.04742,5.8707037,0.0,3.0,100.0,3.8268526,41.185837,0.0,0.0
2024-03-09 17:00:00+00:00,7.85,82.76071,6.067007,0.0,3.0,96.0,4.0249224,349.69522,0.0,0.0
2024-03-09 18:00:00+00:00,8.55,77.020096,6.785183,0.0,2.0,63.0,3.396233,327.99466,0.0,0.0
2024-03-09 19:00:00+00:00,7.25,81.82214,5.0950994,0.0,3.0,99.0,5.506941,348.6901,0.0,0.0
2024-03-09 20:00:00+00:00,7.8,79.63983,5.778384,0.0,3.0,83.0,4.802999,347.00537,0.0,0.0
2024-03-09 21:00:00+00:00,7.25,80.9671,5.026271,0.0,3.0,92.0,5.771239,356.42374,0.0,0.0
2024-03-09 22:00:00+00:00,7.6,81.29861,5.5624666,0.0,3.0,80.0,5.0528407,355.91446,0.0,0.0
2024-03-09 23:00:00+00:00,8.5,80.57664,6.986326,0.0,1.0,38.0,2.5455842,351.87,1.0,43.011
2024-03-10 00:00:00+00:00,9.8,69.57695,8.003532,0.0,0.0,7.0,3.2599385,6.3401003,1.0,187.95903
2024-03-10 01:00:00+00:00,11.05,60.30786,8.855051,0.0,2.0,66.0,4.829907,26.564985,1.0,302.1376
2024-03-10 02:00:00+00:00,12.5,57.16454,10.181639,0.0,0.0,7.0,6.489992,56.3099,1.0,500.5349
2024-03-10 03:00:00+00:00,13.9,55.557125,11.7398815,0.0,1.0,31.0,9.793058,72.89719,1.0,665.5522
2024-03-10 04:00:00+00:00,14.85,53.347916,13.116642,0.0,1.0,27.0,10.853866,84.2895,1.0,734.3447
2024-03-10 05:00:00+00:00,15.7,51.39774,14.028862,0.0,2.0,71.0,11.879999,90.0,1.0,739.0746
2024-03-10 06:00:00+00:00,16.15,51.341515,14.476921,0.0,0.0,6.0,11.542478,86.423744,1.0,686.42755
2024-03-10 07:00:00+00:00,16.35,51.750557,14.35066,0.0,0.0,9.0,11.212135,84.47256,1.0,582.2554
2024-03-10 08:00:00+00:00,16.1,52.7629,13.554045,0.0,3.0,80.0,11.304229,80.83774,1.0,400.4012
2024-03-10 09:00:00+00:00,15.25,54.950455,13.058954,0.0,3.0,100.0,8.557102,75.37909,1.0,172.36179
2024-03-10 10:00:00+00:00,13.65,70.34038,12.460382,0.0,3.0,85.0,5.1919937,56.309914,1.0,7.343059
2024-03-10 11:00:00+00:00,13.95,60.172485,12.69788,0.2,51.0,100.0,2.2768397,18.435053,0.0,0.0
2024-03-10 12:00:00+00:00,13.1,69.75623,12.170612,0.2,51.0,100.0,2.2768397,18.435053,0.0,0.0
2024-03-10 13:00:00+00:00,12.0,71.47227,10.762579,0.1,51.0,100.0,3.219938,333.43503,0.0,0.0
2024-03-10 14:00:00+00:00,11.55,73.12297,10.238665,0.3,51.0,100.0,3.563818,315.0001,0.0,0.0
2024-03-10 15:00:00+00:00,11.05,81.75658,10.023742,0.6,53.0,100.0,3.5455887,336.0375,0.0,0.0
2024-03-10 16:00:00+00:00,10.9,87.46699,10.179509,0.2,51.0,100.0,2.968636,345.9637,0.0,0.0
2024-03-10 17:00:00+00:00,10.8,88.94549,10.174146,0.4,51.0,100.0,2.5959969,303.6901,0.0,0.0
2024-03-10 18:00:00+00:00,10.7,89.84123,10.087657,0.5,53.0,100.0,2.5959969,326.3099,0.0,0.0
2024-03-10 19:00:00+00:00,10.6,91.35934,9.983745,0.4,51.0,100.0,2.9024127,299.74478,0.0,0.0
2024-03-10 20:00:00+00:00,10.4,89.51548,9.473913,0.0,3.0,100.0,4.1046314,285.25516,0.0,0.0
2024-03-10 21:00:00+00:00,10.75,88.045746,9.979514,0.0,3.0,97.0,3.219938,296.56497,0.0,0.0
2024-03-10 22:00:00+00:00,11.0,86.59538,10.201025,0.0,3.0,100.0,3.4152596,251.56496,0.0,0.0
2024-03-10 23:00:00+00:00,11.65,84.9285,11.020085,0.0,3.0,100.0,2.9024127,262.8751,1.0,44.905987
2024-03-11 00:00:00+00:00,12.4,85.58091,11.816118,0.0,3.0,100.0,4.2136917,289.9832,1.0,128.03523
2024-03-11 01:00:00+00:00,12.35,92.387184,11.991837,2.2,61.0,100.0,4.896529,287.1028,1.0,95.77638
2024-03-11 02:00:00+00:00,12.7,92.713165,12.262581,2.3,61.0,100.0,6.28713,283.24054,1.0,72.248505
2024-03-11 03:00:00+00:00,13.25,90.9283,13.250013,2.6,63.0,100.0,3.8268526,318.81415,1.0,94.284966
2024-03-11 04:00:00+00:00,13.65,90.062126,13.615568,1.4,61.0,100.0,4.6102495,321.34018,1.0,112.16692
2024-03-11 05:00:00+00:00,14.45,88.94846,14.860926,0.6,53.0,100.0,2.9024127,299.74478,1.0,142.68387
2024-03-11 06:00:00+00:00,14.8,90.146324,14.654575,2.0,61.0,100.0,7.9932966,305.83774,1.0,122.14036
2024-03-11 07:00:00+00:00,14.8,91.92594,15.440283,1.1,55.0,100.0,3.319036,347.4712,1.0,55.894108
2024-03-11 08:00:00+00:00,14.85,92.52875,14.802488,0.2,51.0,100.0,8.39657,329.03632,1.0,86.80847
2024-03-11 09:00:00+00:00,14.2,88.92814,13.761307,0.5,53.0,99.0,8.161764,311.42358,1.0,28.09059
2024-03-11 10:00:00+00:00,13.95,87.74488,13.625462,0.3,51.0,100.0,6.379216,286.38962,1.0,4.463858
2024-03-11 11:00:00+00:00,13.6,89.172676,13.091608,0.0,3.0,100.0,7.42159,309.09384,0.0,0.0
2024-03-11 12:00:00+00:00,13.0,90.611374,12.643738,0.0,2.0,62.0,5.6233797,309.8055,0.0,0.0
2024-03-11 13:00:00+00:00,11.25,93.56574,10.370225,0.0,0.0,1.0,6.638072,310.60123,0.0,0.0
2024-03-11 14:00:00+00:00,10.8,93.85749,9.839043,0.0,0.0,4.0,6.4096174,308.15726,0.0,0.0
2024-03-11 15:00:00+00:00,9.9,95.40899,8.6123295,0.0,0.0,2.0,7.4128532,299.0545,0.0,0.0
2024-03-11 16:00:00+00:00,8.8,97.001175,7.0710297,0.0,0.0,1.0,8.891343,301.75943,0.0,0.0
2024-03-11 17:00:00+00:00,8.4,98.31875,6.6771593,0.0,0.0,6.0,8.4963045,306.38446,0.0,0.0
2024-03-11 18:00:00+00:00,8.25,98.98704,6.573634,0.0,0.0,19.0,8.0899935,302.27563,0.0,0.0
2024-03-11 19:00:00+00:00,8.45,99.324745,6.954609,0.0,1.0,46.0,7.289445,302.90524,0.0,0.0
2024-03-11 20:00:00+00:00,8.2,98.98663,6.5832033,0.0,2.0,72.0,7.5942082,301.4295,0.0,0.0
2024-03-11 21:00:00+00:00,8.0,98.98501,6.3129206,0.0,1.0,44.0,7.729527,297.75842,0.0,0.0
2024-03-11 22:00:00+00:00,7.7,98.9826,5.84433,0.0,1.0,30.0,8.373386,295.46332,0.0,0.0
2024-03-11 23:00:00+00:00,8.75,98.6567,7.5666475,0.0,1.0,23.0,5.506941,281.3099,1.0,67.14409
2024-03-12 00:00:00+00:00,11.6,89.30963,10.94923,0.0,1.0,21.0,4.379589,279.46225,1.0,240.95988
2024-03-12 01:00:00+00:00,13.4,83.43756,12.937111,0.0,0.0,19.0,4.5820518,315.0001,1.0,466.2378
2024-03-12 02:00:00+00:00,15.55,72.37691,15.23815,0.0,0.0,5.0,5.0911684,315.0001,1.0,653.1165
2024-03-12 03:00:00+00:00,18.05,53.457787,18.391434,0.0,0.0,16.0,4.5536795,288.43503,1.0,816.4667
2024-03-12 04:00:00+00:00,19.7,37.1345,19.986872,0.0,1.0,34.0,3.319036,220.60121,1.0,881.8479
2024-03-12 05:00:00+00:00,20.4,34.70048,20.079855,0.0,2.0,60.0,6.162207,186.70975,1.0,849.13416
2024-03-12 06:00:00+00:00,20.75,36.66635,20.406475,0.0,1.0,25.0,5.4477882,172.40544,1.0,759.3748
2024-03-12 07:00:00+00:00,21.05,37.78291,20.077602,0.0,0.0,14.0,5.8603754,132.5104,1.0,620.37573
2024-03-12 08:00:00+00:00,20.65,41.337643,18.639961,0.0,0.0,0.0,8.587338,123.02387,1.0,418.44357
2024-03-12 09:00:00+00:00,19.55,52.776173,18.807932,0.0,0.0,1.0,4.510787,118.61037,1.0,199.89177
2024-03-12 10:00:00+00:00,16.25,59.9066,14.669096,0.0,0.0,19.0,8.049845,100.30479,1.0,15.033391
2024-03-12 11:00:00+00:00,17.1,49.8563,15.326851,0.0,1.0,26.0,6.162207,96.70974,0.0,0.0
2024-03-12 12:00:00+00:00,15.65,55.433468,14.347105,0.0,1.0,33.0,3.2599385,83.659904,0.0,0.0
2024-03-12 13:00:00+00:00,15.25,54.950455,14.254366,0.0,1.0,34.0,0.35999998,90.0,0.0,0.0
2024-03-12 14:00:00+00:00,14.25,58.206345,12.905708,0.0,0.0,14.0,2.5959969,326.3099,0.0,0.0
2024-03-12 15:00:00+00:00,12.6,67.310074,11.129001,0.0,0.0,0.0,4.3349743,311.63345,0.0,0.0
2024-03-12 16:00:00+00:00,11.3,76.14556,10.169013,0.0,0.0,0.0,2.9024127,299.74478,0.0,0.0
2024-03-12 17:00:00+00:00,11.05,81.75658,9.798345,0.0,0.0,7.0,5.0911684,98.13002,0.0,0.0
2024-03-12 18:00:00+00:00,11.95,70.24742,10.563111,0.0,0.0,2.0,3.7585104,16.699326,0.0,0.0
2024-03-12 19:00:00+00:00,11.75,68.77232,10.743357,0.0,0.0,2.0,0.35999998,270.0,0.0,0.0
2024-03-12 20:00:00+00:00,11.15,71.310036,9.802324,0.0,3.0,81.0,2.6208394,254.05453,0.0,0.0
2024-03-12 21:00:00+00:00,10.6,76.55442,9.481871,0.0,2.0,63.0,1.835647,258.6901,0.0,0.0
2024-03-12 22:00:00+00:00,10.05,81.90544,9.023397,0.0,3.0,99.0,1.9386592,248.19853,0.0,0.0
2024-03-12 23:00:00+00:00,9.7,86.17191,8.94829,0.0,3.0,100.0,0.71999997,360.0,1.0,65.52133
2024-03-13 00:00:00+00:00,10.35,83.92395,9.224723,0.0,3.0,100.0,3.7064266,240.94548,1.0,114.39577
2024-03-13 01:00:00+00:00,12.3,68.412964,11.130165,0.0,1.0,29.0,2.1897945,350.53775,1.0,367.6882
2024-03-13 02:00:00+00:00,13.9,57.319927,12.62928,0.0,3.0,100.0,1.484318,14.036275,1.0,616.0386
2024-03-13 03:00:00+00:00,14.25,53.003567,12.42285,0.0,3.0,93.0,3.8939953,123.6901,1.0,377.90784
2024-03-13 04:00:00+00:00,16.35,41.98804,15.2493305,0.0,3.0,100.0,6.2145634,100.00792,1.0,781.77045
2024-03-13 05:00:00+00:00,15.0,42.495876,12.26775,0.0,3.0,100.0,6.849467,86.98728,1.0,174.13968
2024-03-13 06:00:00+00:00,15.0,39.56637,12.200644,0.0,3.0,100.0,6.12,61.92762,1.0,235.77252
2024-03-13 07:00:00+00:00,14.45,43.252865,12.094786,0.0,3.0,100.0,3.96,90.0,1.0,108.227646
2024-03-13 08:00:00+00:00,13.9,56.13932,12.298109,0.0,3.0,100.0,3.0758414,110.55613,1.0,63.515465
2024-03-13 09:00:00+00:00,13.9,53.84242,12.471479,0.0,3.0,100.0,1.0182338,135.0001,1.0,65.601875
2024-03-13 10:00:00+00:00,12.5,71.567116,11.238732,0.0,3.0,99.0,4.2136917,160.0168,1.0,3.1134658
2024-03-13 11:00:00+00:00,12.35,68.42323,10.896706,0.0,3.0,100.0,4.2136917,160.0168,0.0,0.0
2024-03-13 12:00:00+00:00,12.35,66.56617,10.831653,0.0,3.0,100.0,4.0249224,153.43501,0.0,0.0
2024-03-13 13:00:00+00:00,13.05,56.905766,11.438013,0.0,3.0,100.0,2.2768397,108.43504,0.0,0.0
2024-03-13 14:00:00+00:00,12.6,64.3638,11.279833,0.0,3.0,95.0,2.2768397,108.43504,0.0,0.0
2024-03-13 15:00:00+00:00,12.65,63.272808,11.354602,0.0,3.0,100.0,1.8,143.13002,0.0,0.0
2024-03-13 16:00:00+00:00,11.7,76.99396,10.6001,0.0,3.0,96.0,3.6179552,174.2895,0.0,0.0
2024-03-13 17:00:00+00:00,10.8,80.61785,9.495468,0.0,2.0,77.0,4.6800003,157.3801,0.0,0.0
2024-03-13 18:00:00+00:00,11.8,69.25808,10.775101,0.0,3.0,94.0,0.71999997,270.0,0.0,0.0
2024-03-13 19:00:00+00:00,11.6,72.38354,10.549956,0.0,3.0,85.0,1.609969,243.43501,0.0,0.0
2024-03-13 20:00:00+00:00,11.3,74.85366,10.059683,0.0,3.0,100.0,3.2399998,270.0,0.0,0.0
2024-03-13 21:00:00+00:00,11.4,76.9461,10.269265,0.0,3.0,100.0,3.319036,282.5288,0.0,0.0
2024-03-13 22:00:00+00:00,11.15,82.04759,10.307869,0.0,3.0,100.0,2.5455842,261.87,0.0,0.0
2024-03-13 23:00:00+00:00,11.4,85.76404,10.851224,0.0,3.0,100.0,2.16,270.0,1.0,16.687496
2024-03-14 00:00:00+00:00,12.15,77.85316,11.246627,0.0,3.0,100.0,3.319036,282.5288,1.0,50.016495
2024-03-14 01:00:00+00:00,12.7,78.99536,12.112186,0.1,51.0,100.0,2.52,270.0,1.0,73.9114
2024-03-14 02:00:00+00:00,14.05,71.858376,13.431231,0.0,3.0,100.0,2.5455842,315.0001,1.0,241.80992
2024-03-14 03:00:00+00:00,15.2,70.168724,14.634161,0.0,3.0,86.0,3.6,323.13,1.0,314.27304
2024-03-14 04:00:00+00:00,17.5,66.31713,18.012907,0.0,3.0,100.0,2.3051248,308.65982,1.0,635.878
2024-03-14 05:00:00+00:00,17.6,66.55835,17.633266,0.0,3.0,100.0,2.52,270.0,1.0,338.40784
2024-03-14 06:00:00+00:00,16.9,70.496994,16.99172,0.3,51.0,100.0,2.5455842,261.87,1.0,158.13216
2024-03-14 07:00:00+00:00,15.85,82.36733,16.46813,1.2,55.0,100.0,1.9386592,248.19853,1.0,110.05363
2024-03-14 08:00:00+00:00,15.45,87.307686,16.169714,0.7,53.0,100.0,2.4149535,296.56497,1.0,82.78677
2024-03-14 09:00:00+00:00,15.2,89.590576,15.828922,0.1,51.0,100.0,3.396233,302.00534,1.0,33.224857
2024-03-14 10:00:00+00:00,14.65,96.1948,15.546524,0.1,51.0,100.0,2.9024127,262.8751,1.0,4.10838
2024-03-14 11:00:00+00:00,14.1,94.31684,14.552546,0.0,3.0,100.0,3.8939953,236.3099,0.0,0.0
2024-03-14 12:00:00+00:00,13.95,96.48822,14.519892,0.0,3.0,100.0,3.563818,224.9999,0.0,0.0
2024-03-14 13:00:00+00:00,14.15,92.489525,14.748899,0.5,53.0,100.0,2.3051248,308.65982,0.0,0.0
2024-03-14 14:00:00+00:00,14.05,93.09065,14.653046,0.2,51.0,100.0,2.2768397,251.56496,0.0,0.0
2024-03-14 15:00:00+00:00,14.0,92.78412,14.595173,0.7,53.0,100.0,2.0991426,210.96368,0.0,0.0
2024-03-14 16:00:00+00:00,13.95,92.47825,14.485666,0.8,53.0,100.0,2.2768397,251.56496,0.0,0.0
2024-03-14 17:00:00+00:00,13.5,96.161224,14.086224,2.8,63.0,100.0,2.2768397,161.56496,0.0,0.0
2024-03-14 18:00:00+00:00,13.85,92.17009,14.361557,1.0,55.0,100.0,2.0991426,210.96368,0.0,0.0
2024-03-14 19:00:00+00:00,13.75,92.46696,14.433723,1.3,61.0,100.0,0.8049845,153.43501,0.0,0.0
2024-03-14 20:00:00+00:00,13.65,92.46131,14.269615,2.0,61.0,96.0,1.0182338,315.0001,0.0,0.0
2024-03-14 21:00:00+00:00,13.6,93.0672,14.218584,0.4,51.0,89.0,1.1384199,161.56496,0.0,0.0
2024-03-14 22:00:00+00:00,12.5,98.04903,12.572033,0.3,51.0,100.0,4.2136917,160.0168,0.0,0.0
2024-03-14 23:00:00+00:00,13.15,97.4192,13.80784,0.2,51.0,100.0,1.4399999,360.0,1.0,27.159904
2024-03-15 00:00:00+00:00,13.75,93.68662,14.239159,0.1,51.0,100.0,2.5959969,213.6901,1.0,71.95264
2024-03-15 01:00:00+00:00,14.05,91.880615,14.620701,0.7,53.0,100.0,2.0364676,224.9999,1.0,80.95032
2024-03-15 02:00:00+00:00,14.7,89.55221,15.231916,0.2,51.0,100.0,2.8799999,180.0,1.0,149.6414
2024-03-15 03:00:00+00:00,16.1,85.40444,16.572273,0.0,3.0,99.0,4.829907,153.43501,1.0,304.63107
2024-03-15 04:00:00+00:00,17.75,78.18292,18.416265,0.0,3.0,100.0,4.1046314,105.25517,1.0,471.70822
2024-03-15 05:00:00+00:00,18.7,74.61945,19.397726,0.1,51.0,100.0,4.379589,99.46225,1.0,465.2629
2024-03-15 06:00:00+00:00,18.6,74.84479,19.233875,0.0,3.0,100.0,4.6938257,122.471176,1.0,242.41032
2024-03-15 07:00:00+00:00,18.7,74.861496,19.348223,0.0,3.0,100.0,4.8433046,131.98714,1.0,208.42036
2024-03-15 08:00:00+00:00,18.9,73.93187,19.473974,0.0,3.0,100.0,5.3517847,132.27362,1.0,158.97624
2024-03-15 09:00:00+00:00,18.6,75.820465,18.887234,0.0,3.0,100.0,7.5685663,154.65387,1.0,85.71516
2024-03-15 10:00:00+00:00,17.3,80.95787,17.426992,0.0,3.0,100.0,8.049845,153.43501,1.0,10.359844
2024-03-15 11:00:00+00:00,15.45,87.59255,15.600111,0.0,3.0,100.0,6.439876,153.43501,0.0,0.0
2024-03-15 12:00:00+00:00,14.9,88.98493,15.121546,0.1,51.0,100.0,5.2416787,164.05453,0.0,0.0
2024-03-15 13:00:00+00:00,14.6,90.13175,14.752283,0.3,51.0,97.0,5.4833565,156.80138,0.0,0.0
2024-03-15 14:00:00+00:00,14.0,92.78412,14.417273,0.3,51.0,99.0,3.319036,167.4712,0.0,0.0
2024-03-15 15:00:00+00:00,14.0,92.17888,14.369637,0.5,53.0,100.0,3.4152596,198.43504,0.0,0.0
2024-03-15 16:00:00+00:00,14.0,92.481064,14.548307,0.0,3.0,99.0,2.3051248,231.34016,0.0,0.0
2024-03-15 17:00:00+00:00,13.85,95.23476,14.539198,0.0,3.0,99.0,2.0364676,224.9999,0.0,0.0
2024-03-15 18:00:00+00:00,13.75,96.79801,14.504984,0.1,51.0,100.0,1.9386592,201.80147,0.0,0.0
2024-03-15 19:00:00+00:00,13.6,97.110756,14.203518,0.1,51.0,100.0,2.7416782,203.19862,0.0,0.0
2024-03-15 20:00:00+00:00,13.65,97.111885,14.35116,0.5,53.0,100.0,2.1897945,170.53775,0.0,0.0
2024-03-15 21:00:00+00:00,13.55,97.74552,14.251177,0.5,53.0,100.0,2.1897945,170.53775,0.0,0.0
2024-03-15 22:00:00+00:00,13.85,94.92431,14.629824,0.9,53.0,100.0,1.2979984,146.3099,0.0,0.0
2024-03-15 23:00:00+00:00,13.9,95.54781,14.803066,0.2,51.0,99.0,0.8049845,116.56499,1.0,18.57098
2024-03-16 00:00:00+00:00,14.65,92.81923,15.5850525,0.0,1.0,31.0,1.2979984,146.3099,1.0,141.94966
2024-03-16 01:00:00+00:00,15.5,89.61347,16.572464,0.0,3.0,99.0,1.08,360.0,1.0,147.4084
2024-03-16 02:00:00+00:00,16.65,86.85472,17.818235,0.1,51.0,100.0,2.0364676,135.0001,1.0,307.937
2024-03-16 03:00:00+00:00,18.7,80.36438,20.277222,1.1,55.0,100.0,1.2979984,123.690094,1.0,567.78687
2024-03-16 04:00:00+00:00,18.5,83.49023,19.938868,0.8,53.0,94.0,3.319036,139.39879,1.0,296.406
2024-03-16 05:00:00+00:00,18.85,84.60319,20.241737,0.3,51.0,82.0,5.154415,114.775116,1.0,361.9417
2024-03-16 06:00:00+00:00,19.55,83.877045,20.76921,0.0,2.0,70.0,7.8954163,65.77226,1.0,420.43524
2024-03-16 07:00:00+00:00,20.35,83.17579,21.905779,0.1,51.0,61.0,7.491114,35.217674,1.0,417.82025
2024-03-16 08:00:00+00:00,20.9,81.425446,23.11046,0.0,2.0,70.0,3.6,36.86999,1.0,278.78464
2024-03-16 09:00:00+00:00,20.65,82.949066,23.191229,0.0,3.0,83.0,1.484318,104.03627,1.0,96.53719
2024-03-16 10:00:00+00:00,19.4,92.77666,21.811262,0.1,51.0,57.0,4.072935,44.999897,1.0,10.841123
2024-03-16 11:00:00+00:00,17.65,95.36963,19.230331,0.0,2.0,50.0,5.8603754,79.380394,0.0,0.0
2024-03-16 12:00:00+00:00,16.95,96.87519,18.454494,0.0,1.0,39.0,5.0911684,81.86999,0.0,0.0
2024-03-16 13:00:00+00:00,17.3,95.66096,19.199015,0.0,2.0,75.0,2.8116899,39.805527,0.0,0.0
2024-03-16 14:00:00+00:00,17.05,96.87756,18.938528,0.0,3.0,100.0,2.7416782,23.198618,0.0,0.0
2024-03-16 15:00:00+00:00,15.7,99.36196,17.068949,0.0,3.0,100.0,3.671294,348.6901,0.0,0.0
2024-03-16 16:00:00+00:00,15.7,99.68053,17.175516,0.0,3.0,100.0,3.0758414,339.44388,0.0,0.0
2024-03-16 17:00:00+00:00,15.9,99.045746,17.566654,0.0,3.0,100.0,2.0364676,315.0001,0.0,0.0
2024-03-16 18:00:00+00:00,16.0,98.7304,17.721003,0.0,3.0,100.0,1.8,306.86996,0.0,0.0
2024-03-16 19:00:00+00:00,16.0,98.415215,17.585022,0.0,3.0,100.0,2.5959969,303.6901,0.0,0.0
2024-03-16 20:00:00+00:00,15.95,98.72991,17.561441,0.0,3.0,100.0,2.4149535,296.56497,0.0,0.0
2024-03-16 21:00:00+00:00,15.95,99.046104,17.665823,0.0,3.0,100.0,1.835647,281.3099,0.0,0.0
2024-03-16 22:00:00+00:00,15.85,99.36267,17.545958,0.0,3.0,100.0,1.835647,281.3099,0.0,0.0
2024-03-16 23:00:00+00:00,16.1,99.68148,17.812572,0.0,3.0,100.0,2.5455842,278.13,1.0,33.698933
2024-03-17 00:00:00+00:00,17.0,96.262024,18.911295,0.0,3.0,100.0,2.16,270.0,1.0,140.01459
2024-03-17 01:00:00+00:00,18.9,91.299095,21.264847,0.0,3.0,100.0,2.0991426,300.96368,1.0,312.21152
2024-03-17 02:00:00+00:00,20.95,85.095146,23.74,0.0,3.0,100.0,1.9386592,291.80148,1.0,497.00623
2024-03-17 03:00:00+00:00,22.75,79.40263,26.002594,0.0,2.0,63.0,2.0364676,135.0001,1.0,608.78186
2024-03-17 04:00:00+00:00,24.25,74.59792,28.289005,0.0,2.0,74.0,3.6179552,95.7105,1.0,712.8401
2024-03-17 05:00:00+00:00,25.05,72.451706,29.667076,0.0,3.0,89.0,3.0758414,110.55613,1.0,739.5379
2024-03-17 06:00:00+00:00,25.8,68.65098,29.59367,0.0,1.0,37.0,5.2416787,105.945465,1.0,655.27747
2024-03-17 07:00:00+00:00,24.2,75.52256,25.783466,0.1,51.0,34.0,14.264361,132.95459,1.0,430.53058
2024-03-17 08:00:00+00:00,23.1,79.45113,24.778446,0.1,51.0,28.0,12.783802,122.34742,1.0,352.6521
2024-03-17 09:00:00+00:00,21.3,82.24785,22.640142,0.0,3.0,100.0,11.252519,97.35229,1.0,130.86847
2024-03-17 10:00:00+00:00,19.25,86.27368,20.096897,0.1,51.0,100.0,10.883676,124.21575,1.0,8.24345
2024-03-17 11:00:00+00:00,17.75,88.92724,18.313091,0.2,51.0,100.0,10.009036,127.694305,0.0,0.0
2024-03-17 12:00:00+00:00,16.9,91.4631,17.648438,0.6,53.0,100.0,7.653705,131.18582,0.0,0.0
2024-03-17 13:00:00+00:00,15.05,91.94098,15.294271,0.4,51.0,100.0,6.638072,102.5288,0.0,0.0
2024-03-17 14:00:00+00:00,14.55,93.116554,14.992825,0.2,51.0,100.0,4.5536795,161.56496,0.0,0.0
2024-03-17 15:00:00+00:00,14.2,88.92814,14.337069,0.1,51.0,100.0,4.2136917,160.0168,0.0,0.0
2024-03-17 16:00:00+00:00,14.0,89.20456,14.218538,0.0,3.0,100.0,3.319036,167.4712,0.0,0.0
2024-03-17 17:00:00+00:00,13.85,87.73591,14.041677,0.0,3.0,100.0,2.6208394,164.05453,0.0,0.0
2024-03-17 18:00:00+00:00,13.65,87.42875,13.825632,0.0,3.0,100.0,2.1897945,170.53775,0.0,0.0
2024-03-17 19:00:00+00:00,13.5,86.551476,13.582432,0.0,3.0,100.0,2.1897945,189.46225,0.0,0.0
2024-03-17 20:00:00+00:00,13.35,85.964745,13.109907,0.0,3.0,100.0,3.8773184,158.19853,0.0,0.0
2024-03-17 21:00:00+00:00,13.15,83.130196,12.632818,0.0,3.0,95.0,4.3498964,155.55606,0.0,0.0
2024-03-17 22:00:00+00:00,12.85,80.89727,12.242411,0.0,3.0,97.0,3.6,143.13002,0.0,0.0
2024-03-17 23:00:00+00:00,12.65,78.72232,11.834757,0.0,3.0,87.0,3.8939953,123.6901,1.0,43.07247
2024-03-18 00:00:00+00:00,12.9,71.88671,11.797483,0.0,3.0,83.0,3.8939953,123.6901,1.0,147.67229
2024-03-18 01:00:00+00:00,12.7,62.631138,10.779068,0.0,3.0,98.0,5.937272,75.96373,1.0,123.28831
2024-03-18 02:00:00+00:00,13.45,56.41537,11.422585,0.0,3.0,97.0,5.4833565,66.801384,1.0,277.6435
2024-03-18 03:00:00+00:00,14.45,51.958797,12.354887,0.0,3.0,98.0,5.5887027,75.068535,1.0,460.63077
2024-03-18 04:00:00+00:00,15.2,49.16361,13.1046715,0.0,3.0,97.0,5.4477882,97.59455,1.0,471.38324
2024-03-18 05:00:00+00:00,15.95,48.351322,14.030878,0.0,3.0,90.0,6.489992,109.440125,1.0,578.18976
2024-03-18 06:00:00+00:00,16.7,48.727024,15.518139,0.0,1.0,42.0,7.5685663,115.34614,1.0,670.43024
2024-03-18 07:00:00+00:00,16.65,50.250725,14.773579,0.0,1.0,27.0,9.178235,115.55992,1.0,558.7929
2024-03-18 08:00:00+00:00,16.05,52.387592,13.450487,0.0,0.0,17.0,11.435313,118.1785,1.0,390.55725
2024-03-18 09:00:00+00:00,14.7,56.344044,11.9164295,0.0,0.0,5.0,12.387348,125.537766,1.0,184.56882
2024-03-18 10:00:00+00:00,13.15,61.875576,10.999168,0.0,0.0,11.0,7.8954163,136.8476,1.0,19.589417
2024-03-18 11:00:00+00:00,12.0,69.060524,10.268115,0.0,0.0,10.0,5.8048253,150.2552,0.0,0.0
2024-03-18 12:00:00+00:00,11.3,74.85366,9.874359,0.0,0.0,18.0,4.510787,151.38963,0.0,0.0
2024-03-18 13:00:00+00:00,11.75,70.44992,10.162177,0.0,3.0,93.0,4.8965297,126.027466,0.0,0.0
2024-03-18 14:00:00+00:00,11.95,69.52702,10.528129,0.0,3.0,100.0,3.7585104,106.699326,0.0,0.0
2024-03-18 15:00:00+00:00,12.1,69.08078,10.931737,0.0,3.0,100.0,2.0991426,59.03632,0.0,0.0
2024-03-18 16:00:00+00:00,12.05,69.070656,10.321601,0.0,3.0,99.0,5.8603754,169.3804,0.0,0.0
2024-03-18 17:00:00+00:00,11.9,70.72164,10.805263,0.0,3.0,100.0,1.835647,191.30989,0.0,0.0
2024-03-18 18:00:00+00:00,11.75,71.670235,10.724736,0.2,51.0,81.0,1.4399999,180.0,0.0,0.0
2024-03-18 19:00:00+00:00,11.45,76.95408,10.580815,0.0,1.0,32.0,1.609969,116.56499,0.0,0.0
2024-03-18 20:00:00+00:00,10.65,81.14908,9.488,0.0,3.0,82.0,3.6179552,95.7105,0.0,0.0
2024-03-18 21:00:00+00:00,10.55,84.80737,9.578132,0.0,3.0,85.0,3.2599385,96.340096,0.0,0.0
2024-03-18 22:00:00+00:00,10.95,79.00569,9.908819,0.0,3.0,99.0,2.6208394,105.945465,0.0,0.0
2024-03-18 23:00:00+00:00,11.15,79.035194,9.925853,0.0,2.0,76.0,4.2136917,109.98319,1.0,52.022957
2024-03-19 00:00:00+00:00,12.1,77.31939,10.957384,0.0,3.0,86.0,4.6938252,94.39862,1.0,175.70906
2024-03-19 01:00:00+00:00,12.85,78.487366,12.095148,0.0,3.0,99.0,3.7585104,106.699326,1.0,200.06653
2024-03-19 02:00:00+00:00,14.25,75.85963,13.831816,0.0,3.0,100.0,3.0758414,110.55613,1.0,392.41086
2024-03-19 03:00:00+00:00,15.15,75.75486,15.097651,0.0,3.0,99.0,2.2768397,198.43504,1.0,405.53162
2024-03-19 04:00:00+00:00,16.2,71.77812,15.941366,0.0,3.0,100.0,4.1046314,232.12495,1.0,417.3257
2024-03-19 05:00:00+00:00,17.85,64.8704,17.582472,0.0,1.0,43.0,5.0911684,188.13002,1.0,559.4415
2024-03-19 06:00:00+00:00,19.2,60.607853,18.911633,0.0,2.0,65.0,7.7043357,142.59457,1.0,584.25867
2024-03-19 07:00:00+00:00,19.0,62.597054,17.98544,0.0,2.0,55.0,14.186923,125.70678,1.0,585.0691
2024-03-19 08:00:00+00:00,17.15,70.54485,15.166967,0.0,0.0,14.0,17.309973,106.9276,1.0,399.98764
2024-03-19 09:00:00+00:00,15.75,73.38188,14.536318,0.0,1.0,28.0,10.446206,91.97489,1.0,199.19821
2024-03-19 10:00:00+00:00,14.2,80.0081,13.851284,0.0,0.0,15.0,4.1046314,127.875046,1.0,21.581676
2024-03-19 11:00:00+00:00,12.4,85.29517,11.523825,0.0,0.0,19.0,6.12,151.92761,0.0,0.0
2024-03-19 12:00:00+00:00,11.6,87.23829,10.620602,0.0,1.0,23.0,5.95906,154.98314,0.0,0.0
2024-03-19 13:00:00+00:00,12.6,85.60185,12.163189,0.0,1.0,26.0,3.6,143.13002,0.0,0.0
2024-03-19 14:00:00+00:00,12.55,86.170044,12.252869,0.0,2.0,78.0,2.7416782,203.19862,0.0,0.0
2024-03-19 15:00:00+00:00,12.4,87.604805,12.108578,0.0,0.0,14.0,2.9024127,262.8751,0.0,0.0
2024-03-19 16:00:00+00:00,10.9,93.23585,10.1597,0.0,0.0,1.0,4.896529,287.1028,0.0,0.0
2024-03-19 17:00:00+00:00,9.2,97.99814,7.91628,0.0,0.0,0.0,6.830519,288.43503,0.0,0.0
2024-03-19 18:00:00+00:00,10.15,99.0021,9.401989,0.0,0.0,2.0,5.2416787,285.94547,0.0,0.0
2024-03-19 19:00:00+00:00,10.05,100.0,9.446331,0.0,3.0,98.0,4.3498964,294.44394,0.0,0.0
2024-03-19 20:00:00+00:00,8.5,100.0,7.4003325,0.0,3.0,99.0,4.8433046,311.98712,0.0,0.0
2024-03-19 21:00:00+00:00,8.75,100.0,7.970811,0.0,3.0,100.0,3.096837,305.53775,0.0,0.0
2024-03-19 22:00:00+00:00,9.0,100.0,8.152237,0.0,3.0,100.0,4.0249224,296.56497,0.0,0.0
2024-03-19 23:00:00+00:00,9.25,98.99501,8.31184,0.0,3.0,100.0,4.829907,296.56497,1.0,62.998894
2024-03-20 00:00:00+00:00,10.7,91.673515,9.935901,0.0,2.0,63.0,4.198285,300.96368,1.0,215.75447
2024-03-20 01:00:00+00:00,13.3,80.687645,12.907249,0.0,0.0,15.0,2.9024127,209.7448,1.0,436.2324
2024-03-20 02:00:00+00:00,15.4,63.681366,14.223591,0.0,0.0,11.0,7.928178,92.60251,1.0,673.8172
2024-03-20 03:00:00+00:00,16.8,54.974575,15.510647,0.0,2.0,72.0,11.792404,77.660934,1.0,773.7919
2024-03-20 04:00:00+00:00,17.2,53.234978,15.921072,0.0,1.0,32.0,11.885453,91.73567,1.0,755.07965
2024-03-20 05:00:00+00:00,17.55,53.87326,16.614166,0.0,2.0,57.0,13.910169,100.43742,1.0,828.7402
2024-03-20 06:00:00+00:00,17.5,52.413876,16.053915,0.0,0.0,18.0,15.111424,102.38075,1.0,764.17334
2024-03-20 07:00:00+00:00,16.95,51.380005,14.687075,0.0,1.0,28.0,15.281989,105.01841,1.0,627.6055
2024-03-20 08:00:00+00:00,16.15,53.14033,13.275137,0.0,0.0,1.0,13.797913,105.12406,1.0,427.04227
2024-03-20 09:00:00+00:00,15.0,53.202957,12.522646,0.0,1.0,28.0,9.449572,107.74477,1.0,211.01279
2024-03-20 10:00:00+00:00,12.55,69.646904,10.963428,0.0,1.0,43.0,5.8603754,132.5104,1.0,23.638988
2024-03-20 11:00:00+00:00,13.6,48.375916,11.418849,0.0,3.0,89.0,3.7585104,106.699326,0.0,0.0
2024-03-20 12:00:00+00:00,13.2,47.244804,11.3658285,0.0,3.0,93.0,0.5091169,315.0001,0.0,0.0
2024-03-20 13:00:00+00:00,12.75,63.95479,11.476153,0.0,3.0,95.0,2.0364676,44.999897,0.0,0.0
2024-03-20 14:00:00+00:00,10.55,79.21728,9.105686,0.0,3.0,86.0,4.802999,347.00537,0.0,0.0
2024-03-20 15:00:00+00:00,11.15,82.60606,10.063978,0.0,3.0,97.0,4.39436,325.0079,0.0,0.0
2024-03-20 16:00:00+00:00,10.7,85.40111,9.798176,0.0,3.0,100.0,3.219938,333.43503,0.0,0.0
2024-03-20 17:00:00+00:00,10.2,88.59531,9.3290825,0.0,3.0,90.0,3.096837,324.46225,0.0,0.0
2024-03-20 18:00:00+00:00,9.85,87.965546,8.657638,0.0,3.0,80.0,4.510787,298.61035,0.0,0.0
2024-03-20 19:00:00+00:00,8.55,87.84833,6.8384256,0.0,0.0,3.0,5.904439,307.56866,0.0,0.0
2024-03-20 20:00:00+00:00,9.05,83.4834,7.412218,0.0,0.0,0.0,5.00128,300.25635,0.0,0.0
2024-03-20 21:00:00+00:00,8.8,82.025,7.1439047,0.0,0.0,0.0,4.3498964,294.44394,0.0,0.0
2024-03-20 22:00:00+00:00,8.6,80.87052,6.80556,0.0,0.0,0.0,4.6938257,302.47116,0.0,0.0
2024-03-20 23:00:00+00:00,8.65,81.72218,7.135337,0.0,0.0,0.0,3.0758414,290.55612,1.0,97.205986
2024-03-21 00:00:00+00:00,11.45,69.42662,9.986525,0.0,0.0,0.0,3.2599385,263.6599,1.0,300.12704
2024-03-21 01:00:00+00:00,14.15,49.21808,12.339874,0.0,1.0,49.0,2.1897945,279.46225,1.0,511.1977
2024-03-21 02:00:00+00:00,15.85,43.043995,14.286116,0.0,3.0,99.0,1.5273507,224.9999,1.0,642.44495
2024-03-21 03:00:00+00:00,16.2,45.635426,14.384201,0.0,2.0,76.0,3.319036,167.4712,1.0,454.80408
2024-03-21 04:00:00+00:00,17.8,45.453312,17.535137,0.0,0.0,4.0,5.495161,148.39255,1.0,813.9097
2024-03-21 05:00:00+00:00,18.65,44.14647,18.546743,0.0,2.0,65.0,7.653705,131.18582,1.0,861.0786
2024-03-21 06:00:00+00:00,18.75,43.419575,17.215055,0.0,3.0,85.0,8.587338,123.02387,1.0,633.49286
2024-03-21 07:00:00+00:00,18.3,44.814716,15.842836,0.0,3.0,87.0,10.144082,117.47435,1.0,405.5239
2024-03-21 08:00:00+00:00,17.85,45.782616,15.370436,0.0,3.0,100.0,10.144082,117.47435,1.0,293.79337
2024-03-21 09:00:00+00:00,16.65,52.72763,14.660946,0.0,3.0,100.0,8.287822,124.3804,1.0,72.376495
2024-03-21 10:00:00+00:00,15.75,57.98128,14.301399,0.0,3.0,100.0,5.495161,121.60746,1.0,7.3209147
2024-03-21 11:00:00+00:00,14.85,72.24857,14.169302,0.0,3.0,100.0,4.5820518,135.0001,0.0,0.0
2024-03-21 12:00:00+00:00,14.55,76.41675,14.130735,0.0,3.0,100.0,3.8773184,158.19853,0.0,0.0
2024-03-21 13:00:00+00:00,15.35,66.52693,14.750706,0.0,2.0,71.0,2.5959969,123.690094,0.0,0.0
2024-03-21 14:00:00+00:00,14.95,70.120026,14.681719,0.0,0.0,18.0,1.08,180.0,0.0,0.0
2024-03-21 15:00:00+00:00,14.2,75.85141,13.948395,0.0,0.0,14.0,1.835647,258.6901,0.0,0.0
2024-03-21 16:00:00+00:00,13.7,79.938095,13.222673,0.0,2.0,50.0,3.9763298,264.80566,0.0,0.0
2024-03-21 17:00:00+00:00,11.85,89.6284,11.23927,0.0,2.0,68.0,4.6938252,265.60138,0.0,0.0
2024-03-21 18:00:00+00:00,11.55,91.11616,11.010793,0.0,0.0,13.0,4.1046314,254.74483,0.0,0.0
2024-03-21 19:00:00+00:00,11.0,95.44781,10.554673,0.0,3.0,96.0,3.7585104,253.30067,0.0,0.0
2024-03-21 20:00:00+00:00,11.5,95.465294,11.254899,0.0,3.0,97.0,3.396233,237.99466,0.0,0.0
2024-03-21 21:00:00+00:00,12.0,92.9829,11.974031,0.0,3.0,95.0,2.0991426,239.0363,0.0,0.0
2024-03-21 22:00:00+00:00,12.3,91.46927,12.332703,0.0,3.0,99.0,1.8,233.13002,0.0,0.0
2024-03-21 23:00:00+00:00,13.1,86.8,13.277721,0.0,3.0,95.0,0.8049845,206.56499,1.0,41.77348
2024-03-22 00:00:00+00:00,14.4,83.00526,14.730701,0.0,3.0,92.0,1.0182338,44.999897,1.0,137.39561
2024-03-22 01:00:00+00:00,17.3,71.74482,17.633062,0.0,0.0,16.0,2.3051248,51.34017,1.0,475.13974
2024-03-22 02:00:00+00:00,19.75,62.766808,20.36265,0.0,0.0,15.0,3.8939953,56.3099,1.0,677.3047
2024-03-22 03:00:00+00:00,23.05,55.639984,25.335068,0.0,3.0,90.0,1.835647,101.3099,1.0,793.2174
2024-03-22 04:00:00+00:00,25.0,54.004036,25.72329,0.0,3.0,100.0,8.905908,194.03627,1.0,617.4081
2024-03-22 05:00:00+00:00,25.65,51.291595,24.659393,0.0,3.0,100.0,17.826363,223.36346,1.0,470.7839
2024-03-22 06:00:00+00:00,25.7,52.810074,24.932194,0.0,3.0,100.0,17.610588,220.85529,1.0,415.6966
2024-03-22 07:00:00+00:00,24.55,56.373295,23.86672,0.0,3.0,100.0,16.904673,206.56499,1.0,252.02333
2024-03-22 08:00:00+00:00,24.35,57.603928,24.025837,0.0,3.0,100.0,14.84318,219.09384,1.0,217.51582
2024-03-22 09:00:00+00:00,23.75,59.717136,23.795168,0.0,3.0,100.0,12.313894,217.87505,1.0,138.55074
2024-03-22 10:00:00+00:00,22.1,64.94201,22.73275,0.0,3.0,100.0,7.628263,199.29015,1.0,14.528349
2024-03-22 11:00:00+00:00,19.95,74.82876,20.862078,0.0,3.0,100.0,6.12,180.0,0.0,0.0
2024-03-22 12:00:00+00:00,18.5,81.900444,19.354536,0.0,3.0,99.0,6.519877,173.6599,0.0,0.0
2024-03-22 13:00:00+00:00,17.35,88.32697,18.655615,0.0,3.0,100.0,3.563818,224.9999,0.0,0.0
2024-03-22 14:00:00+00:00,16.65,90.5703,17.911154,0.0,3.0,100.0,3.0758414,249.44386,0.0,0.0
2024-03-22 15:00:00+00:00,16.0,92.89133,17.295498,0.0,3.0,100.0,2.1897945,279.46225,0.0,0.0
2024-03-22 16:00:00+00:00,15.25,95.90225,16.371479,0.0,3.0,100.0,2.7416782,293.1986,0.0,0.0
2024-03-22 17:00:00+00:00,14.95,96.82728,15.967201,0.0,3.0,100.0,3.0758414,290.55612,0.0,0.0
2024-03-22 18:00:00+00:00,14.7,97.13505,15.622814,0.0,3.0,100.0,3.219938,296.56497,0.0,0.0
2024-03-22 19:00:00+00:00,14.95,96.514915,16.239824,0.0,3.0,100.0,1.08,270.0,0.0,0.0
2024-03-22 20:00:00+00:00,14.0,98.390656,14.81274,0.0,3.0,100.0,2.7416782,293.1986,0.0,0.0
2024-03-22 21:00:00+00:00,13.9,98.07005,14.564304,0.0,3.0,100.0,3.396233,302.00534,0.0,0.0
2024-03-22 22:00:00+00:00,14.65,97.13396,15.614134,0.0,3.0,100.0,2.8116899,320.1945,0.0,0.0
2024-03-22 23:00:00+00:00,16.2,90.539024,17.055138,0.0,3.0,100.0,4.6938257,327.52884,1.0,47.724724
2024-03-23 00:00:00+00:00,17.95,85.04891,19.074633,0.0,3.0,100.0,4.802999,347.00537,1.0,128.85435
2024-03-23 01:00:00+00:00,20.25,78.80045,21.831104,0.1,51.0,100.0,4.5536795,108.43504,1.0,335.5703
2024-03-23 02:00:00+00:00,20.15,81.07186,22.057262,0.2,51.0,100.0,3.319036,77.4712,1.0,231.49435
2024-03-23 03:00:00+00:00,20.05,84.19906,22.068024,0.2,51.0,100.0,4.0249224,79.69521,1.0,173.975
2024-03-23 04:00:00+00:00,21.0,83.251595,23.231724,0.0,3.0,100.0,4.829907,63.435013,1.0,212.53354
2024-03-23 05:00:00+00:00,21.8,83.08431,23.812475,0.0,2.0,58.0,8.699793,65.55606,1.0,213.25197
2024-03-23 06:00:00+00:00,24.15,79.10568,26.990437,0.0,2.0,56.0,8.049845,79.69521,1.0,407.1705
2024-03-23 07:00:00+00:00,26.35,72.90258,29.716003,0.0,1.0,28.0,7.289444,110.22495,1.0,468.88794
2024-03-23 08:00:00+00:00,27.2,66.21663,30.0849,0.0,1.0,40.0,7.8954163,133.1524,1.0,313.4107
2024-03-23 09:00:00+00:00,26.35,69.61263,29.324337,0.0,1.0,42.0,7.289445,122.90524,1.0,163.96408
2024-03-23 10:00:00+00:00,23.95,78.34688,26.590418,0.0,0.0,6.0,8.209263,127.875046,1.0,22.705788
2024-03-23 11:00:00+00:00,21.4,89.21482,24.22172,0.0,0.0,0.0,5.6233797,129.80553,0.0,0.0
2024-03-23 12:00:00+00:00,19.8,92.79785,21.95367,0.0,0.0,1.0,7.10031,149.53453,0.0,0.0
2024-03-23 13:00:00+00:00,20.5,92.25849,23.272116,0.0,0.0,7.0,4.802999,192.99461,0.0,0.0
2024-03-23 14:00:00+00:00,20.05,94.85943,23.024837,0.0,0.0,0.0,3.4152596,198.43504,0.0,0.0
2024-03-23 15:00:00+00:00,19.25,98.1473,22.341513,0.0,3.0,92.0,1.8,216.86998,0.0,0.0
2024-03-23 16:00:00+00:00,18.65,100.0,21.600697,0.0,3.0,100.0,1.8,216.86998,0.0,0.0
2024-03-23 17:00:00+00:00,18.2,99.68658,21.025728,0.0,3.0,100.0,1.08,270.0,0.0,0.0
2024-03-23 18:00:00+00:00,17.9,99.372635,20.503218,0.0,3.0,100.0,1.5273507,315.0001,0.0,0.0
2024-03-23 19:00:00+00:00,16.65,100.0,18.339363,0.0,3.0,100.0,4.39436,325.0079,0.0,0.0
2024-03-23 20:00:00+00:00,16.25,99.99999,17.70096,0.0,3.0,100.0,4.8965297,306.02747,0.0,0.0
2024-03-23 21:00:00+00:00,16.5,99.682495,18.211748,0.0,3.0,100.0,3.671294,281.3099,0.0,0.0
2024-03-23 22:00:00+00:00,16.1,99.04719,17.837376,0.0,3.0,93.0,2.0991426,239.0363,0.0,0.0
2024-03-23 23:00:00+00:00,17.6,94.764755,19.703993,0.0,3.0,88.0,1.835647,258.6901,1.0,75.697845
2024-03-24 00:00:00+00:00,20.2,87.73422,22.788048,0.0,2.0,78.0,2.5455842,351.87,1.0,252.80087
2024-03-24 01:00:00+00:00,23.15,82.21719,26.51884,0.0,2.0,62.0,3.219938,26.564985,1.0,463.3033
2024-03-24 02:00:00+00:00,26.0,72.61812,30.167267,0.0,2.0,54.0,2.2768397,71.564964,1.0,652.15497
2024-03-24 03:00:00+00:00,28.6,61.970554,32.70974,0.0,1.0,22.0,4.896529,197.10281,1.0,689.3029
2024-03-24 04:00:00+00:00,30.55,51.098217,33.281773,0.0,0.0,11.0,13.896187,216.57312,1.0,793.0012
2024-03-24 05:00:00+00:00,31.2,49.544003,34.021805,0.0,0.0,4.0,14.57889,212.90524,1.0,794.93054
2024-03-24 06:00:00+00:00,31.6,47.53339,34.091103,0.0,0.0,6.0,14.007655,205.90645,1.0,716.8022
2024-03-24 07:00:00+00:00,31.5,47.9534,33.44879,0.0,0.0,15.0,13.53236,208.61037,1.0,577.38666
2024-03-24 08:00:00+00:00,30.9,50.398796,32.49754,0.0,2.0,73.0,13.441071,200.37651,1.0,393.42493
2024-03-24 09:00:00+00:00,29.05,58.721073,31.313606,0.0,3.0,99.0,11.440978,167.27565,1.0,182.97758
2024-03-24 10:00:00+00:00,26.4,70.05301,28.915077,0.0,3.0,88.0,10.966713,156.80138,1.0,23.028004
2024-03-24 11:00:00+00:00,24.25,80.59665,27.366932,0.0,3.0,87.0,7.5685663,154.65387,0.0,0.0
2024-03-24 12:00:00+00:00,22.55,89.8546,26.009779,0.0,3.0,98.0,5.5887027,165.06853,0.0,0.0
2024-03-24 13:00:00+00:00,22.25,87.911835,25.438341,0.0,3.0,100.0,5.1544156,167.90526,0.0,0.0
2024-03-24 14:00:00+00:00,22.1,87.89899,25.282007,0.0,3.0,100.0,4.68,180.0,0.0,0.0
2024-03-24 15:00:00+00:00,22.1,87.356255,25.514578,0.0,3.0,99.0,2.7416782,203.19862,0.0,0.0
2024-03-24 16:00:00+00:00,21.3,91.16683,24.94789,0.0,3.0,91.0,0.8049845,243.43501,0.0,0.0
2024-03-24 17:00:00+00:00,20.35,94.57642,23.754463,0.0,2.0,56.0,1.2979984,236.3099,0.0,0.0
2024-03-24 18:00:00+00:00,19.25,97.536446,22.390667,0.0,0.0,7.0,1.1384199,251.56496,0.0,0.0
2024-03-24 19:00:00+00:00,18.45,98.75394,21.312607,0.0,0.0,8.0,1.1384199,251.56496,0.0,0.0
2024-03-24 20:00:00+00:00,18.2,99.06236,21.02054,0.0,0.0,13.0,0.8049845,243.43501,0.0,0.0
2024-03-24 21:00:00+00:00,17.85,98.74822,20.39297,0.0,0.0,10.0,1.484318,284.03625,0.0,0.0
2024-03-24 22:00:00+00:00,17.5,99.057365,19.808817,0.0,1.0,32.0,2.1897945,279.46225,0.0,0.0
2024-03-24 23:00:00+00:00,18.15,95.68857,20.632107,0.0,1.0,47.0,1.2979984,303.6901,1.0,100.37588
2024-03-25 00:00:00+00:00,21.35,85.40331,24.396782,0.0,1.0,34.0,1.609969,26.564985,1.0,294.60004
2024-03-25 01:00:00+00:00,24.5,77.70342,28.203384,0.0,3.0,81.0,2.3051248,51.34017,1.0,495.58752
2024-03-25 02:00:00+00:00,26.95,69.29852,31.265823,0.0,3.0,83.0,2.5959969,56.309914,1.0,671.53723
2024-03-25 03:00:00+00:00,29.65,57.073536,34.43776,0.0,3.0,96.0,3.319036,220.60121,1.0,787.0173
2024-03-25 04:00:00+00:00,31.5,44.904533,34.76226,0.0,2.0,72.0,7.653705,221.18582,1.0,799.93146
2024-03-25 05:00:00+00:00,32.7,41.172497,35.898445,0.0,3.0,93.0,9.290511,215.53777,1.0,832.1693
2024-03-25 06:00:00+00:00,33.05,38.74693,34.917282,0.0,2.0,59.0,12.181624,214.15974,1.0,710.1664
2024-03-25 07:00:00+00:00,32.45,42.020657,33.301727,0.0,1.0,39.0,13.746156,224.9999,1.0,490.71478
2024-03-25 08:00:00+00:00,31.85,45.565372,33.22712,0.0,1.0,49.0,12.496718,221.49637,1.0,397.81955
2024-03-25 09:00:00+00:00,30.65,54.223896,33.775223,0.0,0.0,11.0,6.2145634,190.00792,1.0,190.5054
2024-03-25 10:00:00+00:00,27.3,65.22229,30.31329,0.0,3.0,100.0,6.489992,160.55988,1.0,26.045578
2024-03-25 11:00:00+00:00,24.5,79.39868,27.803524,0.0,0.0,16.0,6.28713,156.3706,0.0,0.0
2024-03-25 12:00:00+00:00,22.85,86.6185,26.153376,0.0,0.0,17.0,5.5887027,165.06853,0.0,0.0
2024-03-25 13:00:00+00:00,24.8,74.22735,28.259495,0.0,0.0,3.0,2.4149535,243.43501,0.0,0.0
2024-03-25 14:00:00+00:00,22.0,85.73573,24.613781,0.0,0.0,1.0,6.8777895,312.8789,0.0,0.0
2024-03-25 15:00:00+00:00,22.1,76.377495,23.92433,0.0,0.0,1.0,6.696387,306.25394,0.0,0.0
2024-03-25 16:00:00+00:00,22.25,74.73486,23.899393,0.0,0.0,2.0,7.289444,290.22495,0.0,0.0
2024-03-25 17:00:00+00:00,21.0,82.9904,22.910528,0.0,0.0,2.0,6.87779,276.0089,0.0,0.0
2024-03-25 18:00:00+00:00,20.7,84.536095,22.715107,0.0,0.0,1.0,6.162207,276.70975,0.0,0.0
2024-03-25 19:00:00+00:00,20.45,83.7139,22.166414,0.0,0.0,0.0,6.9899354,281.88864,0.0,0.0
2024-03-25 20:00:00+00:00,19.75,82.5796,20.987066,0.0,0.0,0.0,7.628263,289.29013,0.0,0.0
2024-03-25 21:00:00+00:00,18.7,83.78061,19.79197,0.0,0.0,0.0,6.379216,286.38962,0.0,0.0
2024-03-25 22:00:00+00:00,18.25,81.344154,18.808376,0.0,0.0,0.0,7.628263,289.29013,0.0,0.0
2024-03-25 23:00:00+00:00,19.3,76.17805,19.934845,0.0,0.0,10.0,7.10031,300.46545,1.0,102.699875
2024-03-26 00:00:00+00:00,21.15,66.86225,22.45701,0.0,3.0,100.0,1.835647,348.6901,1.0,294.95337
2024-03-26 01:00:00+00:00,23.2,59.779984,24.731445,0.0,0.0,11.0,0.8049845,116.56499,1.0,477.3648
2024-03-26 02:00:00+00:00,23.4,63.985306,23.989162,0.0,3.0,100.0,10.636766,113.962494,1.0,589.6847
2024-03-26 03:00:00+00:00,21.2,70.85079,20.534546,0.0,3.0,100.0,17.873556,117.597206,1.0,573.97504
2024-03-26 04:00:00+00:00,20.5,70.94747,20.406446,0.0,1.0,33.0,13.237039,112.38018,1.0,586.34564
2024-03-26 05:00:00+00:00,21.65,63.6021,21.929138,0.0,2.0,58.0,11.631956,111.801476,1.0,629.7011
2024-03-26 06:00:00+00:00,21.3,60.898846,20.830368,0.0,3.0,100.0,14.8257065,119.05451,1.0,624.94006
2024-03-26 07:00:00+00:00,19.55,63.759754,18.05093,0.0,3.0,100.0,15.646544,113.02553,1.0,469.09384
2024-03-26 08:00:00+00:00,18.8,63.803185,17.394997,0.0,3.0,99.0,13.450708,105.52418,1.0,350.88763
2024-03-26 09:00:00+00:00,17.55,64.80492,15.991566,0.0,3.0,100.0,12.496719,101.63361,1.0,168.41814
2024-03-26 10:00:00+00:00,15.9,67.31686,14.5233555,0.0,3.0,98.0,9.255571,103.49575,1.0,22.652084
2024-03-26 11:00:00+00:00,15.3,68.33049,14.2584,0.0,3.0,84.0,6.28713,103.24053,0.0,0.0
2024-03-26 12:00:00+00:00,14.8,70.090744,13.96323,0.0,3.0,100.0,4.6938252,85.60138,0.0,0.0
2024-03-26 13:00:00+00:00,14.95,72.75187,13.887091,0.0,3.0,100.0,7.5942073,84.55976,0.0,0.0
2024-03-26 14:00:00+00:00,14.7,74.180504,13.703766,0.0,3.0,100.0,7.2359104,84.2895,0.0,0.0
2024-03-26 15:00:00+00:00,14.45,73.39581,13.414442,0.0,3.0,100.0,6.725354,74.47583,0.0,0.0
2024-03-26 16:00:00+00:00,14.2,73.59798,13.220324,0.0,3.0,100.0,5.95906,64.98315,0.0,0.0
2024-03-26 17:00:00+00:00,14.0,74.05868,13.086521,0.0,3.0,100.0,5.315336,61.69934,0.0,0.0
2024-03-26 18:00:00+00:00,13.55,78.855255,13.289444,0.0,3.0,100.0,1.8,53.13002,0.0,0.0
2024-03-26 19:00:00+00:00,13.55,82.078415,13.559719,0.0,3.0,87.0,1.1384199,71.564964,0.0,0.0
2024-03-26 20:00:00+00:00,13.65,75.76079,13.276941,0.0,2.0,61.0,1.609969,116.56499,0.0,0.0
2024-03-26 21:00:00+00:00,13.7,75.26163,13.331463,0.0,1.0,39.0,1.484318,104.03627,0.0,0.0
2024-03-26 22:00:00+00:00,13.5,74.97512,12.908367,0.0,3.0,100.0,2.5455842,98.13002,1.0,0.0
2024-03-26 23:00:00+00:00,13.75,74.76576,13.264822,0.0,3.0,100.0,2.1897945,99.46225,1.0,92.349724
2024-03-27 00:00:00+00:00,14.65,71.72896,14.055134,0.0,3.0,100.0,3.4152596,108.43504,1.0,248.97478
2024-03-27 01:00:00+00:00,16.15,64.93175,15.192419,0.0,3.0,100.0,5.8048253,119.74479,1.0,446.31165
2024-03-27 02:00:00+00:00,16.9,63.166245,15.780413,0.0,3.0,100.0,7.491114,125.21768,1.0,556.31964
2024-03-27 03:00:00+00:00,18.15,60.763977,18.145021,0.0,3.0,100.0,7.653705,131.18582,1.0,747.4633
2024-03-27 04:00:00+00:00,18.6,60.667805,18.492859,0.0,3.0,100.0,9.726664,128.991,1.0,741.65485
2024-03-27 05:00:00+00:00,19.0,60.16065,18.673485,0.0,3.0,100.0,8.669949,131.63345,1.0,639.4496
2024-03-27 06:00:00+00:00,19.65,59.326538,19.508848,0.0,3.0,100.0,9.504272,127.30403,1.0,647.6591
2024-03-27 07:00:00+00:00,19.7,60.127407,19.110586,0.0,3.0,100.0,9.0,126.86999,1.0,525.2081
2024-03-27 08:00:00+00:00,19.35,61.65236,18.567837,0.0,3.0,96.0,9.178235,131.82008,1.0,373.78415
2024-03-27 09:00:00+00:00,18.45,64.14806,17.553955,0.0,1.0,31.0,9.422101,133.45189,1.0,200.55542
2024-03-27 10:00:00+00:00,16.9,69.1109,16.156593,0.0,1.0,41.0,7.6367526,135.0001,1.0,29.217894
2024-03-27 11:00:00+00:00,15.75,75.10419,15.386274,0.0,3.0,100.0,5.3517847,137.72638,0.0,0.0
2024-03-27 12:00:00+00:00,15.0,78.805756,14.858841,0.0,2.0,58.0,3.8268526,131.18582,0.0,0.0
2024-03-27 13:00:00+00:00,15.0,75.73019,14.602602,0.0,3.0,91.0,4.3349743,138.36655,0.0,0.0
2024-03-27 14:00:00+00:00,14.6,79.53482,14.6342125,0.0,3.0,98.0,2.0991426,149.03632,0.0,0.0
2024-03-27 15:00:00+00:00,14.7,77.20771,14.70006,0.0,1.0,24.0,1.609969,153.43501,0.0,0.0
2024-03-27 16:00:00+00:00,14.65,77.715034,14.602808,0.0,1.0,31.0,2.0364676,315.0001,0.0,0.0
2024-03-27 17:00:00+00:00,14.25,80.81618,14.150011,0.0,0.0,19.0,2.8116899,309.8055,0.0,0.0
2024-03-27 18:00:00+00:00,14.6,78.22568,14.629995,0.0,1.0,23.0,1.609969,296.56497,0.0,0.0
2024-03-27 19:00:00+00:00,13.75,84.59362,13.697756,0.0,1.0,43.0,2.9024127,172.87508,0.0,0.0
2024-03-27 20:00:00+00:00,14.15,84.08034,14.30751,0.0,3.0,83.0,2.0991426,120.96369,0.0,0.0
2024-03-27 21:00:00+00:00,13.9,86.59055,14.055141,0.0,3.0,81.0,2.5455842,98.13002,0.0,0.0
2024-03-27 22:00:00+00:00,13.15,90.323105,12.980974,0.0,3.0,100.0,4.5536795,341.56494,1.0,0.0
2024-03-27 23:00:00+00:00,15.0,83.62554,15.185287,0.0,2.0,50.0,3.5455887,336.0375,1.0,51.496113
2024-03-28 00:00:00+00:00,17.35,76.361374,18.194817,0.1,51.0,74.0,1.08,90.0,1.0,220.46933
2024-03-28 01:00:00+00:00,19.3,75.68934,20.553743,5.3,63.0,98.0,2.5959969,123.690094,1.0,348.65625
2024-03-28 02:00:00+00:00,20.5,76.368164,21.748402,3.7,63.0,100.0,6.130579,93.366394,1.0,434.00464
2024-03-28 03:00:00+00:00,22.6,71.56203,24.175901,0.0,3.0,100.0,7.4128532,119.05451,1.0,595.6422
2024-03-28 04:00:00+00:00,23.75,69.11484,25.328358,0.0,3.0,100.0,8.373386,115.46331,1.0,454.03464
2024-03-28 05:00:00+00:00,25.75,65.91811,28.753822,0.3,51.0,54.0,5.3517847,137.72638,1.0,611.87573
2024-03-28 06:00:00+00:00,27.5,61.91777,31.12587,0.0,3.0,98.0,6.0347,342.64587,1.0,653.3351
2024-03-28 07:00:00+00:00,28.2,58.158577,30.76604,0.0,3.0,100.0,6.162207,6.70975,1.0,466.51776
2024-03-28 08:00:00+00:00,27.7,60.44156,29.892017,0.0,3.0,100.0,9.227524,20.556128,1.0,273.73233
2024-03-28 09:00:00+00:00,25.95,62.348854,27.536,0.0,3.0,100.0,9.6932955,344.93146,1.0,131.98972
2024-03-28 10:00:00+00:00,25.0,60.390976,25.148998,0.0,3.0,100.0,15.349684,309.28937,1.0,18.833706
2024-03-28 11:00:00+00:00,23.0,67.45483,23.811966,0.0,3.0,100.0,10.383987,303.6901,0.0,0.0
2024-03-28 12:00:00+00:00,21.45,73.19329,22.736347,0.0,3.0,96.0,6.5693827,279.46225,0.0,0.0
2024-03-28 13:00:00+00:00,20.4,75.62493,21.704485,0.0,3.0,100.0,5.0528407,274.08554,0.0,0.0
2024-03-28 14:00:00+00:00,19.1,81.45367,20.151236,0.0,3.0,95.0,6.519877,276.3401,0.0,0.0
2024-03-28 15:00:00+00:00,18.25,83.46123,19.109728,0.0,3.0,100.0,6.6185193,292.3802,0.0,0.0
2024-03-28 16:00:00+00:00,17.85,83.95284,18.666714,0.0,3.0,86.0,6.12,298.0724,0.0,0.0
2024-03-28 17:00:00+00:00,16.55,89.40469,17.089247,0.0,3.0,100.0,7.24486,296.56497,0.0,0.0
2024-03-28 18:00:00+00:00,16.4,89.6818,17.09243,0.0,3.0,100.0,5.937272,284.03625,0.0,0.0
2024-03-28 19:00:00+00:00,15.5,91.967896,15.803146,0.0,3.0,100.0,7.342588,281.3099,0.0,0.0
2024-03-28 20:00:00+00:00,17.05,86.05659,17.903677,0.0,3.0,100.0,4.829907,296.56497,0.0,0.0
2024-03-28 21:00:00+00:00,16.35,90.54945,17.52259,0.0,3.0,100.0,2.9024127,352.87506,0.0,0.0
2024-03-28 22:00:00+00:00,15.65,96.84418,17.213232,0.0,2.0,64.0,1.1384199,251.56496,1.0,0.0
2024-03-28 23:00:00+00:00,15.85,97.78497,17.525705,0.0,3.0,100.0,1.2979984,213.6901,1.0,109.214874
2024-03-29 00:00:00+00:00,17.9,85.86556,19.340899,0.0,3.0,86.0,2.9024127,119.74479,1.0,302.71338
2024-03-29 01:00:00+00:00,20.3,73.46152,21.804474,0.0,3.0,94.0,2.1897945,80.53775,1.0,537.54877
2024-03-29 02:00:00+00:00,22.15,64.95274,24.234076,0.0,2.0,71.0,2.8799999,90.0,1.0,726.9149
2024-03-29 03:00:00+00:00,23.9,57.3103,26.810156,0.0,3.0,100.0,3.0758414,110.55613,1.0,852.1071
2024-03-29 04:00:00+00:00,25.45,49.28973,28.183804,0.0,3.0,97.0,4.6938257,122.471176,1.0,893.6519
2024-03-29 05:00:00+00:00,26.65,43.870235,29.169403,0.0,3.0,100.0,5.1919937,123.690094,1.0,883.83
2024-03-29 06:00:00+00:00,27.25,42.766117,29.020615,0.0,3.0,100.0,6.439876,116.56499,1.0,765.0602
2024-03-29 07:00:00+00:00,26.9,45.535603,27.399591,0.0,3.0,100.0,10.144082,117.47435,1.0,595.8915
2024-03-29 08:00:00+00:00,24.9,53.45985,24.554739,0.0,3.0,100.0,13.276144,130.60121,1.0,380.03497
2024-03-29 09:00:00+00:00,23.4,57.004,23.079088,0.0,3.0,94.0,12.096214,126.528946,1.0,185.23216
2024-03-29 10:00:00+00:00,21.6,62.977165,21.753649,0.0,3.0,99.0,8.473393,102.26476,1.0,27.532267
2024-03-29 11:00:00+00:00,19.0,75.88505,19.908466,0.0,3.0,100.0,4.32,90.0,0.0,0.0
2024-03-29 12:00:00+00:00,17.85,84.22305,18.736755,0.0,3.0,100.0,5.771239,86.423744,0.0,0.0
2024-03-29 13:00:00+00:00,18.05,88.10443,19.492117,0.0,3.0,100.0,4.39436,124.992096,0.0,0.0
2024-03-29 14:00:00+00:00,18.65,83.77495,20.463,0.0,3.0,100.0,1.2979984,146.3099,0.0,0.0
2024-03-29 15:00:00+00:00,18.3,86.180565,20.074842,0.0,3.0,100.0,1.835647,258.6901,0.0,0.0
2024-03-29 16:00:00+00:00,18.1,86.71347,19.770527,0.0,3.0,100.0,2.2768397,251.56496,0.0,0.0
2024-03-29 17:00:00+00:00,17.65,88.63538,19.16437,0.0,3.0,100.0,3.0758414,249.44386,0.0,0.0
2024-03-29 18:00:00+00:00,17.1,91.76873,18.587765,0.0,3.0,100.0,3.2599385,276.3401,0.0,0.0
2024-03-29 19:00:00+00:00,17.75,87.51687,19.555862,0.6,53.0,100.0,0.8049845,243.43501,0.0,0.0
2024-03-29 20:00:00+00:00,17.55,89.76816,19.336363,1.3,61.0,100.0,1.484318,194.03627,0.0,0.0
2024-03-29 21:00:00+00:00,17.15,96.266266,19.106272,1.5,61.0,100.0,2.2768397,108.43504,0.0,0.0
2024-03-29 22:00:00+00:00,16.9,97.18271,18.989477,0.2,51.0,100.0,1.08,180.0,1.0,0.0
2024-03-29 23:00:00+00:00,17.5,93.26652,19.509605,0.0,2.0,78.0,1.484318,75.96373,1.0,73.510445
2024-03-30 00:00:00+00:00,18.75,88.7254,20.843884,0.0,0.0,1.0,2.1897945,80.53775,1.0,292.6302
2024-03-30 01:00:00+00:00,20.55,81.38074,22.68755,0.0,0.0,6.0,3.0547013,44.999897,1.0,514.7404
2024-03-30 02:00:00+00:00,22.35,74.04759,25.03005,0.0,0.0,9.0,3.219938,26.564985,1.0,680.3783
2024-03-30 03:00:00+00:00,24.25,68.133255,27.153942,0.0,2.0,54.0,4.802999,77.00539,1.0,693.00714
2024-03-30 04:00:00+00:00,26.6,62.68836,29.586487,0.0,3.0,100.0,8.287822,92.4895,1.0,706.645
2024-03-30 05:00:00+00:00,26.25,64.79966,29.217472,0.3,51.0,96.0,3.096837,324.46225,1.0,357.42102
2024-03-30 06:00:00+00:00,25.75,69.49874,28.057842,1.3,61.0,99.0,9.793059,323.97253,1.0,493.31042
2024-03-30 07:00:00+00:00,24.3,76.71841,26.621988,0.1,51.0,60.0,10.390226,345.9637,1.0,286.68524
2024-03-30 08:00:00+00:00,24.3,75.304504,26.790998,0.0,3.0,100.0,8.209263,307.87503,1.0,322.8862
2024-03-30 09:00:00+00:00,23.75,78.561195,27.089705,0.0,3.0,97.0,2.9024127,330.25522,1.0,73.48526
2024-03-30 10:00:00+00:00,22.55,87.66661,26.11916,0.0,2.0,63.0,3.4152596,18.435053,1.0,20.314796
2024-03-30 11:00:00+00:00,21.4,88.938095,24.280445,0.0,3.0,98.0,5.0528407,4.085537,0.0,0.0
2024-03-30 12:00:00+00:00,21.8,87.0586,25.05924,0.0,3.0,100.0,2.6208394,344.05453,0.0,0.0
2024-03-30 13:00:00+00:00,22.2,87.365204,25.430056,0.0,3.0,100.0,4.3498964,335.55606,0.0,0.0
2024-03-30 14:00:00+00:00,21.65,90.626785,25.350779,0.0,3.0,99.0,1.2979984,213.6901,0.0,0.0
2024-03-30 15:00:00+00:00,21.05,94.60441,24.842619,0.0,3.0,100.0,1.0182338,224.9999,0.0,0.0
2024-03-30 16:00:00+00:00,20.7,97.262245,24.47574,0.0,3.0,100.0,1.484318,194.03627,0.0,0.0
2024-03-30 17:00:00+00:00,20.3,100.0,24.101566,0.1,51.0,100.0,1.484318,165.96373,0.0,0.0
2024-03-30 18:00:00+00:00,20.1,98.76941,23.440695,0.3,51.0,100.0,3.2599385,173.6599,0.0,0.0
2024-03-30 19:00:00+00:00,19.95,99.38234,23.551975,0.0,3.0,100.0,1.2979984,213.6901,0.0,0.0
2024-03-30 20:00:00+00:00,18.3,99.68687,20.513693,0.0,3.0,99.0,5.5887027,345.06854,0.0,0.0
2024-03-30 21:00:00+00:00,18.4,100.0,20.962042,0.0,3.0,99.0,3.671294,168.69011,0.0,0.0
2024-03-30 22:00:00+00:00,19.4,100.0,22.63394,0.0,3.0,100.0,2.3051248,128.65984,1.0,0.0
2024-03-30 23:00:00+00:00,19.7,99.38118,23.099998,0.0,3.0,100.0,1.835647,168.69011,1.0,83.99331
2024-03-31 00:00:00+00:00,21.0,94.89542,24.558947,0.0,3.0,100.0,2.6208394,105.945465,1.0,159.63309
2024-03-31 01:00:00+00:00,22.15,87.360756,25.40241,9.9,65.0,100.0,4.0249224,243.43501,1.0,193.53513
2024-03-31 02:00:00+00:00,23.9,81.29984,27.782513,0.0,3.0,100.0,1.609969,153.43501,1.0,282.95517
2024-03-31 03:00:00+00:00,25.95,76.73443,30.294254,0.2,51.0,100.0,3.5455887,293.9625,1.0,608.6635
2024-03-31 04:00:00+00:00,26.0,76.50767,29.609169,1.1,55.0,100.0,7.289445,327.09476,1.0,389.79083
2024-03-31 05:00:00+00:00,25.4,78.31443,27.80421,2.1,61.0,100.0,14.81259,334.05774,1.0,460.47452
2024-03-31 06:00:00+00:00,24.85,79.44686,28.770267,0.2,51.0,100.0,3.319036,319.39877,1.0,227.24455
2024-03-31 07:00:00+00:00,25.35,80.73994,28.921417,0.1,51.0,85.0,8.4963045,126.384445,1.0,311.1499
2024-03-31 08:00:00+00:00,26.55,73.16098,30.643326,0.2,51.0,98.0,3.219938,153.43501,1.0,372.8011
2024-03-31 09:00:00+00:00,26.3,75.16285,30.454758,0.1,51.0,88.0,3.5455887,66.037506,1.0,166.15427
2024-03-31 10:00:00+00:00,24.45,86.50367,28.760017,0.0,3.0,95.0,4.39436,55.0079,1.0,29.698313
2024-03-31 11:00:00+00:00,23.65,86.959496,27.435978,0.0,3.0,100.0,5.3517847,70.346085,0.0,0.0
2024-03-31 12:00:00+00:00,23.8,86.707405,27.99718,0.0,3.0,100.0,2.9024127,119.74479,0.0,0.0
2024-03-31 13:00:00+00:00,20.7,95.76986,23.81957,0.0,3.0,100.0,5.1165614,320.7106,0.0,0.0
2024-03-31 14:00:00+00:00,19.8,96.941605,22.415026,0.0,3.0,100.0,6.2145634,349.99207,0.0,0.0
2024-03-31 15:00:00+00:00,20.45,94.58043,23.410072,0.0,3.0,100.0,4.68,360.0,0.0,0.0
2024-03-31 16:00:00+00:00,20.45,94.58043,23.882574,0.1,51.0,100.0,1.4399999,270.0,0.0,0.0
2024-03-31 17:00:00+00:00,20.6,95.470436,24.123056,0.0,3.0,100.0,1.835647,281.3099,0.0,0.0
2024-03-31 18:00:00+00:00,20.15,97.85605,23.584187,0.0,3.0,98.0,2.2768397,288.43503,0.0,0.0
2024-03-31 19:00:00+00:00,20.05,98.15847,23.791485,0.0,2.0,79.0,0.0,270.0,0.0,0.0
2024-03-31 20:00:00+00:00,19.3,100.0,22.50667,0.0,3.0,100.0,2.16,180.0,0.0,0.0
2024-03-31 21:00:00+00:00,17.9,100.0,20.350628,0.0,3.0,100.0,2.8799999,270.0,0.0,0.0
2024-03-31 22:00:00+00:00,17.75,100.0,20.084217,0.0,3.0,100.0,3.219938,243.43501,1.0,0.0
2024-03-31 23:00:00+00:00,18.5,98.44517,21.01153,0.0,3.0,100.0,3.5455887,203.9625,1.0,88.43052
2024-04-01 00:00:00+00:00,19.75,89.93034,22.072475,0.0,3.0,84.0,4.2136917,199.9832,1.0,233.56322
2024-04-01 01:00:00+00:00,22.0,77.0868,23.71571,0.0,3.0,95.0,7.5942082,121.42952,1.0,479.80316
2024-04-01 02:00:00+00:00,22.85,72.28841,24.544487,0.0,3.0,99.0,7.127636,135.0001,1.0,571.0583
2024-04-01 03:00:00+00:00,23.95,65.75034,25.414206,0.0,3.0,100.0,11.753876,130.0302,1.0,697.7771
2024-04-01 04:00:00+00:00,24.0,63.10554,25.325684,0.0,3.0,100.0,14.20062,120.46546,1.0,767.2432
2024-04-01 05:00:00+00:00,23.65,63.633358,24.824652,0.0,3.0,100.0,12.904882,120.141304,1.0,692.1142
2024-04-01 06:00:00+00:00,23.5,62.994976,24.317335,0.0,3.0,100.0,9.178235,115.55992,1.0,533.07916
2024-04-01 07:00:00+00:00,23.35,61.174355,23.689716,0.0,3.0,100.0,10.296251,126.46933,1.0,353.71533
2024-04-01 08:00:00+00:00,22.85,60.4726,23.064323,0.0,3.0,100.0,9.449572,130.36446,1.0,253.15167
2024-04-01 09:00:00+00:00,21.6,63.38584,21.459723,0.0,3.0,100.0,10.739832,129.55963,1.0,89.77924
2024-04-01 10:00:00+00:00,20.5,68.03579,20.60032,0.0,3.0,100.0,9.220499,128.65984,1.0,13.726841
2024-04-01 11:00:00+00:00,19.75,72.659935,20.132835,0.0,3.0,100.0,8.049845,153.43501,0.0,0.0
2024-04-01 12:00:00+00:00,19.15,76.893,20.116024,0.1,51.0,100.0,4.829907,153.43501,0.0,0.0
2024-04-01 13:00:00+00:00,19.15,81.20024,20.362774,0.0,3.0,100.0,5.4119864,176.186,0.0,0.0
2024-04-01 14:00:00+00:00,19.0,79.89124,20.179977,0.0,3.0,100.0,4.5536795,161.56496,0.0,0.0
2024-04-01 15:00:00+00:00,18.7,80.88184,19.918285,0.0,3.0,100.0,4.0249224,206.56499,0.0,0.0
2024-04-01 16:00:00+00:00,18.7,81.925575,20.251354,0.0,3.0,100.0,2.2768397,161.56496,0.0,0.0
2024-04-01 17:00:00+00:00,18.5,84.295265,19.934298,0.0,3.0,100.0,3.7585104,163.30067,0.0,0.0
2024-04-01 18:00:00+00:00,18.4,85.9158,20.14761,0.0,3.0,100.0,2.16,180.0,0.0,0.0
2024-04-01 19:00:00+00:00,18.4,87.85438,20.5308,0.0,3.0,100.0,0.5091169,224.9999,0.0,0.0
2024-04-01 20:00:00+00:00,18.5,87.8631,20.62881,0.0,1.0,44.0,0.8049845,243.43501,0.0,0.0
2024-04-01 21:00:00+00:00,18.5,86.47545,20.454317,0.0,2.0,61.0,1.2979984,123.690094,0.0,0.0
2024-04-01 22:00:00+00:00,17.75,93.87317,19.750385,0.0,3.0,100.0,2.5455842,135.0001,1.0,0.0
2024-04-01 23:00:00+00:00,18.85,88.45276,20.78905,0.0,2.0,65.0,3.396233,32.005356,1.0,68.17558
2024-04-02 00:00:00+00:00,20.45,85.579445,22.553957,0.0,1.0,48.0,5.3999996,53.13002,1.0,288.88913
2024-04-02 01:00:00+00:00,22.0,80.04755,24.177992,0.0,2.0,70.0,6.28713,76.75947,1.0,451.36115
2024-04-02 02:00:00+00:00,26.0,68.6898,28.656757,0.0,2.0,53.0,7.5685663,177.27374,1.0,497.3355
2024-04-02 03:00:00+00:00,29.35,56.825474,30.560062,0.0,2.0,58.0,21.575987,205.7099,1.0,697.542
2024-04-02 04:00:00+00:00,29.8,54.01313,30.266087,0.0,1.0,35.0,22.9724,212.19571,1.0,602.71387
2024-04-02 05:00:00+00:00,30.05,53.90777,31.429886,0.0,0.0,9.0,19.33639,208.9509,1.0,637.076
2024-04-02 06:00:00+00:00,31.0,49.646442,32.474083,0.0,0.0,5.0,20.26899,213.40784,1.0,702.57043
2024-04-02 07:00:00+00:00,30.7,48.344624,31.360466,0.0,1.0,24.0,19.161337,205.60214,1.0,551.91815
2024-04-02 08:00:00+00:00,30.6,48.318367,31.053814,0.0,1.0,36.0,18.204042,204.5377,1.0,403.54605
2024-04-02 09:00:00+00:00,29.1,53.336155,29.944809,0.0,3.0,85.0,16.171976,196.82149,1.0,201.77658
2024-04-02 10:00:00+00:00,27.05,63.968925,28.72903,0.0,3.0,99.0,13.75558,173.99109,1.0,30.114609
2024-04-02 11:00:00+00:00,25.35,75.00944,28.357635,0.0,3.0,90.0,7.9526596,174.80566,0.0,0.0
2024-04-02 12:00:00+00:00,24.35,80.609726,27.476257,0.0,0.0,19.0,7.8625183,164.05453,0.0,0.0
2024-04-02 13:00:00+00:00,24.9,75.86817,27.549088,0.0,1.0,28.0,9.531505,190.88548,0.0,0.0
2024-04-02 14:00:00+00:00,24.5,78.6682,27.328922,0.0,1.0,39.0,9.007196,182.29056,0.0,0.0
2024-04-02 15:00:00+00:00,23.2,86.385185,26.493347,0.0,1.0,27.0,6.725354,195.52417,0.0,0.0
2024-04-02 16:00:00+00:00,22.75,87.95458,25.88318,0.0,2.0,66.0,7.289445,212.90524,0.0,0.0
2024-04-02 17:00:00+00:00,22.25,90.110146,25.380882,0.0,3.0,95.0,6.9527545,201.25058,0.0,0.0
2024-04-02 18:00:00+00:00,22.5,89.85095,26.013653,0.0,1.0,33.0,5.04,180.0,0.0,0.0
2024-04-02 19:00:00+00:00,21.2,92.297905,23.932888,0.0,1.0,21.0,7.42159,194.03627,0.0,0.0
2024-04-02 20:00:00+00:00,22.75,86.07594,26.07529,0.0,0.0,16.0,4.73506,188.74608,0.0,0.0
2024-04-02 21:00:00+00:00,21.2,91.72761,24.513748,0.0,1.0,33.0,3.096837,324.46225,0.0,0.0
2024-04-02 22:00:00+00:00,21.05,93.73044,24.766947,0.0,2.0,62.0,1.0182338,315.0001,1.0,0.0
2024-04-02 23:00:00+00:00,21.45,92.31193,24.855366,0.0,1.0,42.0,3.671294,348.6901,1.0,91.48254
2024-04-03 00:00:00+00:00,23.75,83.56691,27.74082,0.0,2.0,54.0,1.9386592,158.19853,1.0,186.89426
2024-04-03 01:00:00+00:00,26.45,73.368385,30.285625,0.0,0.0,5.0,4.802999,167.00539,1.0,525.2495
2024-04-03 02:00:00+00:00,29.0,60.17803,31.876873,0.0,0.0,2.0,11.298495,210.65059,1.0,682.0812
2024-04-03 03:00:00+00:00,30.85,52.6227,33.997643,0.0,0.0,13.0,12.819235,218.15727,1.0,793.9252
2024-04-03 04:00:00+00:00,32.5,46.74467,35.836407,0.0,2.0,54.0,13.755579,227.12111,1.0,868.386
2024-04-03 05:00:00+00:00,33.45,44.72761,37.015446,0.0,3.0,100.0,11.457958,226.27295,1.0,797.9862
2024-04-03 06:00:00+00:00,34.0,42.837917,36.63983,0.0,3.0,100.0,10.44,223.60289,1.0,605.0476
2024-04-03 07:00:00+00:00,33.6,43.67059,35.481583,0.0,3.0,100.0,11.966954,226.2188,1.0,460.6061
2024-04-03 08:00:00+00:00,31.75,51.563217,34.07006,0.0,3.0,93.0,12.429127,169.99208,1.0,276.19547
2024-04-03 09:00:00+00:00,29.4,64.46862,32.08235,0.0,3.0,100.0,15.315873,156.44772,1.0,139.8551
2024-04-03 10:00:00+00:00,27.45,72.64783,31.297691,0.0,3.0,100.0,7.729527,152.24155,1.0,18.975103
2024-04-03 11:00:00+00:00,25.65,79.799576,29.001225,0.0,3.0,100.0,10.383987,146.3099,0.0,0.0
2024-04-03 12:00:00+00:00,24.05,88.06475,28.260891,0.0,3.0,100.0,4.6938257,147.52882,0.0,0.0
2024-04-03 13:00:00+00:00,24.1,90.24017,28.55891,0.0,2.0,75.0,4.73506,98.74608,0.0,0.0
2024-04-03 14:00:00+00:00,24.3,88.6235,28.96893,0.0,3.0,100.0,2.9024127,82.875084,0.0,0.0
2024-04-03 15:00:00+00:00,22.55,95.82743,26.719131,0.0,3.0,100.0,4.6102495,141.34016,0.0,0.0
2024-04-03 16:00:00+00:00,22.05,97.58763,26.039104,0.0,3.0,100.0,5.0911684,81.86999,0.0,0.0
2024-04-03 17:00:00+00:00,21.7,98.48226,25.580215,0.0,3.0,96.0,5.0911684,98.13002,0.0,0.0
2024-04-03 18:00:00+00:00,21.6,99.69457,25.69028,0.0,3.0,100.0,4.0249224,79.69521,0.0,0.0
2024-04-03 19:00:00+00:00,21.4,99.38907,25.406395,0.0,3.0,100.0,3.671294,101.3099,0.0,0.0
2024-04-03 20:00:00+00:00,22.15,96.69871,26.10236,0.1,51.0,100.0,5.1544156,102.09474,0.0,0.0
2024-04-03 21:00:00+00:00,21.55,92.032715,24.336243,2.1,61.0,100.0,8.089993,110.854546,0.0,0.0
2024-04-03 22:00:00+00:00,19.85,96.04172,21.978386,6.1,63.0,100.0,9.220499,128.65984,1.0,0.0
2024-04-03 23:00:00+00:00,18.65,96.61123,20.411951,4.9,63.0,100.0,8.217153,151.1893,1.0,16.575138
2024-04-04 00:00:00+00:00,18.05,95.68534,19.595564,1.5,61.0,100.0,7.42159,129.09386,1.0,54.36964
2024-04-04 01:00:00+00:00,18.35,93.01427,19.796644,0.3,51.0,100.0,7.653705,138.81418,1.0,75.45351
2024-04-04 02:00:00+00:00,18.15,92.12389,19.64518,0.4,51.0,100.0,6.297428,149.03632,1.0,89.725845
2024-04-04 03:00:00+00:00,18.6,86.21007,19.902895,0.4,51.0,100.0,5.904439,127.568665,1.0,185.81752
2024-04-04 04:00:00+00:00,19.0,83.28202,20.575085,0.1,51.0,100.0,3.6179552,84.2895,1.0,262.69583
2024-04-04 05:00:00+00:00,19.3,82.000694,20.90576,0.3,51.0,100.0,3.5455887,113.962494,1.0,199.2319
2024-04-04 06:00:00+00:00,19.35,81.22615,20.468502,0.2,51.0,100.0,6.6087217,119.357666,1.0,154.34001
2024-04-04 07:00:00+00:00,19.45,80.72254,20.352427,0.0,3.0,100.0,8.0899935,122.27562,1.0,164.7212
2024-04-04 08:00:00+00:00,19.2,80.431786,20.058403,0.0,3.0,100.0,7.5685663,115.34614,1.0,87.03776
2024-04-04 09:00:00+00:00,18.15,84.52692,18.48793,0.7,53.0,100.0,10.464797,116.56499,1.0,24.20094
2024-04-04 10:00:00+00:00,16.95,90.88195,17.691269,0.4,51.0,100.0,7.5685663,115.34614,1.0,7.4232907
2024-04-04 11:00:00+00:00,16.5,88.254814,16.993814,0.1,51.0,100.0,6.9153743,128.65984,0.0,0.0
2024-04-04 12:00:00+00:00,15.95,92.88866,16.788834,0.2,51.0,100.0,5.1919937,123.690094,0.0,0.0
2024-04-04 13:00:00+00:00,16.1,91.412476,16.681831,1.2,55.0,100.0,6.696387,126.25393,0.0,0.0
2024-04-04 14:00:00+00:00,15.65,93.77627,16.54899,1.7,61.0,100.0,4.39436,124.992096,0.0,0.0
2024-04-04 15:00:00+00:00,15.3,94.36809,15.705132,5.5,63.0,100.0,7.145796,139.08571,0.0,0.0
2024-04-04 16:00:00+00:00,15.1,92.84337,15.950756,1.4,61.0,100.0,2.968636,165.96373,0.0,0.0
2024-04-04 17:00:00+00:00,15.2,88.71965,16.004263,0.0,3.0,100.0,1.835647,101.3099,0.0,0.0
2024-04-04 18:00:00+00:00,15.05,92.53995,15.8746395,0.2,51.0,100.0,2.9024127,60.255207,0.0,0.0
2024-04-04 19:00:00+00:00,14.9,92.83268,15.513769,1.2,55.0,100.0,4.1046314,105.25517,0.0,0.0
2024-04-04 20:00:00+00:00,14.7,94.0367,15.271566,0.3,51.0,100.0,4.39436,124.992096,0.0,0.0
2024-04-04 21:00:00+00:00,14.85,88.980865,15.2835045,0.0,3.0,100.0,3.671294,101.3099,0.0,0.0
2024-04-04 22:00:00+00:00,14.8,88.97683,15.203775,0.0,3.0,100.0,3.7585104,106.699326,1.0,0.0
2024-04-04 23:00:00+00:00,14.8,88.686554,14.919903,0.0,3.0,100.0,5.5887027,104.93147,1.0,27.266294
2024-04-05 00:00:00+00:00,14.9,88.11719,15.092436,0.0,3.0,100.0,5.0911684,98.13002,1.0,64.56081
2024-04-05 01:00:00+00:00,15.45,87.02362,15.523796,0.1,51.0,100.0,6.725354,105.52418,1.0,103.2047
2024-04-05 02:00:00+00:00,15.7,84.53114,15.739288,0.0,3.0,100.0,6.489992,93.17977,1.0,124.67113
2024-04-05 03:00:00+00:00,16.2,81.87462,16.217545,0.0,3.0,100.0,6.638072,102.5288,1.0,197.30023
2024-04-05 04:00:00+00:00,16.15,80.804924,16.004707,0.1,51.0,100.0,7.172949,107.52566,1.0,141.96982
2024-04-05 05:00:00+00:00,15.95,80.778145,15.670124,0.4,51.0,100.0,7.6367526,98.13002,1.0,107.947754
2024-04-05 06:00:00+00:00,16.85,77.54001,16.645086,0.1,51.0,100.0,7.69592,100.784256,1.0,261.33768
2024-04-05 07:00:00+00:00,16.6,77.501724,16.234135,0.0,3.0,100.0,8.225035,113.198616,1.0,156.59923
2024-04-05 08:00:00+00:00,15.9,79.45739,15.422705,0.5,53.0,100.0,8.311245,107.650215,1.0,54.952003
2024-04-05 09:00:00+00:00,15.2,88.71965,15.491493,1.1,55.0,100.0,5.3517847,109.653915,1.0,31.582903
2024-04-05 10:00:00+00:00,14.95,90.45139,15.569817,1.3,61.0,100.0,3.219938,116.56499,1.0,6.7912397
2024-04-05 11:00:00+00:00,14.55,92.211,14.922304,1.3,61.0,100.0,4.6800003,112.61991,0.0,0.0
2024-04-05 12:00:00+00:00,14.55,94.9512,15.499947,0.4,51.0,100.0,1.8,90.0,0.0,0.0
2024-04-05 13:00:00+00:00,14.25,93.10102,14.666254,0.3,51.0,100.0,4.0249224,116.56499,0.0,0.0
2024-04-05 14:00:00+00:00,14.2,90.694824,14.599306,0.1,51.0,100.0,3.096837,125.537766,0.0,0.0
2024-04-05 15:00:00+00:00,14.2,94.937775,14.992577,0.2,51.0,100.0,2.0364676,135.0001,0.0,0.0
2024-04-05 16:00:00+00:00,14.45,87.78957,14.983168,0.3,51.0,100.0,1.609969,116.56499,0.0,0.0
2024-04-05 17:00:00+00:00,14.15,91.2873,14.755165,0.8,53.0,100.0,1.8,53.13002,0.0,0.0
2024-04-05 18:00:00+00:00,13.95,93.08546,14.519268,1.3,61.0,100.0,2.2768397,18.435053,0.0,0.0
2024-04-05 19:00:00+00:00,13.8,94.922386,14.380873,0.5,53.0,94.0,2.5455842,8.130019,0.0,0.0
2024-04-05 20:00:00+00:00,14.25,88.06058,14.653814,0.0,3.0,89.0,2.16,90.0,0.0,0.0
2024-04-05 21:00:00+00:00,14.5,85.51682,14.754021,0.0,2.0,69.0,2.7416782,113.19862,0.0,0.0
2024-04-05 22:00:00+00:00,13.45,90.04738,13.465864,0.0,3.0,100.0,3.8268526,131.18582,1.0,0.0
2024-04-05 23:00:00+00:00,14.55,86.36954,14.8232765,0.0,3.0,97.0,3.0547013,135.0001,1.0,109.501945
2024-04-06 00:00:00+00:00,15.3,84.210625,15.540026,0.0,3.0,100.0,4.072935,135.0001,1.0,271.76468
2024-04-06 01:00:00+00:00,16.5,82.44778,17.291775,0.0,3.0,100.0,2.2768397,108.43504,1.0,359.10355
2024-04-06 02:00:00+00:00,17.85,78.45164,18.95226,0.0,3.0,100.0,1.484318,104.03627,1.0,489.66406
2024-04-06 03:00:00+00:00,18.45,77.53204,19.725182,0.0,3.0,100.0,1.2979984,123.690094,1.0,324.17957
2024-04-06 04:00:00+00:00,20.55,70.956825,21.93845,0.0,3.0,100.0,2.1897945,170.53775,1.0,553.57385
2024-04-06 05:00:00+00:00,20.8,71.460266,22.125952,0.0,3.0,100.0,3.5455887,203.9625,1.0,429.787
2024-04-06 06:00:00+00:00,20.75,73.07084,22.44873,0.2,51.0,100.0,1.8,143.13002,1.0,371.17682
2024-04-06 07:00:00+00:00,19.95,79.008736,21.303541,1.1,55.0,100.0,5.4119864,183.814,1.0,122.21997
2024-04-06 08:00:00+00:00,18.85,90.434654,20.39201,1.5,61.0,100.0,7.145796,130.91429,1.0,49.05648
2024-04-06 09:00:00+00:00,17.5,92.97018,18.4609,1.6,61.0,100.0,8.534353,117.64589,1.0,25.745998
2024-04-06 10:00:00+00:00,16.45,94.114586,17.116444,0.9,53.0,100.0,8.217153,118.8107,1.0,5.7494116
2024-04-06 11:00:00+00:00,16.1,93.496155,17.118458,0.8,53.0,100.0,4.6102495,128.65984,0.0,0.0
2024-04-06 12:00:00+00:00,15.95,93.48885,17.163773,0.5,53.0,99.0,2.8799999,90.0,0.0,0.0
2024-04-06 13:00:00+00:00,15.95,93.188354,16.950365,0.8,53.0,100.0,4.2136917,109.98319,0.0,0.0
2024-04-06 14:00:00+00:00,15.8,94.08584,17.04741,0.2,51.0,98.0,2.52,90.0,0.0,0.0
2024-04-06 15:00:00+00:00,15.5,95.91003,16.79566,0.1,51.0,77.0,2.1897945,99.46225,0.0,0.0
2024-04-06 16:00:00+00:00,15.4,95.29047,16.516642,0.1,51.0,75.0,2.9024127,119.74479,0.0,0.0
2024-04-06 17:00:00+00:00,15.35,96.525536,16.59401,0.9,53.0,100.0,2.4149535,116.56499,0.0,0.0
2024-04-06 18:00:00+00:00,15.55,93.46935,16.651875,0.2,51.0,100.0,2.6208394,74.054535,0.0,0.0
2024-04-06 19:00:00+00:00,15.45,94.07026,16.551905,1.1,55.0,100.0,2.6208394,74.054535,0.0,0.0
2024-04-06 20:00:00+00:00,15.25,95.59325,16.485014,1.1,55.0,100.0,1.835647,101.3099,0.0,0.0
2024-04-06 21:00:00+00:00,15.35,94.06578,16.491085,1.0,55.0,100.0,2.0991426,120.96369,0.0,0.0
2024-04-06 22:00:00+00:00,15.35,94.37022,16.649632,3.0,63.0,100.0,1.1384199,71.564964,1.0,0.0
2024-04-06 23:00:00+00:00,15.55,91.67375,16.617802,5.5,63.0,100.0,2.0991426,120.96369,1.0,24.831795
2024-04-07 00:00:00+00:00,16.25,85.420105,17.046806,0.0,3.0,100.0,2.968636,104.03627,1.0,127.19734
2024-04-07 01:00:00+00:00,17.0,86.60825,18.15354,0.1,51.0,100.0,2.9024127,7.12493,1.0,180.5247
2024-04-07 02:00:00+00:00,17.75,82.86757,18.896744,0.0,3.0,100.0,3.0758414,20.556128,1.0,273.1001
2024-04-07 03:00:00+00:00,18.4,80.8422,19.827332,0.0,3.0,100.0,1.8,90.0,1.0,238.0737
2024-04-07 04:00:00+00:00,18.7,81.66354,20.26679,0.1,51.0,100.0,2.0364676,135.0001,1.0,214.89905
2024-04-07 05:00:00+00:00,19.0,82.225464,20.337593,0.1,51.0,100.0,4.6938257,122.471176,1.0,202.11792
2024-04-07 06:00:00+00:00,20.15,78.7861,21.388842,0.3,51.0,100.0,6.618519,135.0001,1.0,403.37247
2024-04-07 07:00:00+00:00,19.2,83.571045,20.178988,0.9,53.0,100.0,8.404285,133.26433,1.0,115.89985
2024-04-07 08:00:00+00:00,19.2,83.837425,20.36214,0.3,51.0,90.0,7.289445,122.90524,1.0,192.92995
2024-04-07 09:00:00+00:00,18.75,85.40512,19.66156,0.2,51.0,91.0,8.587338,123.02387,1.0,119.345604
2024-04-07 10:00:00+00:00,17.85,87.80617,18.642475,0.0,3.0,98.0,8.161764,131.42357,1.0,24.90758
2024-04-07 11:00:00+00:00,17.05,89.15667,17.7979,0.0,3.0,100.0,6.989936,124.50858,0.0,0.0
2024-04-07 12:00:00+00:00,16.55,90.56337,17.318304,0.0,3.0,100.0,6.193674,125.537766,0.0,0.0
2024-04-07 13:00:00+00:00,15.85,93.48398,16.887949,0.3,51.0,100.0,3.8268526,138.81418,0.0,0.0
2024-04-07 14:00:00+00:00,15.9,92.88602,17.194489,0.1,51.0,100.0,1.9386592,158.19853,0.0,0.0
2024-04-07 15:00:00+00:00,15.9,95.308235,17.366665,0.2,51.0,100.0,1.8,143.13002,0.0,0.0
2024-04-07 16:00:00+00:00,16.0,95.00619,17.531906,0.0,3.0,100.0,1.484318,165.96373,0.0,0.0
2024-04-07 17:00:00+00:00,16.05,94.70351,17.58189,0.0,3.0,100.0,1.484318,194.03627,0.0,0.0
2024-04-07 18:00:00+00:00,16.15,95.62317,17.77886,0.2,51.0,100.0,1.484318,255.96373,0.0,0.0
2024-04-07 19:00:00+00:00,16.2,95.013725,17.791008,0.4,51.0,100.0,1.609969,153.43501,0.0,0.0
2024-04-07 20:00:00+00:00,16.3,90.838234,17.56384,0.0,3.0,93.0,2.2768397,161.56496,0.0,0.0
2024-04-07 21:00:00+00:00,15.7,94.68956,16.84537,0.0,3.0,99.0,3.219938,153.43501,0.0,0.0
2024-04-07 22:00:00+00:00,15.95,94.39557,17.262255,0.0,3.0,99.0,2.5959969,146.3099,1.0,12.816674
2024-04-07 23:00:00+00:00,16.75,89.42015,18.255453,0.0,3.0,100.0,1.1384199,108.43504,1.0,56.109562
2024-04-08 00:00:00+00:00,17.3,87.757706,18.949768,0.0,3.0,100.0,0.8049845,243.43501,1.0,147.39876
2024-04-08 01:00:00+00:00,18.7,85.12817,20.665657,0.0,3.0,100.0,1.08,360.0,1.0,316.7546
2024-04-08 02:00:00+00:00,19.65,83.09363,21.667545,0.0,3.0,100.0,2.2768397,341.56494,1.0,307.88968
2024-04-08 03:00:00+00:00,20.75,80.893814,23.024025,0.0,3.0,100.0,2.4149535,26.564985,1.0,323.96936
2024-04-08 04:00:00+00:00,22.05,78.07021,24.300745,0.0,3.0,100.0,4.6938252,94.39862,1.0,489.51065
2024-04-08 05:00:00+00:00,21.85,81.037025,24.070923,0.0,3.0,95.0,6.151683,110.55613,1.0,392.4248
2024-04-08 06:00:00+00:00,22.15,81.58396,25.075878,0.1,51.0,87.0,2.5959969,146.3099,1.0,368.33948
2024-04-08 07:00:00+00:00,23.55,78.04622,26.813156,0.2,51.0,76.0,2.4149535,153.43501,1.0,369.48553
2024-04-08 08:00:00+00:00,23.95,78.104576,27.573298,0.0,1.0,30.0,1.2979984,123.690094,1.0,289.52493
2024-04-08 09:00:00+00:00,23.5,80.249115,27.14703,0.0,1.0,23.0,1.1384199,161.56496,1.0,188.87535
2024-04-08 10:00:00+00:00,21.85,92.905075,25.448515,0.0,1.0,28.0,4.1046314,142.12495,1.0,36.730865
2024-04-08 11:00:00+00:00,20.55,95.17321,23.393972,0.0,1.0,44.0,6.151683,110.55613,0.0,0.0
2024-04-08 12:00:00+00:00,19.1,93.93427,20.631857,0.0,3.0,100.0,9.793058,107.10281,0.0,0.0
2024-04-08 13:00:00+00:00,18.35,94.19744,19.76377,0.3,51.0,100.0,8.473393,102.26476,0.0,0.0
2024-04-08 14:00:00+00:00,17.65,92.682785,18.81432,0.2,51.0,100.0,7.42159,140.90616,0.0,0.0
2024-04-08 15:00:00+00:00,17.45,92.37711,18.747587,0.4,51.0,100.0,5.8048253,150.2552,0.0,0.0
2024-04-08 16:00:00+00:00,17.25,92.957115,18.943535,0.5,53.0,100.0,2.8116899,129.80553,0.0,0.0
2024-04-08 17:00:00+00:00,17.0,92.35167,18.65709,0.3,51.0,100.0,2.0991426,120.96369,0.0,0.0
2024-04-08 18:00:00+00:00,16.65,92.036156,18.056343,0.3,51.0,100.0,2.7416782,113.19862,0.0,0.0
2024-04-08 19:00:00+00:00,16.2,92.00954,17.246721,0.3,51.0,100.0,4.0249224,116.56499,0.0,0.0
2024-04-08 20:00:00+00:00,15.9,91.99175,16.763285,0.2,51.0,100.0,4.510787,118.61037,0.0,0.0
2024-04-08 21:00:00+00:00,15.7,91.97982,16.579231,0.2,51.0,100.0,3.8939953,123.6901,0.0,0.0
2024-04-08 22:00:00+00:00,15.65,92.27462,16.651646,0.3,51.0,100.0,3.0547013,135.0001,1.0,0.0
2024-04-08 23:00:00+00:00,15.8,91.098465,16.876509,0.2,51.0,100.0,2.4149535,116.56499,1.0,22.545094
2024-04-09 00:00:00+00:00,16.4,85.43576,17.351246,0.1,51.0,100.0,2.2768397,108.43504,1.0,95.903145
2024-04-09 01:00:00+00:00,17.3,81.74856,18.18264,0.0,3.0,100.0,3.2399998,90.0,1.0,309.50946
2024-04-09 02:00:00+00:00,17.65,75.17424,17.40718,0.1,51.0,100.0,8.654986,73.07241,1.0,387.38394
2024-04-09 03:00:00+00:00,17.55,70.38928,16.790354,0.0,3.0,100.0,9.686609,48.01287,1.0,274.60474
2024-04-09 04:00:00+00:00,18.5,64.79767,17.81973,0.0,3.0,99.0,8.373386,64.5367,1.0,354.65036
2024-04-09 05:00:00+00:00,18.85,59.92576,17.634384,0.0,3.0,97.0,10.24578,71.564964,1.0,281.5386
2024-04-09 06:00:00+00:00,19.4,55.084057,17.747547,0.0,2.0,56.0,11.726277,72.12121,1.0,371.1823
2024-04-09 07:00:00+00:00,19.55,52.599415,17.68699,0.0,2.0,60.0,12.10157,67.24899,1.0,331.49942
2024-04-09 08:00:00+00:00,19.1,54.093178,17.441034,0.0,1.0,49.0,10.703569,70.346085,1.0,171.92957
2024-04-09 09:00:00+00:00,18.8,54.56309,17.626333,0.0,1.0,46.0,7.0911775,66.037506,1.0,105.65963
2024-04-09 10:00:00+00:00,17.8,64.85951,17.505104,0.0,2.0,52.0,4.3498964,65.55606,1.0,22.435173
2024-04-09 11:00:00+00:00,17.8,49.535583,16.31827,0.0,2.0,72.0,5.0528407,85.91447,0.0,0.0
2024-04-09 12:00:00+00:00,18.25,42.092155,16.363342,0.0,3.0,83.0,4.802999,102.99462,0.0,0.0
2024-04-09 13:00:00+00:00,18.8,39.549953,17.26696,0.0,1.0,41.0,1.8,180.0,0.0,0.0
2024-04-09 14:00:00+00:00,16.9,54.255947,15.664934,0.0,1.0,36.0,4.198285,210.96368,0.0,0.0
2024-04-09 15:00:00+00:00,16.5,55.65155,15.1632,0.0,1.0,39.0,4.896529,252.89719,0.0,0.0
2024-04-09 16:00:00+00:00,15.45,64.12478,14.242912,0.0,1.0,25.0,5.937272,284.03625,0.0,0.0
2024-04-09 17:00:00+00:00,13.8,76.29566,12.668245,0.0,0.0,5.0,7.289445,302.90524,0.0,0.0
2024-04-09 18:00:00+00:00,13.0,82.55858,11.962574,0.0,0.0,9.0,7.42159,309.09384,0.0,0.0
2024-04-09 19:00:00+00:00,12.4,86.73231,11.372042,0.0,0.0,4.0,7.653705,318.81415,0.0,0.0
2024-04-09 20:00:00+00:00,12.35,86.72745,11.455698,0.0,0.0,0.0,6.638072,319.39877,0.0,0.0
2024-04-09 21:00:00+00:00,12.0,88.45092,11.168404,0.0,0.0,3.0,6.1094027,315.0001,0.0,0.0
2024-04-09 22:00:00+00:00,12.65,85.89317,12.060917,0.0,0.0,0.0,4.8433046,311.98712,1.0,10.523009
2024-04-09 23:00:00+00:00,14.35,82.9992,14.155775,0.0,0.0,2.0,4.510787,298.61035,1.0,145.86604
2024-04-10 00:00:00+00:00,16.6,67.237816,16.18049,0.0,0.0,4.0,3.9763298,264.80566,1.0,355.93738
2024-04-10 01:00:00+00:00,18.85,54.575935,18.342072,0.0,3.0,90.0,2.6208394,15.945477,1.0,521.4968
2024-04-10 02:00:00+00:00,19.75,52.82852,18.675846,0.0,3.0,100.0,7.172949,72.47434,1.0,526.7818
2024-04-10 03:00:00+00:00,20.35,53.69575,19.500196,0.0,3.0,97.0,7.5942073,84.55976,1.0,585.70905
2024-04-10 04:00:00+00:00,21.15,55.527397,21.649012,0.0,3.0,100.0,7.2,90.0,1.0,717.2724
2024-04-10 05:00:00+00:00,21.4,58.393074,21.781715,0.0,3.0,100.0,8.473393,102.26476,1.0,655.2285
2024-04-10 06:00:00+00:00,21.55,61.155148,21.835514,0.0,3.0,100.0,10.028439,111.03758,1.0,608.85657
2024-04-10 07:00:00+00:00,21.0,65.33671,20.828775,0.0,3.0,100.0,10.703569,109.653915,1.0,480.1115
2024-04-10 08:00:00+00:00,19.9,70.15157,20.15719,0.0,3.0,100.0,7.8954163,114.22774,1.0,278.76895
2024-04-10 09:00:00+00:00,19.2,73.26947,19.862804,0.0,3.0,100.0,5.1165614,129.28938,1.0,113.2131
2024-04-10 10:00:00+00:00,18.45,79.3028,19.596426,0.0,3.0,100.0,3.0758414,159.44388,1.0,13.404664
2024-04-10 11:00:00+00:00,17.9,83.42053,19.237885,0.0,3.0,100.0,2.4149535,153.43501,0.0,0.0
2024-04-10 12:00:00+00:00,17.6,85.28547,18.994326,0.0,3.0,100.0,2.16,180.0,0.0,0.0
2024-04-10 13:00:00+00:00,18.4,79.040535,19.547417,0.0,3.0,89.0,2.8116899,219.80553,0.0,0.0
2024-04-10 14:00:00+00:00,18.15,79.00468,19.194609,0.0,3.0,99.0,2.8799999,270.0,0.0,0.0
2024-04-10 15:00:00+00:00,18.05,78.735306,19.077301,0.0,3.0,100.0,2.6208394,344.05453,0.0,0.0
2024-04-10 16:00:00+00:00,17.0,88.29734,18.220875,0.0,3.0,100.0,3.219938,333.43503,0.0,0.0
2024-04-10 17:00:00+00:00,16.9,88.85868,18.070765,0.0,3.0,100.0,3.563818,315.0001,0.0,0.0
2024-04-10 18:00:00+00:00,17.0,90.59449,18.473764,0.0,3.0,100.0,2.5455842,315.0001,0.0,0.0
2024-04-10 19:00:00+00:00,16.95,89.43557,18.365976,0.0,3.0,100.0,2.2768397,251.56496,0.0,0.0
2024-04-10 20:00:00+00:00,16.9,91.75657,18.402016,0.0,3.0,100.0,2.6208394,285.94547,0.0,0.0
2024-04-10 21:00:00+00:00,17.15,86.06656,18.322287,0.0,3.0,100.0,2.9024127,299.74478,0.0,0.0
2024-04-10 22:00:00+00:00,17.35,84.43905,18.588572,0.0,3.0,100.0,2.1897945,279.46225,1.0,9.664632
2024-04-10 23:00:00+00:00,17.9,83.152695,19.255993,0.0,3.0,100.0,2.16,270.0,1.0,81.545204
2024-04-11 00:00:00+00:00,18.95,79.11909,20.401384,0.0,3.0,100.0,2.16,270.0,1.0,199.84352
2024-04-11 01:00:00+00:00,20.5,74.205154,22.146387,0.0,2.0,51.0,2.16,180.0,1.0,395.3562
2024-04-11 02:00:00+00:00,22.3,71.96192,25.139019,0.0,1.0,25.0,0.8049845,153.43501,1.0,675.84814
2024-04-11 03:00:00+00:00,23.75,68.03406,27.456717,0.0,3.0,95.0,0.35999998,90.0,1.0,737.4082
2024-04-11 04:00:00+00:00,24.6,66.09367,27.49569,0.0,1.0,35.0,6.489992,123.6901,1.0,721.1918
2024-04-11 05:00:00+00:00,24.8,66.13507,27.457888,0.0,1.0,25.0,8.161764,131.42357,1.0,689.4979
2024-04-11 06:00:00+00:00,25.6,64.86455,29.375599,0.0,1.0,21.0,2.1897945,99.46225,1.0,656.207
2024-04-11 07:00:00+00:00,26.6,63.08082,29.81031,0.0,1.0,31.0,4.0249224,79.69521,1.0,558.09955
2024-04-11 08:00:00+00:00,25.3,69.19723,26.899246,0.0,1.0,30.0,12.979984,123.6901,1.0,403.5048
2024-04-11 09:00:00+00:00,23.2,74.6573,24.685987,0.0,2.0,71.0,11.183201,123.17853,1.0,209.71025
2024-04-11 10:00:00+00:00,21.65,80.000114,23.571642,0.0,3.0,95.0,6.9527545,111.25058,1.0,39.521553
2024-04-11 11:00:00+00:00,19.95,84.72193,21.72496,0.0,3.0,99.0,5.692099,124.69522,0.0,0.0
2024-04-11 12:00:00+00:00,18.85,90.720924,20.897654,0.0,3.0,100.0,3.8268526,138.81418,0.0,0.0
2024-04-11 13:00:00+00:00,18.85,92.16433,21.039816,0.0,3.0,95.0,3.6,143.13002,0.0,0.0
2024-04-11 14:00:00+00:00,18.3,93.30637,20.37881,0.0,3.0,97.0,3.319036,167.4712,0.0,0.0
2024-04-11 15:00:00+00:00,17.75,94.7706,19.586327,0.0,3.0,100.0,4.1046314,195.25517,0.0,0.0
2024-04-11 16:00:00+00:00,17.9,93.58285,19.82966,0.0,3.0,100.0,3.319036,220.60121,0.0,0.0
2024-04-11 17:00:00+00:00,18.0,93.58759,19.986439,0.0,3.0,81.0,3.219938,243.43501,0.0,0.0
2024-04-11 18:00:00+00:00,17.0,97.18481,18.689785,0.0,0.0,6.0,4.1046314,217.87505,0.0,0.0
2024-04-11 19:00:00+00:00,17.7,97.19972,20.049942,0.0,0.0,10.0,1.609969,243.43501,0.0,0.0
2024-04-11 20:00:00+00:00,17.45,97.81183,19.655302,0.0,1.0,22.0,2.16,270.0,0.0,0.0
2024-04-11 21:00:00+00:00,16.65,99.36659,18.505604,0.0,2.0,50.0,2.968636,284.03625,0.0,0.0
2024-04-11 22:00:00+00:00,16.6,100.0,18.509533,0.0,3.0,92.0,2.7416782,246.80138,1.0,17.880302
2024-04-11 23:00:00+00:00,18.25,95.39039,20.794727,0.0,1.0,46.0,1.0182338,224.9999,1.0,127.87441
2024-04-12 00:00:00+00:00,20.1,87.45011,22.825682,0.0,2.0,61.0,1.1384199,341.56494,1.0,323.87347
2024-04-12 01:00:00+00:00,21.9,83.09601,24.965796,0.0,1.0,44.0,1.8,180.0,1.0,457.16614
2024-04-12 02:00:00+00:00,23.85,78.575516,27.36722,0.0,3.0,89.0,3.4152596,108.43504,1.0,633.0107
2024-04-12 03:00:00+00:00,24.95,75.876015,27.99337,0.0,3.0,99.0,9.449572,72.25524,1.0,639.7997
2024-04-12 04:00:00+00:00,26.3,74.020775,30.848274,0.1,51.0,78.0,8.905908,75.96373,1.0,781.8249
2024-04-12 05:00:00+00:00,26.95,71.89791,31.446602,0.0,3.0,89.0,7.24486,63.435013,1.0,690.4189
2024-04-12 06:00:00+00:00,26.35,75.63188,30.323505,0.3,51.0,100.0,5.3517847,312.27362,1.0,504.70685
2024-04-12 07:00:00+00:00,24.25,87.54643,28.379349,0.6,53.0,100.0,5.634891,296.56497,1.0,54.368534
2024-04-12 08:00:00+00:00,24.8,84.97084,29.198624,0.2,51.0,100.0,3.9763298,275.19434,1.0,139.08453
2024-04-12 09:00:00+00:00,24.95,85.765396,29.600307,0.0,3.0,99.0,3.4152596,341.56494,1.0,112.055534
2024-04-12 10:00:00+00:00,24.3,90.528404,29.31028,0.0,3.0,100.0,1.9386592,158.19853,1.0,26.27586
2024-04-12 11:00:00+00:00,23.75,91.32152,28.391216,0.0,2.0,68.0,2.9024127,172.87508,0.0,0.0
2024-04-12 12:00:00+00:00,21.3,98.17569,24.952143,0.0,3.0,89.0,5.00128,329.74365,0.0,0.0
2024-04-12 13:00:00+00:00,21.6,100.0,25.632269,0.0,2.0,67.0,4.6102495,321.34018,0.0,0.0
2024-04-12 14:00:00+00:00,21.8,100.0,26.097458,0.0,3.0,100.0,3.5455887,293.9625,0.0,0.0
2024-04-12 15:00:00+00:00,20.95,100.0,24.647509,0.0,3.0,99.0,4.510787,298.61035,0.0,0.0
2024-04-12 16:00:00+00:00,21.25,99.6938,25.572165,0.0,3.0,100.0,1.1384199,198.43504,0.0,0.0
2024-04-12 17:00:00+00:00,20.9,100.0,24.829136,0.0,3.0,100.0,2.7416782,156.80138,0.0,0.0
2024-04-12 18:00:00+00:00,21.05,99.69334,24.906725,0.0,3.0,100.0,3.6,126.86999,0.0,0.0
2024-04-12 19:00:00+00:00,20.6,98.77403,23.795218,0.1,51.0,100.0,5.991594,122.73522,0.0,0.0
2024-04-12 20:00:00+00:00,20.25,96.35213,22.864681,0.0,3.0,100.0,7.386582,133.02507,0.0,0.0
2024-04-12 21:00:00+00:00,19.9,96.34261,22.601166,0.0,3.0,100.0,5.6233797,140.19447,0.0,0.0
2024-04-12 22:00:00+00:00,19.85,96.04172,22.535542,0.0,3.0,100.0,5.3999996,143.13002,1.0,8.321007
2024-04-12 23:00:00+00:00,20.0,95.4502,22.767666,0.0,3.0,100.0,5.00128,149.74365,1.0,36.676685
2024-04-13 00:00:00+00:00,20.5,92.25849,23.266237,0.0,3.0,100.0,4.8433046,131.98714,1.0,105.19195
2024-04-13 01:00:00+00:00,21.6,88.95389,24.441689,0.0,3.0,100.0,5.991594,122.73522,1.0,188.67966
2024-04-13 02:00:00+00:00,22.2,86.28928,25.018028,0.0,3.0,100.0,6.489992,123.6901,1.0,247.1968
2024-04-13 03:00:00+00:00,22.85,84.243515,25.730452,0.0,3.0,100.0,6.9153743,128.65984,1.0,297.29742
2024-04-13 04:00:00+00:00,23.6,81.51321,26.475777,0.0,3.0,100.0,7.6367526,135.0001,1.0,409.06894
2024-04-13 05:00:00+00:00,24.55,78.19179,27.292524,0.0,3.0,100.0,9.422101,136.54811,1.0,485.41006
2024-04-13 06:00:00+00:00,24.5,78.18451,26.868742,0.0,3.0,97.0,11.808878,127.568665,1.0,397.71008
2024-04-13 07:00:00+00:00,24.1,78.3685,26.279587,0.0,3.0,92.0,11.885453,125.13428,1.0,316.29178
2024-04-13 08:00:00+00:00,23.45,78.7625,25.559282,0.0,3.0,100.0,10.495713,120.96369,1.0,202.78046
2024-04-13 09:00:00+00:00,22.5,81.120926,24.451975,0.0,3.0,99.0,10.086427,124.82456,1.0,107.01345
2024-04-13 10:00:00+00:00,21.6,83.582085,23.608814,0.0,3.0,100.0,8.404285,133.26433,1.0,26.610493
2024-04-13 11:00:00+00:00,20.75,85.87881,22.487446,0.0,3.0,100.0,9.0,143.13002,0.0,0.0
2024-04-13 12:00:00+00:00,19.85,89.094055,21.656868,0.1,51.0,100.0,7.5942082,148.57048,0.0,0.0
2024-04-13 13:00:00+00:00,19.6,95.13899,22.066177,0.0,3.0,100.0,5.6002855,135.0001,0.0,0.0
2024-04-13 14:00:00+00:00,19.25,96.62644,22.016611,0.0,3.0,100.0,3.219938,153.43501,0.0,0.0
2024-04-13 15:00:00+00:00,19.3,96.326164,21.995632,0.0,3.0,100.0,3.7064266,150.9455,0.0,0.0
2024-04-13 16:00:00+00:00,19.2,96.323395,21.589884,0.0,3.0,100.0,5.4833565,156.80138,0.0,0.0
2024-04-13 17:00:00+00:00,19.15,96.020966,22.058357,0.0,3.0,100.0,1.609969,153.43501,0.0,0.0
2024-04-13 18:00:00+00:00,19.15,95.72073,21.68306,0.0,3.0,100.0,4.0249224,169.6952,0.0,0.0
2024-04-13 19:00:00+00:00,19.0,96.620125,21.857624,0.0,3.0,100.0,1.8,180.0,0.0,0.0
2024-04-13 20:00:00+00:00,18.95,96.3165,21.394114,0.0,3.0,100.0,4.32,180.0,0.0,0.0
2024-04-13 21:00:00+00:00,18.85,96.91971,21.661676,0.0,3.0,100.0,1.8,180.0,0.0,0.0
2024-04-13 22:00:00+00:00,18.95,96.3165,21.80765,0.0,3.0,100.0,1.484318,165.96373,1.0,7.7866135
2024-04-13 23:00:00+00:00,19.5,93.9522,22.264332,0.0,3.0,100.0,2.5959969,146.3099,1.0,74.36209
2024-04-14 00:00:00+00:00,20.1,92.52436,22.97317,0.0,3.0,100.0,2.968636,104.03627,1.0,130.26714
2024-04-14 01:00:00+00:00,21.65,88.13355,24.916298,0.0,3.0,100.0,2.7416782,113.19862,1.0,239.08405
2024-04-14 02:00:00+00:00,23.2,83.24689,26.812275,0.0,3.0,100.0,2.4149535,63.435013,1.0,306.93887
2024-04-14 03:00:00+00:00,25.3,76.39984,28.89759,0.0,3.0,91.0,4.802999,12.99463,1.0,507.55972
2024-04-14 04:00:00+00:00,26.65,73.62739,30.763168,0.0,2.0,53.0,5.00128,59.743652,1.0,584.1387
2024-04-14 05:00:00+00:00,28.35,69.56356,32.918465,0.0,2.0,67.0,7.968939,71.564964,1.0,649.12244
2024-04-14 06:00:00+00:00,29.75,66.12923,34.928986,0.0,2.0,59.0,6.9527545,68.74943,1.0,652.44366
2024-04-14 07:00:00+00:00,30.65,63.374657,35.737198,0.0,2.0,76.0,4.198285,59.03632,1.0,536.60046
2024-04-14 08:00:00+00:00,30.7,59.64795,34.9014,0.1,51.0,98.0,4.6938252,184.39862,1.0,314.06775
2024-04-14 09:00:00+00:00,29.25,64.43699,32.770145,0.0,3.0,99.0,9.0,180.0,1.0,169.67854
2024-04-14 10:00:00+00:00,27.0,71.249214,30.249798,0.0,2.0,71.0,9.0,163.73972,1.0,37.63075
2024-04-14 11:00:00+00:00,24.8,81.41354,28.350056,0.0,2.0,60.0,7.145796,139.08571,0.0,0.0
2024-04-14 12:00:00+00:00,24.15,84.126396,28.123455,0.0,2.0,69.0,3.8773184,68.19853,0.0,0.0
2024-04-14 13:00:00+00:00,24.3,84.91879,28.568745,0.0,2.0,54.0,2.968636,75.96373,0.0,0.0
2024-04-14 14:00:00+00:00,22.15,94.64794,25.912464,0.0,2.0,57.0,5.1544156,192.09474,0.0,0.0
2024-04-14 15:00:00+00:00,22.55,92.656784,26.639029,0.0,3.0,100.0,3.096837,305.53775,0.0,0.0
2024-04-14 16:00:00+00:00,21.5,96.38595,25.33036,0.0,3.0,99.0,3.4152596,288.43503,0.0,0.0
2024-04-14 17:00:00+00:00,20.95,97.86888,24.698675,0.0,3.0,99.0,2.9024127,262.8751,0.0,0.0
2024-04-14 18:00:00+00:00,20.05,100.0,23.393293,0.0,1.0,30.0,3.7585104,286.6993,0.0,0.0
2024-04-14 19:00:00+00:00,19.6,99.6899,22.604523,0.0,1.0,42.0,4.379589,260.53775,0.0,0.0
2024-04-14 20:00:00+00:00,19.8,98.766655,22.89012,0.0,1.0,31.0,3.96,270.0,0.0,0.0
2024-04-14 21:00:00+00:00,19.8,99.690414,23.016672,0.0,0.0,17.0,3.6,270.0,0.0,0.0
2024-04-14 22:00:00+00:00,19.35,100.0,22.370857,0.0,3.0,97.0,3.6,270.0,1.0,21.96474
2024-04-14 23:00:00+00:00,21.8,94.92549,25.65926,0.0,0.0,4.0,3.396233,327.99466,1.0,152.3932
2024-04-15 00:00:00+00:00,24.4,84.67002,28.603958,0.0,1.0,44.0,3.6,360.0,1.0,359.7172
2024-04-15 01:00:00+00:00,26.85,76.40506,31.652256,0.0,1.0,26.0,2.16,360.0,1.0,566.17346
2024-04-15 02:00:00+00:00,28.55,71.09549,34.374554,0.0,3.0,84.0,2.968636,345.9637,1.0,744.13135
2024-04-15 03:00:00+00:00,29.95,66.16983,36.46313,0.0,2.0,65.0,4.0249224,349.69522,1.0,841.1569
2024-04-15 04:00:00+00:00,30.85,63.034966,38.151363,0.0,1.0,40.0,2.4149535,26.564985,1.0,885.67645
2024-04-15 05:00:00+00:00,31.3,61.438457,38.142044,0.0,1.0,45.0,4.1046314,105.25517,1.0,836.34247
2024-04-15 06:00:00+00:00,31.9,57.4322,37.522095,0.0,1.0,46.0,6.618519,135.0001,1.0,739.5755
2024-04-15 07:00:00+00:00,31.45,58.56091,35.531044,0.0,3.0,87.0,10.296251,126.46933,1.0,572.94684
2024-04-15 08:00:00+00:00,29.95,67.178055,33.69551,0.0,3.0,99.0,12.768586,111.501495,1.0,316.7555
2024-04-15 09:00:00+00:00,28.65,73.73935,32.762424,0.0,3.0,99.0,11.503113,110.13639,1.0,171.40846
2024-04-15 10:00:00+00:00,26.8,80.68244,31.298992,0.0,3.0,100.0,7.6367526,98.13002,1.0,32.025787
2024-04-15 11:00:00+00:00,25.0,84.99157,29.288216,0.0,3.0,97.0,5.506941,101.3099,0.0,0.0
2024-04-15 12:00:00+00:00,23.85,87.779274,27.89302,0.0,1.0,38.0,4.896529,107.10281,0.0,0.0
2024-04-15 13:00:00+00:00,23.9,89.40549,27.860958,0.0,3.0,82.0,6.792466,122.00535,0.0,0.0
2024-04-15 14:00:00+00:00,23.0,91.27459,26.891367,0.0,3.0,98.0,5.1919937,146.3099,0.0,0.0
2024-04-15 15:00:00+00:00,22.3,92.928345,25.98202,0.0,2.0,71.0,5.154415,155.22488,0.0,0.0
2024-04-15 16:00:00+00:00,21.9,92.052925,25.128288,0.0,3.0,100.0,6.28713,156.3706,0.0,0.0
2024-04-15 17:00:00+00:00,21.8,92.33151,25.23691,0.6,53.0,100.0,4.6800003,247.3801,0.0,0.0
2024-04-15 18:00:00+00:00,21.75,94.92359,25.530062,0.6,53.0,100.0,3.7585104,106.699326,0.0,0.0
2024-04-15 19:00:00+00:00,21.25,96.67652,24.956654,0.6,53.0,100.0,3.5455887,293.9625,0.0,0.0
2024-04-15 20:00:00+00:00,21.3,96.97574,25.353258,0.0,3.0,100.0,1.5273507,224.9999,0.0,0.0
2024-04-15 21:00:00+00:00,21.05,97.26942,24.73783,0.0,3.0,95.0,3.319036,192.5288,0.0,0.0
2024-04-15 22:00:00+00:00,21.45,95.2052,25.64748,0.0,3.0,84.0,0.0,270.0,1.0,20.74129
2024-04-15 23:00:00+00:00,22.0,93.77395,25.796268,0.0,3.0,100.0,3.8268526,221.18582,1.0,138.16847
2024-04-16 00:00:00+00:00,23.1,86.909004,27.038073,0.0,3.0,100.0,2.3051248,308.65982,1.0,296.02454
2024-04-16 01:00:00+00:00,23.15,89.348816,26.724815,0.2,51.0,26.0,6.6185193,202.38017,1.0,263.9095
2024-04-16 02:00:00+00:00,25.2,79.00923,29.93583,0.0,3.0,100.0,2.3051248,128.65984,1.0,685.0618
2024-04-16 03:00:00+00:00,25.95,76.49999,30.490025,0.1,51.0,100.0,0.71999997,180.0,1.0,515.63983
2024-04-16 04:00:00+00:00,26.5,75.19497,30.506165,0.3,51.0,99.0,5.315336,61.69934,1.0,391.65805
2024-04-16 05:00:00+00:00,27.1,75.98061,31.982998,0.3,51.0,84.0,5.5887027,75.068535,1.0,616.6717
2024-04-16 06:00:00+00:00,27.35,76.01953,32.039017,0.0,2.0,76.0,4.510787,61.389645,1.0,499.05817
2024-04-16 07:00:00+00:00,28.1,74.76944,33.454235,0.0,3.0,100.0,5.904439,52.431335,1.0,586.6385
2024-04-16 08:00:00+00:00,28.45,72.16248,33.837883,0.0,1.0,49.0,0.5091169,135.0001,1.0,363.62488
2024-04-16 09:00:00+00:00,28.0,75.43407,33.053696,0.0,2.0,70.0,4.0249224,116.56499,1.0,182.84396
2024-04-16 10:00:00+00:00,26.2,83.84065,30.643929,0.0,3.0,97.0,8.225035,113.198616,1.0,41.159775
2024-04-16 11:00:00+00:00,24.35,91.08237,28.836105,0.0,3.0,94.0,6.130579,93.366394,0.0,0.0
2024-04-16 12:00:00+00:00,23.45,94.69868,27.949413,0.0,2.0,70.0,5.0528407,94.08554,0.0,0.0
2024-04-16 13:00:00+00:00,23.35,92.4172,27.82676,0.0,3.0,99.0,3.2599385,83.659904,0.0,0.0
2024-04-16 14:00:00+00:00,23.15,92.406265,27.308302,0.0,3.0,100.0,4.68,90.0,0.0,0.0
2024-04-16 15:00:00+00:00,23.0,92.96422,27.233374,0.0,3.0,100.0,3.9763298,95.19434,0.0,0.0
2024-04-16 16:00:00+00:00,23.0,93.248474,27.441141,0.0,3.0,100.0,2.7416782,66.801384,0.0,0.0
2024-04-16 17:00:00+00:00,23.0,92.96422,26.906965,0.0,3.0,100.0,6.2145634,10.007925,0.0,0.0
2024-04-16 18:00:00+00:00,23.0,92.39798,27.085724,0.0,3.0,99.0,4.6102495,141.34016,0.0,0.0
2024-04-16 19:00:00+00:00,22.25,96.99703,26.654215,0.0,3.0,100.0,2.6208394,164.05453,0.0,0.0
2024-04-16 20:00:00+00:00,22.25,96.70112,26.557232,0.0,3.0,100.0,3.096837,144.46223,0.0,0.0
2024-04-16 21:00:00+00:00,22.35,96.114555,26.140697,0.1,51.0,100.0,6.638072,139.39879,0.0,0.0
2024-04-16 22:00:00+00:00,22.7,93.23372,26.502352,0.1,51.0,93.0,5.991594,147.26479,1.0,13.107242
2024-04-16 23:00:00+00:00,23.05,90.72075,26.76499,0.1,51.0,44.0,6.2145634,169.99208,1.0,70.97569
2024-04-17 00:00:00+00:00,24.0,84.88739,28.224072,0.1,51.0,70.0,2.16,270.0,1.0,216.25087
2024-04-17 01:00:00+00:00,25.55,78.33597,29.37378,0.1,51.0,100.0,5.634891,206.56499,1.0,423.04623
2024-04-17 02:00:00+00:00,25.55,77.61961,29.78215,0.0,3.0,100.0,2.2768397,71.564964,1.0,215.20639
2024-04-17 03:00:00+00:00,25.95,76.73443,30.094666,0.3,51.0,99.0,3.6179552,185.7105,1.0,249.90744
2024-04-17 04:00:00+00:00,26.55,76.358894,30.848728,0.2,51.0,89.0,4.452954,255.96373,1.0,459.39197
2024-04-17 05:00:00+00:00,27.5,73.54635,32.822216,0.1,51.0,92.0,3.671294,258.6901,1.0,650.9408
2024-04-17 06:00:00+00:00,28.15,72.54859,33.593815,0.1,51.0,100.0,2.9024127,299.74478,1.0,595.6646
2024-04-17 07:00:00+00:00,25.15,81.45753,28.095585,10.0,65.0,95.0,12.599998,323.13,1.0,372.71606
2024-04-17 08:00:00+00:00,25.15,82.710045,28.91579,1.3,61.0,94.0,7.928178,182.60251,1.0,175.0945
2024-04-17 09:00:00+00:00,24.65,87.315605,29.365826,0.0,3.0,100.0,2.968636,194.03627,1.0,112.10221
2024-04-17 10:00:00+00:00,24.35,93.31429,29.542862,0.0,3.0,100.0,2.9024127,277.1249,1.0,31.888218
2024-04-17 11:00:00+00:00,23.0,94.3931,27.110922,0.0,3.0,100.0,5.771239,273.57626,0.0,0.0
2024-04-17 12:00:00+00:00,22.35,95.82122,26.212227,0.0,3.0,100.0,5.95906,295.01685,0.0,0.0
2024-04-17 13:00:00+00:00,22.25,96.70112,26.318325,0.0,3.0,100.0,4.73506,278.74606,0.0,0.0
2024-04-17 14:00:00+00:00,22.05,96.99258,26.128206,0.0,3.0,100.0,4.1046314,307.87503,0.0,0.0
2024-04-17 15:00:00+00:00,21.65,96.983604,25.498785,0.0,3.0,100.0,4.198285,329.03632,0.0,0.0
2024-04-17 16:00:00+00:00,20.9,97.26634,24.139805,0.0,3.0,100.0,5.8603754,317.4896,0.0,0.0
2024-04-17 17:00:00+00:00,22.1,94.64597,26.255327,0.0,3.0,100.0,2.2768397,288.43503,0.0,0.0
2024-04-17 18:00:00+00:00,21.2,96.08128,24.912878,0.0,3.0,100.0,2.968636,255.96373,0.0,0.0
2024-04-17 19:00:00+00:00,21.0,96.67031,24.569357,0.0,3.0,100.0,3.6,270.0,0.0,0.0
2024-04-17 20:00:00+00:00,19.85,98.767075,22.72549,0.0,2.0,53.0,5.6002855,315.0001,0.0,0.0
2024-04-17 21:00:00+00:00,21.25,95.492226,24.991333,0.0,1.0,49.0,2.5959969,303.6901,0.0,0.0
2024-04-17 22:00:00+00:00,20.15,97.85605,23.39916,0.0,3.0,100.0,3.5455887,113.962494,1.0,18.701275
2024-04-17 23:00:00+00:00,20.55,93.99891,23.096262,0.3,51.0,100.0,7.5170207,106.699326,1.0,64.052536
2024-04-18 00:00:00+00:00,19.9,90.22397,21.514091,0.3,51.0,100.0,9.693296,111.801476,1.0,96.63075
2024-04-18 01:00:00+00:00,21.3,87.28443,23.499447,0.1,51.0,100.0,8.39657,120.96369,1.0,254.30716
2024-04-18 02:00:00+00:00,21.7,82.03946,23.201124,0.0,3.0,100.0,11.246759,129.80553,1.0,363.94937
2024-04-18 03:00:00+00:00,22.4,76.424385,23.3692,0.0,3.0,100.0,13.479583,124.11452,1.0,503.86432
2024-04-18 04:00:00+00:00,22.6,74.32349,23.51963,0.0,2.0,73.0,13.049689,114.44395,1.0,480.56827
2024-04-18 05:00:00+00:00,23.45,70.81992,25.086716,0.0,3.0,100.0,13.661038,108.43504,1.0,680.3069
2024-04-18 06:00:00+00:00,23.15,69.4362,24.026518,0.0,3.0,100.0,13.009903,104.420815,1.0,554.01215
2024-04-18 07:00:00+00:00,22.65,68.24717,23.219477,0.0,3.0,100.0,11.620809,106.18928,1.0,491.5951
2024-04-18 08:00:00+00:00,22.05,64.93131,22.030832,0.0,3.0,100.0,11.966953,111.16133,1.0,383.51138
2024-04-18 09:00:00+00:00,20.85,65.093445,20.766354,0.0,3.0,100.0,9.605998,102.99462,1.0,168.38823
2024-04-18 10:00:00+00:00,20.1,66.21283,20.677456,0.0,3.0,100.0,3.9763298,95.19434,1.0,34.036697
2024-04-18 11:00:00+00:00,19.15,65.36645,19.41583,0.0,3.0,100.0,3.5455887,66.037506,0.0,0.0
2024-04-18 12:00:00+00:00,18.5,66.96682,18.673609,0.0,3.0,100.0,3.6179552,95.7105,0.0,0.0
2024-04-18 13:00:00+00:00,18.65,66.77839,18.983974,0.0,3.0,100.0,2.7416782,113.19862,0.0,0.0
2024-04-18 14:00:00+00:00,19.65,46.601425,18.79512,0.0,3.0,100.0,2.0991426,239.0363,0.0,0.0
2024-04-18 15:00:00+00:00,17.9,58.31479,16.911423,0.1,51.0,100.0,6.1094027,135.0001,0.0,0.0
2024-04-18 16:00:00+00:00,16.75,71.642876,17.02151,0.6,53.0,100.0,1.5273507,135.0001,0.0,0.0
2024-04-18 17:00:00+00:00,16.1,78.192116,16.55586,0.8,53.0,100.0,1.8,306.86996,0.0,0.0
2024-04-18 18:00:00+00:00,16.15,80.541,16.538656,0.0,3.0,100.0,3.396233,237.99466,0.0,0.0
2024-04-18 19:00:00+00:00,15.85,83.72416,16.384079,0.1,51.0,100.0,3.096837,305.53775,0.0,0.0
2024-04-18 20:00:00+00:00,16.55,70.42982,16.787708,0.0,3.0,100.0,0.8049845,296.56497,0.0,0.0
2024-04-18 21:00:00+00:00,16.8,67.50355,16.714983,0.0,3.0,100.0,2.1897945,260.53775,0.0,0.0
2024-04-18 22:00:00+00:00,16.9,65.09563,16.665688,0.0,3.0,100.0,2.3051248,231.34016,1.0,23.7938
2024-04-18 23:00:00+00:00,16.85,70.95497,17.066067,0.0,3.0,99.0,1.8,216.86998,1.0,135.16505
2024-04-19 00:00:00+00:00,17.95,67.96352,18.183424,0.0,3.0,99.0,2.5455842,188.13002,1.0,333.21768
2024-04-19 01:00:00+00:00,19.75,65.92382,20.449095,0.0,0.0,7.0,2.1897945,170.53775,1.0,576.88715
2024-04-19 02:00:00+00:00,21.1,63.89361,22.572662,0.0,1.0,46.0,4.39436,145.0079,1.0,735.1849
2024-04-19 03:00:00+00:00,22.3,65.40281,24.888994,0.0,3.0,98.0,6.3690495,137.29063,1.0,854.88727
2024-04-19 04:00:00+00:00,23.35,66.886505,26.334484,0.0,3.0,96.0,9.422101,133.45189,1.0,893.2206
2024-04-19 05:00:00+00:00,23.55,70.61602,25.91151,0.9,53.0,97.0,8.217153,118.8107,1.0,652.82056
2024-04-19 06:00:00+00:00,22.8,74.357,23.966913,0.5,53.0,100.0,11.966954,74.2913,1.0,478.26532
2024-04-19 07:00:00+00:00,21.75,81.53345,23.805079,0.1,51.0,99.0,7.289445,57.094753,1.0,214.99574
2024-04-19 08:00:00+00:00,21.95,80.29202,24.412725,0.0,3.0,100.0,4.3349743,85.23644,1.0,250.11891
2024-04-19 09:00:00+00:00,21.65,81.77668,23.915058,0.0,3.0,100.0,5.6920996,108.43504,1.0,133.39938
2024-04-19 10:00:00+00:00,20.85,84.55231,23.117403,0.0,3.0,100.0,4.896529,107.10281,1.0,33.956223
2024-04-19 11:00:00+00:00,19.3,92.48035,21.669394,0.0,3.0,100.0,3.8939953,123.6901,0.0,0.0
2024-04-19 12:00:00+00:00,19.15,93.055435,21.589405,0.0,3.0,100.0,3.2599385,96.340096,0.0,0.0
2024-04-19 13:00:00+00:00,19.2,91.31814,21.650778,0.0,3.0,100.0,2.4149535,116.56499,0.0,0.0
2024-04-19 14:00:00+00:00,18.45,94.49939,20.741777,0.0,3.0,100.0,2.9024127,150.2552,0.0,0.0
2024-04-19 15:00:00+00:00,19.25,92.187325,21.993769,0.0,3.0,100.0,1.0182338,135.0001,0.0,0.0
2024-04-19 16:00:00+00:00,19.1,93.05287,21.686234,0.0,3.0,100.0,2.0991426,30.963696,0.0,0.0
2024-04-19 17:00:00+00:00,18.65,93.914,20.910929,0.0,3.0,100.0,3.4152596,18.435053,0.0,0.0
2024-04-19 18:00:00+00:00,17.9,96.89757,19.962746,0.0,3.0,97.0,4.0249224,349.69522,0.0,0.0
2024-04-19 19:00:00+00:00,17.3,97.80935,19.124176,0.0,3.0,95.0,4.3349743,318.36655,0.0,0.0
2024-04-19 20:00:00+00:00,17.3,100.0,19.381563,0.0,3.0,99.0,3.6,323.13,0.0,0.0
2024-04-19 21:00:00+00:00,17.6,100.0,19.885881,0.0,3.0,100.0,3.096837,324.46225,0.0,0.0
2024-04-19 22:00:00+00:00,17.65,100.0,19.9995,0.0,3.0,100.0,2.8116899,320.1945,1.0,22.770283
2024-04-19 23:00:00+00:00,19.3,97.53737,22.41382,0.0,3.0,100.0,1.484318,14.036275,1.0,137.42847
2024-04-20 00:00:00+00:00,21.15,90.3119,24.505024,0.0,3.0,100.0,1.8,36.86999,1.0,326.38882
2024-04-20 01:00:00+00:00,23.5,83.02496,27.37549,0.0,3.0,100.0,1.484318,75.96373,1.0,574.15497
2024-04-20 02:00:00+00:00,23.75,85.122154,26.953173,1.7,61.0,100.0,8.427383,19.983198,1.0,398.3745
2024-04-20 03:00:00+00:00,24.7,85.21982,28.61642,0.0,3.0,100.0,7.0911775,23.962492,1.0,550.62885
2024-04-20 04:00:00+00:00,26.05,81.322716,30.49506,0.1,51.0,100.0,5.6002855,44.999897,1.0,518.8654
2024-04-20 05:00:00+00:00,28.25,73.00677,33.8958,0.1,51.0,100.0,4.452954,104.03627,1.0,666.5072
2024-04-20 06:00:00+00:00,29.6,64.70737,34.60956,0.1,51.0,100.0,1.484318,194.03627,1.0,544.5795
2024-04-20 07:00:00+00:00,30.3,58.114166,33.96261,0.0,3.0,100.0,5.3999996,180.0,1.0,368.36853
2024-04-20 08:00:00+00:00,30.4,55.688347,33.064713,0.0,3.0,100.0,10.08,180.0,1.0,371.94565
2024-04-20 09:00:00+00:00,26.8,75.702934,31.404156,0.1,51.0,100.0,2.7416782,336.8014,1.0,87.80575
2024-04-20 10:00:00+00:00,25.3,92.24557,30.9711,0.3,51.0,100.0,2.7416782,66.801384,1.0,26.540216
2024-04-20 11:00:00+00:00,23.8,94.99947,28.43866,0.0,3.0,100.0,5.6920996,18.435053,0.0,0.0
2024-04-20 12:00:00+00:00,24.75,90.55875,29.808079,0.0,3.0,100.0,3.4152596,161.56496,0.0,0.0
2024-04-20 13:00:00+00:00,24.6,86.517815,29.582638,1.7,61.0,100.0,0.35999998,270.0,0.0,0.0
2024-04-20 14:00:00+00:00,23.3,93.8328,27.916454,0.2,51.0,100.0,3.0758414,290.55612,0.0,0.0
2024-04-20 15:00:00+00:00,23.4,94.69678,28.236351,0.1,51.0,100.0,2.5455842,278.13,0.0,0.0
2024-04-20 16:00:00+00:00,22.15,98.48736,26.56805,0.0,3.0,100.0,3.096837,215.53777,0.0,0.0
2024-04-20 17:00:00+00:00,21.95,99.08861,26.354336,0.0,3.0,100.0,2.8116899,230.19447,0.0,0.0
2024-04-20 18:00:00+00:00,22.6,99.093056,27.622309,0.0,3.0,100.0,1.08,270.0,0.0,0.0
2024-04-20 19:00:00+00:00,22.25,100.0,27.053682,0.1,51.0,100.0,1.8,306.86996,0.0,0.0
2024-04-20 20:00:00+00:00,20.95,100.0,24.57598,0.0,3.0,100.0,5.00128,329.74365,0.0,0.0
2024-04-20 21:00:00+00:00,21.65,100.0,25.83385,0.0,3.0,100.0,3.7585104,343.3007,0.0,0.0
2024-04-20 22:00:00+00:00,21.2,99.693634,25.39376,0.0,3.0,100.0,1.835647,281.3099,1.0,16.387451
2024-04-20 23:00:00+00:00,21.95,98.78645,26.087343,0.0,3.0,100.0,4.452954,345.9637,1.0,150.6889
2024-04-21 00:00:00+00:00,23.45,91.302795,27.862083,0.0,3.0,99.0,3.319036,347.4712,1.0,333.33517
2024-04-21 01:00:00+00:00,24.6,83.66262,29.045998,0.0,3.0,100.0,1.9386592,111.801476,1.0,474.29623
2024-04-21 02:00:00+00:00,25.05,82.44626,29.8143,0.0,2.0,68.0,0.5091169,224.9999,1.0,304.89862
2024-04-21 03:00:00+00:00,26.9,74.574196,32.21734,0.0,1.0,37.0,2.968636,345.9637,1.0,706.1415
2024-04-21 04:00:00+00:00,28.15,67.02345,33.965885,0.0,3.0,91.0,3.4152596,18.435053,1.0,819.1527
2024-04-21 05:00:00+00:00,28.7,63.341564,33.330353,0.0,3.0,100.0,6.638072,49.398785,1.0,730.18195
2024-04-21 06:00:00+00:00,28.9,62.80402,32.479866,0.1,51.0,100.0,10.009036,52.3057,1.0,621.3202
2024-04-21 07:00:00+00:00,28.15,64.40187,31.450039,0.0,3.0,100.0,6.638072,49.398785,1.0,402.01025
2024-04-21 08:00:00+00:00,27.85,65.740265,31.227875,0.0,3.0,100.0,6.28713,336.3706,1.0,245.23973
2024-04-21 09:00:00+00:00,25.5,78.56892,28.841526,0.1,51.0,100.0,8.942214,220.10085,1.0,87.92768
2024-04-21 10:00:00+00:00,24.3,84.14283,28.486946,0.1,51.0,100.0,2.968636,194.03627,1.0,17.10793
2024-04-21 11:00:00+00:00,23.25,90.45703,27.468843,0.1,51.0,100.0,3.319036,192.5288,0.0,0.0
2024-04-21 12:00:00+00:00,23.25,89.905235,27.259563,0.8,53.0,100.0,4.379589,189.46225,0.0,0.0
2024-04-21 13:00:00+00:00,22.65,94.37875,27.125711,0.4,51.0,100.0,1.9386592,111.801476,0.0,0.0
2024-04-21 14:00:00+00:00,22.3,95.23522,26.129196,0.8,53.0,100.0,5.6233797,129.80553,0.0,0.0
2024-04-21 15:00:00+00:00,21.65,95.50555,25.226591,0.7,53.0,100.0,5.154415,114.775116,0.0,0.0
2024-04-21 16:00:00+00:00,20.95,94.89354,24.064528,0.3,51.0,100.0,5.495161,121.60746,0.0,0.0
2024-04-21 17:00:00+00:00,20.45,95.169586,23.507378,0.2,51.0,100.0,4.3498964,114.44395,0.0,0.0
2024-04-21 18:00:00+00:00,20.05,95.74937,23.078285,0.1,51.0,100.0,3.5455887,113.962494,0.0,0.0
2024-04-21 19:00:00+00:00,19.8,96.33989,22.714996,0.1,51.0,100.0,3.8268526,131.18582,0.0,0.0
2024-04-21 20:00:00+00:00,19.95,96.64408,23.353687,3.1,63.0,100.0,1.1384199,71.564964,0.0,0.0
2024-04-21 21:00:00+00:00,19.6,96.33439,22.829039,10.6,65.0,100.0,1.0182338,315.0001,0.0,0.0
2024-04-21 22:00:00+00:00,19.85,94.851776,22.964855,1.6,61.0,99.0,1.8,360.0,1.0,10.509731
2024-04-21 23:00:00+00:00,20.1,93.686424,22.786919,6.9,63.0,98.0,4.8965297,143.97253,1.0,78.01292
2024-04-22 00:00:00+00:00,20.9,91.424995,24.173971,0.1,51.0,100.0,2.1897945,189.46225,1.0,172.00885
2024-04-22 01:00:00+00:00,23.3,82.74555,25.999987,0.3,51.0,100.0,8.669949,175.23645,1.0,411.14227
2024-04-22 02:00:00+00:00,23.8,84.606285,27.937798,0.1,51.0,75.0,1.835647,191.30989,1.0,274.4098
2024-04-22 03:00:00+00:00,25.3,80.24154,29.397854,0.0,2.0,76.0,4.32,180.0,1.0,548.2837
2024-04-22 04:00:00+00:00,26.4,75.87118,31.051208,0.0,3.0,99.0,5.1165614,140.71062,1.0,650.18396
2024-04-22 05:00:00+00:00,25.9,76.96196,29.563854,0.4,51.0,100.0,6.9153743,128.65984,1.0,248.9372
2024-04-22 06:00:00+00:00,25.65,77.63437,29.896988,1.2,55.0,100.0,2.5455842,8.130019,1.0,251.00221
2024-04-22 07:00:00+00:00,23.9,87.7836,27.548853,1.1,55.0,94.0,7.7879906,326.3099,1.0,236.8933
2024-04-22 08:00:00+00:00,23.5,88.83033,27.210047,0.2,51.0,94.0,6.6185193,292.3802,1.0,207.86932
2024-04-22 09:00:00+00:00,23.4,87.20381,27.24475,0.3,51.0,100.0,4.2136917,250.0168,1.0,75.25603
2024-04-22 10:00:00+00:00,22.9,94.10151,27.449522,0.8,53.0,99.0,2.1897945,260.53775,1.0,9.342192
2024-04-22 11:00:00+00:00,23.0,89.3374,27.077465,1.3,61.0,100.0,2.6208394,344.05453,0.0,0.0
2024-04-22 12:00:00+00:00,22.15,95.52211,26.34527,1.9,61.0,86.0,2.7416782,203.19862,0.0,0.0
2024-04-22 13:00:00+00:00,22.45,89.57102,26.594027,2.5,63.0,100.0,0.35999998,360.0,0.0,0.0
2024-04-22 14:00:00+00:00,21.65,96.38999,25.686485,0.1,51.0,99.0,2.5455842,44.999897,0.0,0.0
2024-04-22 15:00:00+00:00,20.95,97.26736,24.586153,0.0,3.0,100.0,3.319036,130.60121,0.0,0.0
2024-04-22 16:00:00+00:00,21.05,97.569534,24.89566,0.0,3.0,100.0,2.4149535,116.56499,0.0,0.0
2024-04-22 17:00:00+00:00,21.15,96.67406,24.87629,0.0,3.0,100.0,3.0547013,135.0001,0.0,0.0
2024-04-22 18:00:00+00:00,21.1,96.97121,24.706367,0.1,51.0,100.0,3.8773184,111.801476,0.0,0.0
2024-04-22 19:00:00+00:00,20.8,96.367096,24.102608,0.4,51.0,100.0,4.5536795,108.43504,0.0,0.0
2024-04-22 20:00:00+00:00,20.6,95.76668,23.733204,0.2,51.0,100.0,4.6800003,112.61991,0.0,0.0
2024-04-22 21:00:00+00:00,20.55,93.99891,23.323463,0.1,51.0,100.0,5.95906,115.01687,0.0,0.0
2024-04-22 22:00:00+00:00,20.4,94.28497,23.262476,0.0,3.0,100.0,5.0142193,111.03758,1.0,10.131176
2024-04-22 23:00:00+00:00,20.5,94.289154,23.239288,0.1,51.0,100.0,6.193674,144.46223,1.0,51.193172
2024-04-23 00:00:00+00:00,21.05,92.00368,24.320456,0.2,51.0,100.0,3.0547013,135.0001,1.0,104.538055
2024-04-23 01:00:00+00:00,22.3,88.461075,25.758179,0.1,51.0,100.0,3.8268526,138.81418,1.0,281.89154
2024-04-23 02:00:00+00:00,22.2,90.10661,25.604958,0.1,51.0,100.0,4.896529,107.10281,1.0,210.33688
2024-04-23 03:00:00+00:00,22.95,88.24256,26.342253,0.2,51.0,100.0,6.4096174,128.15727,1.0,368.5741
2024-04-23 04:00:00+00:00,24.1,84.12092,27.738283,0.1,51.0,100.0,5.991594,147.26479,1.0,440.818
2024-04-23 05:00:00+00:00,25.55,78.81676,29.507671,0.4,51.0,100.0,5.0911684,171.86998,1.0,514.5154
2024-04-23 06:00:00+00:00,24.95,82.43429,28.416645,1.4,61.0,98.0,9.028754,175.42616,1.0,331.529
2024-04-23 07:00:00+00:00,24.2,88.34602,28.338371,2.7,63.0,72.0,5.95906,154.98314,1.0,330.4409
2024-04-23 08:00:00+00:00,25.4,79.76579,29.775547,0.0,3.0,86.0,2.4149535,153.43501,1.0,326.4394
2024-04-23 09:00:00+00:00,24.55,84.42767,28.661499,0.0,3.0,95.0,4.6102495,321.34018,1.0,119.06929
2024-04-23 10:00:00+00:00,23.4,90.4673,27.139118,0.0,3.0,99.0,7.172949,342.47433,1.0,30.666653
2024-04-23 11:00:00+00:00,22.15,94.35812,25.99647,0.1,51.0,95.0,4.39436,325.0079,0.0,0.0
2024-04-23 12:00:00+00:00,22.4,92.64877,26.39072,0.1,51.0,67.0,3.219938,206.56499,0.0,0.0
2024-04-23 13:00:00+00:00,22.55,96.41402,27.127768,0.0,3.0,91.0,2.1897945,170.53775,0.0,0.0
2024-04-23 14:00:00+00:00,21.95,99.391594,26.25157,0.0,3.0,100.0,3.7064266,119.05451,0.0,0.0
2024-04-23 15:00:00+00:00,21.9,97.883995,25.590565,0.4,51.0,100.0,6.763786,115.20109,0.0,0.0
2024-04-23 16:00:00+00:00,21.1,96.97121,24.073475,1.6,61.0,100.0,8.217153,118.8107,0.0,0.0
2024-04-23 17:00:00+00:00,20.5,96.9576,23.7514,0.4,51.0,100.0,4.2136917,109.98319,0.0,0.0
2024-04-23 18:00:00+00:00,20.35,97.255035,23.64884,0.3,51.0,100.0,3.5455887,156.0375,0.0,0.0
2024-04-23 19:00:00+00:00,20.15,97.85605,23.30173,0.2,51.0,100.0,4.2136917,160.0168,0.0,0.0
2024-04-23 20:00:00+00:00,20.15,95.45528,23.348326,0.0,3.0,100.0,2.5455842,171.86998,0.0,0.0
2024-04-23 21:00:00+00:00,20.15,94.86322,23.43627,0.0,3.0,100.0,1.609969,153.43501,0.0,0.0
2024-04-23 22:00:00+00:00,20.3,95.164246,23.539627,0.1,51.0,100.0,2.5959969,213.6901,1.0,9.782206
2024-04-23 23:00:00+00:00,20.6,91.97741,23.717981,0.8,53.0,100.0,2.5959969,146.3099,1.0,38.5677
2024-04-24 00:00:00+00:00,20.75,90.56564,23.81976,0.6,53.0,100.0,2.5959969,123.690094,1.0,94.43828
2024-04-24 01:00:00+00:00,20.95,86.98048,23.806377,0.3,51.0,100.0,2.5959969,123.690094,1.0,130.01479
2024-04-24 02:00:00+00:00,21.35,85.1369,24.345573,0.8,53.0,100.0,1.8,126.86999,1.0,239.52109
2024-04-24 03:00:00+00:00,21.55,82.27838,23.893549,0.2,51.0,100.0,5.1544156,77.90526,1.0,228.61261
2024-04-24 04:00:00+00:00,22.35,77.14012,23.695187,0.2,51.0,100.0,11.212135,84.47256,1.0,397.29636
2024-04-24 05:00:00+00:00,22.55,71.55293,23.232304,0.2,51.0,83.0,12.7279215,98.13002,1.0,483.13702
2024-04-24 06:00:00+00:00,22.55,68.227295,22.849522,0.0,2.0,50.0,13.339445,93.093994,1.0,524.79065
2024-04-24 07:00:00+00:00,22.55,64.210335,22.606071,0.0,3.0,80.0,12.245294,91.68465,1.0,477.59476
2024-04-24 08:00:00+00:00,21.9,65.95033,21.981344,0.0,3.0,85.0,11.542478,93.57626,1.0,290.77853
2024-04-24 09:00:00+00:00,21.1,68.81671,21.62945,0.0,2.0,76.0,8.209263,105.25517,1.0,147.15558
2024-04-24 10:00:00+00:00,20.1,75.81852,21.28463,0.0,1.0,48.0,5.1919937,123.690094,1.0,49.548573
2024-04-24 11:00:00+00:00,18.15,86.71821,19.324385,0.0,3.0,98.0,5.815978,158.19853,0.0,0.0
2024-04-24 12:00:00+00:00,18.0,85.601036,19.152494,0.0,3.0,98.0,5.0142193,158.96242,0.0,0.0
2024-04-24 13:00:00+00:00,18.45,90.12043,20.15778,0.0,3.0,87.0,4.6938257,122.471176,0.0,0.0
2024-04-24 14:00:00+00:00,18.5,88.14296,20.241896,0.0,3.0,97.0,3.6,126.86999,0.0,0.0
2024-04-24 15:00:00+00:00,19.1,84.09342,21.03697,0.0,3.0,94.0,1.835647,258.6901,0.0,0.0
2024-04-24 16:00:00+00:00,17.45,92.67192,18.956707,0.0,3.0,100.0,4.510787,298.61035,0.0,0.0
2024-04-24 17:00:00+00:00,18.55,88.70912,20.543127,0.0,3.0,100.0,2.3051248,308.65982,0.0,0.0
2024-04-24 18:00:00+00:00,18.05,91.82617,19.977211,0.0,3.0,100.0,2.9024127,262.8751,0.0,0.0
2024-04-24 19:00:00+00:00,18.05,92.41082,20.325111,0.3,51.0,100.0,0.8049845,296.56497,0.0,0.0
2024-04-24 20:00:00+00:00,17.6,96.584274,19.792704,1.1,55.0,96.0,2.0991426,149.03632,0.0,0.0
2024-04-24 21:00:00+00:00,17.6,96.890526,19.644821,0.0,1.0,47.0,3.2599385,276.3401,0.0,0.0
2024-04-24 22:00:00+00:00,17.85,92.98838,19.881235,0.0,3.0,100.0,2.1897945,260.53775,1.0,33.10855
2024-04-24 23:00:00+00:00,18.5,89.55408,20.451227,0.0,3.0,99.0,2.8799999,270.0,1.0,171.85973
2024-04-25 00:00:00+00:00,19.5,85.48241,21.82795,0.0,3.0,100.0,1.0182338,315.0001,1.0,328.8025
2024-04-25 01:00:00+00:00,20.7,77.62369,22.479874,0.0,3.0,100.0,3.7585104,73.300674,1.0,364.7085
2024-04-25 02:00:00+00:00,21.55,75.57036,23.414206,0.0,3.0,100.0,4.3349743,138.36655,1.0,359.69214
2024-04-25 03:00:00+00:00,21.5,75.5623,23.26102,0.0,3.0,100.0,4.896529,162.89719,1.0,205.60356
2024-04-25 04:00:00+00:00,21.15,78.9292,22.945824,0.3,51.0,100.0,5.692099,145.30478,1.0,130.39551
2024-04-25 05:00:00+00:00,20.85,85.62001,23.092701,1.2,55.0,100.0,5.692099,124.69522,1.0,184.2328
2024-04-25 06:00:00+00:00,20.55,88.31614,22.835287,1.2,55.0,100.0,6.0347,162.64589,1.0,159.15115
2024-04-25 07:00:00+00:00,20.1,91.08956,22.434284,2.0,61.0,100.0,5.8603754,137.4896,1.0,76.28436
2024-04-25 08:00:00+00:00,19.9,92.22447,22.346601,0.8,53.0,100.0,5.0911684,135.0001,1.0,85.31256
2024-04-25 09:00:00+00:00,19.75,90.78155,21.90036,0.2,51.0,100.0,5.8603754,137.4896,1.0,60.454727
2024-04-25 10:00:00+00:00,19.2,94.52999,21.726027,1.4,61.0,100.0,3.6,126.86999,1.0,19.721388
2024-04-25 11:00:00+00:00,18.7,95.106285,21.100597,0.1,51.0,100.0,3.219938,116.56499,0.0,0.0
2024-04-25 12:00:00+00:00,18.7,94.50962,20.779337,0.2,51.0,100.0,5.1165614,140.71062,0.0,0.0
2024-04-25 13:00:00+00:00,18.35,95.99702,20.834295,0.4,51.0,100.0,2.0364676,44.999897,0.0,0.0
2024-04-25 14:00:00+00:00,18.5,95.39901,20.98403,0.1,51.0,100.0,2.1897945,9.462248,0.0,0.0
2024-04-25 15:00:00+00:00,19.05,87.91097,21.409317,0.0,3.0,100.0,0.8049845,243.43501,0.0,0.0
2024-04-25 16:00:00+00:00,18.6,93.911736,20.98478,0.0,3.0,98.0,2.4149535,243.43501,0.0,0.0
2024-04-25 17:00:00+00:00,18.55,92.73129,20.845566,0.0,3.0,85.0,2.2768397,288.43503,0.0,0.0
2024-04-25 18:00:00+00:00,18.05,94.483,20.158527,0.0,3.0,97.0,2.968636,255.96373,0.0,0.0
2024-04-25 19:00:00+00:00,18.05,95.38349,20.34118,0.0,3.0,92.0,2.16,270.0,0.0,0.0
2024-04-25 20:00:00+00:00,18.15,95.99102,20.580774,0.0,3.0,100.0,1.8,270.0,0.0,0.0
2024-04-25 21:00:00+00:00,18.3,96.602295,20.893492,0.0,3.0,100.0,1.4399999,270.0,0.0,0.0
2024-04-25 22:00:00+00:00,18.7,93.62078,21.176239,0.0,3.0,100.0,1.9386592,338.19852,1.0,18.321554
2024-04-25 23:00:00+00:00,19.2,92.766,21.747284,0.0,3.0,100.0,2.52,360.0,1.0,97.699104
2024-04-26 00:00:00+00:00,20.4,88.027306,23.205431,0.0,3.0,90.0,1.835647,11.3098955,1.0,230.44832
2024-04-26 01:00:00+00:00,21.55,86.22644,24.399096,0.1,51.0,100.0,4.1046314,164.74483,1.0,354.2186
2024-04-26 02:00:00+00:00,22.35,84.9765,24.98758,0.2,51.0,100.0,7.386582,133.02507,1.0,355.23166
2024-04-26 03:00:00+00:00,22.9,85.82535,26.049995,0.3,51.0,100.0,6.28713,103.24053,1.0,266.0818
2024-04-26 04:00:00+00:00,24.05,82.32623,27.939434,0.1,51.0,100.0,2.8116899,39.805527,1.0,492.2146
2024-04-26 05:00:00+00:00,24.0,83.59514,27.722773,0.0,3.0,100.0,4.68,90.0,1.0,257.72223
2024-04-26 06:00:00+00:00,25.45,79.772545,29.39013,0.0,2.0,63.0,5.5887027,75.068535,1.0,443.37552
2024-04-26 07:00:00+00:00,26.35,76.09537,30.46862,0.0,1.0,37.0,4.73506,98.74608,1.0,449.61932
2024-04-26 08:00:00+00:00,26.2,76.53837,29.947598,0.1,51.0,42.0,7.0911775,113.962494,1.0,366.16446
2024-04-26 09:00:00+00:00,25.15,81.95652,28.946327,1.3,61.0,93.0,7.145796,130.91429,1.0,180.85666
2024-04-26 10:00:00+00:00,24.05,91.61792,28.98236,0.1,51.0,79.0,2.2768397,71.564964,1.0,35.444374
2024-04-26 11:00:00+00:00,22.4,95.53035,26.426842,0.0,0.0,15.0,4.829907,63.435013,0.0,0.0
2024-04-26 12:00:00+00:00,23.0,92.96422,27.364695,0.0,1.0,39.0,3.0758414,20.556128,0.0,0.0
2024-04-26 13:00:00+00:00,21.75,91.19554,25.027203,0.0,3.0,100.0,4.896529,107.10281,0.0,0.0
2024-04-26 14:00:00+00:00,21.5,92.02979,24.99524,0.0,3.0,100.0,3.0547013,44.999897,0.0,0.0
2024-04-26 15:00:00+00:00,21.35,94.616325,25.254759,0.0,3.0,100.0,1.2979984,123.690094,0.0,0.0
2024-04-26 16:00:00+00:00,21.0,94.89542,24.492592,0.0,3.0,100.0,3.0758414,159.44388,0.0,0.0
2024-04-26 17:00:00+00:00,20.95,95.7777,24.531952,0.0,3.0,100.0,2.8116899,129.80553,0.0,0.0
2024-04-26 18:00:00+00:00,20.8,97.2643,24.677166,0.0,3.0,100.0,1.1384199,108.43504,0.0,0.0
2024-04-26 19:00:00+00:00,20.85,97.56589,24.755198,0.0,3.0,100.0,1.2979984,33.6901,0.0,0.0
2024-04-26 20:00:00+00:00,21.0,96.07548,24.736887,0.0,3.0,100.0,2.0991426,30.963696,0.0,0.0
2024-04-26 21:00:00+00:00,21.0,97.568634,25.005878,0.0,3.0,100.0,1.1384199,18.435053,0.0,0.0
2024-04-26 22:00:00+00:00,21.3,95.199936,25.203405,0.0,3.0,100.0,1.484318,345.9637,1.0,17.76712
2024-04-26 23:00:00+00:00,21.9,92.052925,25.152662,0.0,3.0,100.0,6.12,151.92761,1.0,85.06161
2024-04-27 00:00:00+00:00,22.6,88.75867,26.320969,0.0,3.0,100.0,3.2599385,96.340096,1.0,205.37892
2024-04-27 01:00:00+00:00,23.95,83.33307,27.588238,0.0,3.0,95.0,4.896529,107.10281,1.0,308.46213
2024-04-27 02:00:00+00:00,24.95,78.73204,28.956406,0.0,3.0,100.0,2.5455842,98.13002,1.0,459.0416
2024-04-27 03:00:00+00:00,25.35,76.87864,29.207436,0.0,3.0,100.0,3.563818,135.0001,1.0,419.38602
2024-04-27 04:00:00+00:00,25.7,77.64172,29.564877,0.0,1.0,41.0,5.3517847,70.346085,1.0,481.04633
2024-04-27 05:00:00+00:00,26.75,75.23505,30.936836,0.1,51.0,89.0,12.287555,121.82741,1.0,725.131
2024-04-27 06:00:00+00:00,24.0,85.40918,26.220697,0.2,51.0,93.0,16.267857,114.86367,1.0,352.44818
2024-04-27 07:00:00+00:00,24.05,82.834015,26.616434,0.0,3.0,100.0,12.245293,114.30454,1.0,287.08554
2024-04-27 08:00:00+00:00,23.45,85.09111,26.378185,0.0,3.0,100.0,9.227524,110.55612,1.0,93.93294
2024-04-27 09:00:00+00:00,23.3,85.864944,26.577908,0.0,3.0,100.0,6.830519,108.43504,1.0,69.71388
2024-04-27 10:00:00+00:00,23.0,87.975876,26.620619,0.0,3.0,100.0,4.8433046,131.98714,1.0,14.700385
2024-04-27 11:00:00+00:00,22.4,90.67729,25.82841,0.1,51.0,100.0,5.8048253,97.12492,0.0,0.0
2024-04-27 12:00:00+00:00,21.95,92.910255,25.658672,0.0,3.0,100.0,3.7064266,119.05451,0.0,0.0
2024-04-27 13:00:00+00:00,21.65,95.212326,25.017204,0.0,3.0,100.0,6.4096174,128.15727,0.0,0.0
2024-04-27 14:00:00+00:00,21.4,95.203476,24.907463,0.1,51.0,100.0,4.5536795,108.43504,0.0,0.0
2024-04-27 15:00:00+00:00,21.3,95.199936,25.048637,0.0,3.0,100.0,2.5455842,98.13002,0.0,0.0
2024-04-27 16:00:00+00:00,21.15,95.194595,24.652363,0.0,3.0,100.0,3.7064266,60.94549,0.0,0.0
2024-04-27 17:00:00+00:00,21.05,95.780846,24.499002,0.0,3.0,100.0,4.072935,135.0001,0.0,0.0
2024-04-27 18:00:00+00:00,20.9,96.96667,24.443735,0.0,3.0,100.0,3.6,126.86999,0.0,0.0
2024-04-27 19:00:00+00:00,20.9,96.66785,24.66038,0.0,3.0,100.0,1.9386592,111.801476,0.0,0.0
2024-04-27 20:00:00+00:00,20.85,96.965546,24.578142,0.0,3.0,100.0,2.16,90.0,0.0,0.0
2024-04-27 21:00:00+00:00,20.5,98.16467,24.184214,0.0,3.0,100.0,1.9386592,111.801476,0.0,0.0
2024-04-27 22:00:00+00:00,20.7,98.167404,24.28488,0.1,51.0,100.0,3.319036,102.5288,1.0,30.191368
2024-04-27 23:00:00+00:00,21.15,97.27146,24.673372,0.1,51.0,100.0,4.802999,77.00539,1.0,63.49076
2024-04-28 00:00:00+00:00,22.05,95.226425,25.734154,0.4,51.0,100.0,5.6920996,18.435053,1.0,142.08527
2024-04-28 01:00:00+00:00,22.4,95.23872,26.282032,0.8,53.0,100.0,5.634891,63.435013,1.0,158.1158
2024-04-28 02:00:00+00:00,22.9,93.528786,27.243792,0.3,51.0,100.0,3.219938,63.435013,1.0,108.227715
2024-04-28 03:00:00+00:00,25.45,81.49505,30.242092,0.2,51.0,100.0,1.08,180.0,1.0,563.2449
2024-04-28 04:00:00+00:00,26.05,76.51537,29.435936,0.0,3.0,95.0,9.007196,182.29056,1.0,369.84286
2024-04-28 05:00:00+00:00,26.65,71.62443,29.120087,0.0,2.0,74.0,15.463244,192.09474,1.0,593.8098
2024-04-28 06:00:00+00:00,27.35,65.23273,29.240215,0.0,3.0,85.0,16.645864,201.57137,1.0,581.76636
2024-04-28 07:00:00+00:00,27.85,65.740265,29.589989,0.0,1.0,29.0,17.518356,189.46225,1.0,474.3297
2024-04-28 08:00:00+00:00,28.15,64.60029,30.318249,0.0,3.0,81.0,14.578888,200.22495,1.0,402.39566
2024-04-28 09:00:00+00:00,27.55,67.7305,30.682133,0.0,3.0,100.0,8.699793,204.44394,1.0,225.36156
2024-04-28 10:00:00+00:00,25.85,80.5591,30.057182,0.0,3.0,100.0,5.8603754,190.6196,1.0,50.431942
2024-04-28 11:00:00+00:00,24.5,79.15452,27.76405,0.0,1.0,33.0,6.379216,163.61038,0.0,0.0
2024-04-28 12:00:00+00:00,22.6,90.41245,26.073694,0.0,0.0,5.0,6.0347,162.64589,0.0,0.0
2024-04-28 13:00:00+00:00,22.55,89.8546,25.994701,0.0,1.0,22.0,5.6920996,161.56496,0.0,0.0
2024-04-28 14:00:00+00:00,23.05,85.31243,26.836292,0.0,2.0,53.0,2.0991426,210.96368,0.0,0.0
2024-04-28 15:00:00+00:00,22.35,89.287865,26.186169,0.0,3.0,83.0,1.9386592,201.80147,0.0,0.0
2024-04-28 16:00:00+00:00,21.75,93.18668,25.763716,0.0,0.0,3.0,1.08,270.0,0.0,0.0
2024-04-28 17:00:00+00:00,20.1,98.46387,23.421577,0.0,0.0,14.0,3.219938,243.43501,0.0,0.0
2024-04-28 18:00:00+00:00,19.45,100.0,22.503902,0.0,3.0,98.0,3.7064266,299.0545,0.0,0.0
2024-04-28 19:00:00+00:00,18.9,99.99999,21.455395,0.0,3.0,97.0,5.315336,298.30066,0.0,0.0
2024-04-28 20:00:00+00:00,19.1,100.0,21.911095,0.0,3.0,96.0,4.2136917,250.0168,0.0,0.0
2024-04-28 21:00:00+00:00,20.0,99.690865,23.392641,0.0,3.0,84.0,3.0758414,249.44386,0.0,0.0
2024-04-28 22:00:00+00:00,19.75,99.69027,22.994457,0.0,2.0,78.0,3.2399998,270.0,1.0,41.93252
2024-04-28 23:00:00+00:00,21.6,94.91798,25.732128,0.0,2.0,71.0,0.8049845,116.56499,1.0,197.11702
2024-04-29 00:00:00+00:00,23.8,87.50703,27.966858,0.0,3.0,81.0,3.671294,78.6901,1.0,409.64676
2024-04-29 01:00:00+00:00,26.35,83.101204,31.415695,0.0,1.0,36.0,3.96,90.0,1.0,609.34174
2024-04-29 02:00:00+00:00,27.95,76.57325,34.143448,0.0,1.0,47.0,4.379589,99.46225,1.0,775.73566
2024-04-29 03:00:00+00:00,29.85,70.26551,37.544617,0.0,2.0,73.0,2.2768397,71.564964,1.0,889.55054
2024-04-29 04:00:00+00:00,31.3,65.06113,38.44633,0.0,3.0,99.0,5.8603754,79.380394,1.0,869.9562
2024-04-29 05:00:00+00:00,32.05,59.774673,39.04701,0.4,51.0,99.0,3.671294,101.3099,1.0,825.04626
2024-04-29 06:00:00+00:00,30.0,67.39114,35.18321,1.5,61.0,99.0,3.319036,282.5288,1.0,417.8763
2024-04-29 07:00:00+00:00,29.6,68.96029,35.201317,0.3,51.0,100.0,1.2979984,236.3099,1.0,516.232
2024-04-29 08:00:00+00:00,29.5,70.413,34.770702,0.0,3.0,99.0,3.7585104,163.30067,1.0,262.40866
2024-04-29 09:00:00+00:00,29.55,68.74282,34.787052,0.0,3.0,92.0,2.5455842,171.86998,1.0,215.78963
2024-04-29 10:00:00+00:00,27.95,84.53449,34.164734,0.0,3.0,100.0,4.0249224,153.43501,1.0,58.857353
2024-04-29 11:00:00+00:00,26.35,87.203186,31.66483,0.0,3.0,100.0,5.6002855,135.0001,0.0,0.0
2024-04-29 12:00:00+00:00,26.25,86.93264,31.57447,0.0,3.0,100.0,4.896529,162.89719,0.0,0.0
2024-04-29 13:00:00+00:00,24.4,91.08561,29.325283,0.1,51.0,100.0,3.319036,347.4712,0.0,0.0
2024-04-29 14:00:00+00:00,24.55,90.81987,29.522514,0.0,3.0,100.0,3.396233,327.99466,0.0,0.0
2024-04-29 15:00:00+00:00,24.55,91.09517,29.812466,0.0,3.0,100.0,1.609969,296.56497,0.0,0.0
2024-04-29 16:00:00+00:00,23.35,94.40744,28.00505,0.0,3.0,100.0,3.396233,237.99466,0.0,0.0
2024-04-29 17:00:00+00:00,24.0,91.89343,28.864632,0.0,3.0,100.0,2.7416782,203.19862,0.0,0.0
2024-04-29 18:00:00+00:00,22.65,96.41664,26.945126,0.2,51.0,100.0,4.510787,241.38963,0.0,0.0
2024-04-29 19:00:00+00:00,23.35,94.40744,27.983269,0.6,53.0,100.0,3.5455887,156.0375,0.0,0.0
2024-04-29 20:00:00+00:00,22.7,97.89659,27.132019,0.8,53.0,100.0,4.73506,98.74608,0.0,0.0
2024-04-29 21:00:00+00:00,22.25,97.889496,26.133179,1.0,55.0,100.0,6.763786,115.20109,0.0,0.0
2024-04-29 22:00:00+00:00,22.15,98.48736,25.789558,0.5,53.0,100.0,8.435069,129.80553,1.0,12.245188
2024-04-29 23:00:00+00:00,22.4,95.53035,26.544235,0.0,3.0,100.0,4.0249224,116.56499,1.0,65.91339
2024-04-30 00:00:00+00:00,22.55,95.24399,26.46708,0.0,3.0,100.0,5.95906,25.016869,1.0,39.43283
2024-04-30 01:00:00+00:00,22.55,96.41402,26.131466,11.8,65.0,100.0,9.021574,118.61037,1.0,36.357025
2024-04-30 02:00:00+00:00,22.65,95.53859,26.070862,6.0,63.0,100.0,9.931042,133.53127,1.0,74.62835
2024-04-30 03:00:00+00:00,23.05,94.10796,26.657846,1.6,61.0,100.0,9.220499,141.34016,1.0,128.24704
2024-04-30 04:00:00+00:00,24.45,89.44678,29.280972,0.9,53.0,100.0,2.968636,194.03627,1.0,303.09277
2024-04-30 05:00:00+00:00,25.55,85.82451,29.530666,0.7,53.0,100.0,10.390226,165.96373,1.0,367.44345
2024-04-30 06:00:00+00:00,25.4,91.42347,30.052776,0.9,53.0,100.0,9.511088,150.5242,1.0,193.3168
2024-04-30 07:00:00+00:00,26.2,87.18983,30.961243,0.5,53.0,100.0,8.759178,170.53775,1.0,257.25897
2024-04-30 08:00:00+00:00,26.15,87.18539,31.382664,0.1,51.0,100.0,5.315336,151.69934,1.0,172.74242
2024-04-30 09:00:00+00:00,26.3,86.67634,31.399326,0.0,3.0,100.0,6.439876,153.43501,1.0,149.88737
2024-04-30 10:00:00+00:00,25.0,91.12374,29.868172,0.0,3.0,100.0,6.151683,159.44388,1.0,28.67624
2024-04-30 11:00:00+00:00,23.85,93.007454,28.51138,0.0,3.0,100.0,4.3349743,131.63345,0.0,0.0
2024-04-30 12:00:00+00:00,23.95,93.57802,28.884476,0.0,3.0,100.0,3.2599385,173.6599,0.0,0.0
2024-04-30 13:00:00+00:00,22.9,98.495804,28.028675,0.0,3.0,100.0,1.1384199,161.56496,0.0,0.0
2024-04-30 14:00:00+00:00,21.75,99.69492,26.13078,0.0,3.0,100.0,2.5959969,213.6901,0.0,0.0
2024-04-30 15:00:00+00:00,22.1,100.0,26.92413,0.0,3.0,100.0,1.08,270.0,0.0,0.0
2024-04-30 16:00:00+00:00,21.3,100.0,25.489704,0.0,3.0,100.0,2.4149535,243.43501,0.0,0.0
2024-04-30 17:00:00+00:00,22.0,100.0,26.619503,0.0,3.0,100.0,2.0991426,59.03632,0.0,0.0
2024-04-30 18:00:00+00:00,21.9,99.6953,26.359934,0.1,51.0,100.0,2.6208394,344.05453,0.0,0.0
2024-04-30 19:00:00+00:00,21.35,99.38884,25.486347,0.2,51.0,100.0,2.5959969,123.690094,0.0,0.0
2024-04-30 20:00:00+00:00,20.85,96.66657,23.542532,0.3,51.0,100.0,9.085988,123.6901,0.0,0.0
2024-04-30 21:00:00+00:00,19.6,91.91859,21.194927,0.1,51.0,100.0,9.826088,118.442825,0.0,0.0
2024-04-30 22:00:00+00:00,19.0,93.92978,21.210546,0.7,53.0,100.0,4.829907,116.56499,1.0,7.955539
2024-04-30 23:00:00+00:00,19.15,91.60305,21.42537,0.5,53.0,100.0,3.6179552,95.7105,1.0,31.324425
2024-05-01 00:00:00+00:00,19.35,87.38271,21.04638,0.1,51.0,100.0,5.937272,104.03627,1.0,92.30462
2024-05-01 01:00:00+00:00,19.4,84.12688,21.07942,0.1,51.0,100.0,4.452954,75.96373,1.0,139.66667
2024-05-01 02:00:00+00:00,19.8,81.80269,21.609646,0.1,51.0,100.0,3.4152596,71.564964,1.0,167.59096
2024-05-01 03:00:00+00:00,21.05,78.41738,22.723742,0.0,3.0,100.0,5.937272,104.03627,1.0,404.48035
2024-05-01 04:00:00+00:00,21.25,77.95223,22.328243,0.0,3.0,100.0,10.315115,119.24873,1.0,325.29114
2024-05-01 05:00:00+00:00,20.8,77.63873,21.473495,0.0,3.0,100.0,11.631956,111.801476,1.0,237.12056
2024-05-01 06:00:00+00:00,20.45,77.58608,20.96434,0.0,3.0,100.0,11.726277,107.87879,1.0,207.54639
2024-05-01 07:00:00+00:00,19.85,77.49546,20.187326,0.1,51.0,100.0,11.27553,106.699326,1.0,159.1149
2024-05-01 08:00:00+00:00,19.2,78.648834,19.394405,0.1,51.0,100.0,11.177405,104.93147,1.0,94.112816
2024-05-01 09:00:00+00:00,18.6,79.836,18.825369,0.4,51.0,100.0,10.041354,104.5345,1.0,55.61668
2024-05-01 10:00:00+00:00,18.1,81.32475,18.436628,0.4,51.0,100.0,8.759178,99.46225,1.0,12.176001
2024-05-01 11:00:00+00:00,17.9,81.824745,18.582392,0.2,51.0,100.0,6.130579,93.366394,0.0,0.0
2024-05-01 12:00:00+00:00,17.75,84.48307,18.449402,0.5,53.0,100.0,6.924738,98.97255,0.0,0.0
2024-05-01 13:00:00+00:00,17.1,91.76873,18.748173,0.2,51.0,100.0,2.16,90.0,0.0,0.0
2024-05-01 14:00:00+00:00,17.25,90.90202,18.94541,0.4,51.0,100.0,1.835647,101.3099,0.0,0.0
2024-05-01 15:00:00+00:00,17.1,91.47565,18.661125,0.2,51.0,100.0,2.6208394,105.945465,0.0,0.0
2024-05-01 16:00:00+00:00,17.2,92.36299,19.125664,0.6,53.0,100.0,0.8049845,26.564985,0.0,0.0
2024-05-01 17:00:00+00:00,17.4,89.18426,19.198689,1.0,55.0,100.0,0.71999997,90.0,0.0,0.0
2024-05-01 18:00:00+00:00,17.4,86.64666,18.761093,0.1,51.0,100.0,2.52,90.0,0.0,0.0
2024-05-01 19:00:00+00:00,17.15,88.59409,18.585186,0.0,3.0,100.0,2.2768397,108.43504,0.0,0.0
2024-05-01 20:00:00+00:00,17.05,89.73074,18.588312,0.0,3.0,100.0,1.835647,101.3099,0.0,0.0
2024-05-01 21:00:00+00:00,17.0,88.01384,18.300144,0.0,3.0,100.0,2.5455842,81.86999,0.0,0.0
2024-05-01 22:00:00+00:00,16.95,87.726685,17.898891,0.0,3.0,95.0,4.6938252,94.39862,1.0,15.522597
2024-05-01 23:00:00+00:00,17.1,84.958374,17.76044,0.0,3.0,98.0,5.771239,93.57626,1.0,93.58811
2024-05-02 00:00:00+00:00,17.6,82.31661,18.471878,0.0,3.0,100.0,4.32,90.0,1.0,238.47017
2024-05-02 01:00:00+00:00,17.35,80.964455,18.1849,0.0,3.0,100.0,3.319036,102.5288,1.0,194.06221
2024-05-02 02:00:00+00:00,18.05,75.9777,18.57076,0.0,3.0,99.0,4.73506,81.25392,1.0,290.7634
2024-05-02 03:00:00+00:00,18.85,72.26373,19.502853,0.0,3.0,98.0,3.8268526,48.814175,1.0,290.80112
2024-05-02 04:00:00+00:00,20.45,68.68833,21.521885,0.0,3.0,83.0,2.8116899,50.194473,1.0,529.31195
2024-05-02 05:00:00+00:00,22.45,64.3948,25.363855,0.0,3.0,100.0,2.2768397,108.43504,1.0,747.609
2024-05-02 06:00:00+00:00,22.85,65.10224,25.120014,0.0,3.0,100.0,3.6,143.13002,1.0,631.2161
2024-05-02 07:00:00+00:00,22.4,66.05507,23.06027,0.0,3.0,98.0,8.913181,133.36346,1.0,385.59213
2024-05-02 08:00:00+00:00,20.75,66.99578,20.174437,0.0,1.0,46.0,13.854155,114.56716,1.0,292.7456
2024-05-02 09:00:00+00:00,19.95,70.161125,19.832836,0.0,0.0,19.0,10.587917,107.818985,1.0,217.42358
2024-05-02 10:00:00+00:00,19.1,73.25192,19.438389,0.0,1.0,43.0,7.0911775,113.962494,1.0,59.847095
2024-05-02 11:00:00+00:00,17.8,76.931526,18.335855,0.0,1.0,32.0,4.510787,118.61037,0.0,0.0
2024-05-02 12:00:00+00:00,16.8,82.484726,17.242043,0.0,3.0,100.0,5.3999996,126.86998,0.0,0.0
2024-05-02 13:00:00+00:00,17.4,77.87701,18.10022,0.0,2.0,68.0,2.9024127,97.12492,0.0,0.0
2024-05-02 14:00:00+00:00,16.9,77.54767,17.388834,0.1,51.0,100.0,3.0547013,135.0001,0.0,0.0
2024-05-02 15:00:00+00:00,16.75,76.26543,17.198175,0.0,0.0,15.0,2.4149535,116.56499,0.0,0.0
2024-05-02 16:00:00+00:00,16.9,69.80093,16.867855,0.0,1.0,43.0,3.0758414,200.55612,0.0,0.0
2024-05-02 17:00:00+00:00,15.5,82.054184,15.567266,0.0,3.0,86.0,4.802999,257.00537,0.0,0.0
2024-05-02 18:00:00+00:00,15.95,76.13662,15.943583,0.0,3.0,94.0,3.7585104,286.6993,0.0,0.0
2024-05-02 19:00:00+00:00,16.15,76.92492,16.278439,0.0,1.0,40.0,3.6,306.86996,0.0,0.0
2024-05-02 20:00:00+00:00,15.45,84.22749,15.602898,0.0,0.0,14.0,5.0142193,338.9624,0.0,0.0
2024-05-02 21:00:00+00:00,15.1,84.18808,15.027807,0.0,3.0,80.0,5.7599998,360.0,0.0,0.0
2024-05-02 22:00:00+00:00,16.25,74.69349,16.263998,0.0,3.0,82.0,3.6179552,5.7105074,1.0,30.319912
2024-05-02 23:00:00+00:00,16.8,67.9538,16.539238,0.0,0.0,9.0,3.6,360.0,1.0,122.81373
2024-05-03 00:00:00+00:00,17.95,59.31251,17.617365,0.0,0.0,9.0,2.1897945,350.53775,1.0,385.52246
2024-05-03 01:00:00+00:00,19.05,55.736103,18.47781,0.0,1.0,28.0,4.0249224,10.304792,1.0,598.8849
2024-05-03 02:00:00+00:00,20.25,53.491413,20.406252,0.0,0.0,11.0,3.7585104,73.300674,1.0,685.09296
2024-05-03 03:00:00+00:00,21.65,53.85247,23.391413,0.0,0.0,1.0,4.6800003,112.61991,1.0,873.3029
2024-05-03 04:00:00+00:00,22.7,54.832626,25.086842,0.0,1.0,31.0,6.4096174,128.15727,1.0,935.3142
2024-05-03 05:00:00+00:00,23.3,55.88324,25.460323,0.0,1.0,30.0,9.0,126.86999,1.0,900.4578
2024-05-03 06:00:00+00:00,23.6,57.422127,25.27756,0.0,2.0,50.0,11.119281,119.05451,1.0,812.3044
2024-05-03 07:00:00+00:00,23.3,62.34969,24.544308,0.0,0.0,6.0,11.435313,118.1785,1.0,656.7348
2024-05-03 08:00:00+00:00,22.5,69.31074,23.162323,0.0,3.0,90.0,11.269782,116.56499,1.0,463.30862
2024-05-03 09:00:00+00:00,21.7,73.00465,22.641253,0.0,1.0,44.0,9.504273,114.62355,1.0,253.61545
2024-05-03 10:00:00+00:00,20.6,78.85063,22.051846,0.0,3.0,89.0,6.439876,116.56499,1.0,64.45392
2024-05-03 11:00:00+00:00,19.15,86.53798,20.922155,0.0,3.0,100.0,4.39436,145.0079,0.0,0.0
2024-05-03 12:00:00+00:00,18.75,88.444435,20.509945,0.0,3.0,99.0,4.3349743,138.36655,0.0,0.0
2024-05-03 13:00:00+00:00,19.55,77.44996,21.130598,0.0,3.0,91.0,1.9386592,291.80148,0.0,0.0
2024-05-03 14:00:00+00:00,19.4,78.9301,21.039696,0.0,3.0,100.0,1.9386592,338.19852,0.0,0.0
2024-05-03 15:00:00+00:00,19.15,80.68273,20.895712,0.0,3.0,100.0,1.484318,14.036275,0.0,0.0
2024-05-03 16:00:00+00:00,18.35,90.68699,20.360144,0.4,51.0,100.0,2.6208394,15.945477,0.0,0.0
2024-05-03 17:00:00+00:00,18.15,92.41641,20.24855,0.7,53.0,100.0,2.3051248,308.65982,0.0,0.0
2024-05-03 18:00:00+00:00,18.25,93.30387,20.455183,0.4,51.0,100.0,2.3051248,321.34018,0.0,0.0
2024-05-03 19:00:00+00:00,18.35,91.26396,20.501888,0.0,3.0,100.0,1.9386592,291.80148,0.0,0.0
2024-05-03 20:00:00+00:00,18.35,93.308846,20.671886,0.0,3.0,100.0,1.8,306.86996,0.0,0.0
2024-05-03 21:00:00+00:00,18.4,90.116875,20.488562,0.0,3.0,100.0,1.9386592,291.80148,0.0,0.0
2024-05-03 22:00:00+00:00,18.7,86.49471,20.80807,0.0,3.0,100.0,0.8049845,333.43503,1.0,18.526619
2024-05-03 23:00:00+00:00,18.75,88.444435,21.142128,0.0,3.0,100.0,0.0,270.0,1.0,44.222992
2024-05-04 00:00:00+00:00,19.25,88.20675,21.667845,0.1,51.0,100.0,1.1384199,198.43504,1.0,142.26035
2024-05-04 01:00:00+00:00,21.1,77.43808,23.223206,0.0,3.0,100.0,2.4149535,116.56499,1.0,431.92334
2024-05-04 02:00:00+00:00,22.1,75.6589,24.276466,0.0,3.0,100.0,3.8268526,131.18582,1.0,518.5357
2024-05-04 03:00:00+00:00,22.65,75.03652,24.805056,0.0,3.0,100.0,5.1919937,146.3099,1.0,438.66705
2024-05-04 04:00:00+00:00,22.8,74.59102,24.988468,0.0,3.0,100.0,5.1165614,140.71062,1.0,335.31497
2024-05-04 05:00:00+00:00,22.35,77.62585,24.693316,0.1,51.0,100.0,4.6800003,112.61991,1.0,198.90392
2024-05-04 06:00:00+00:00,22.2,79.824394,24.796154,0.0,3.0,100.0,3.8939953,123.6901,1.0,177.26172
2024-05-04 07:00:00+00:00,22.55,79.87215,25.279139,0.0,3.0,100.0,4.1046314,164.74483,1.0,186.50818
2024-05-04 08:00:00+00:00,22.35,81.60911,25.035088,0.4,51.0,100.0,4.896529,162.89719,1.0,109.67089
2024-05-04 09:00:00+00:00,22.5,81.62799,25.241522,0.3,51.0,100.0,5.00128,149.74365,1.0,139.21338
2024-05-04 10:00:00+00:00,22.15,84.42901,25.15003,0.0,3.0,96.0,3.8939953,146.3099,1.0,39.49618
2024-05-04 11:00:00+00:00,20.9,89.45452,23.756395,0.0,3.0,100.0,3.8939953,146.3099,0.0,0.0
2024-05-04 12:00:00+00:00,20.55,90.55202,23.337637,0.0,3.0,100.0,3.8773184,158.19853,0.0,0.0
2024-05-04 13:00:00+00:00,20.05,91.371826,22.769382,0.0,3.0,100.0,3.219938,153.43501,0.0,0.0
2024-05-04 14:00:00+00:00,19.7,91.63672,22.28112,0.0,3.0,100.0,3.219938,153.43501,0.0,0.0
2024-05-04 15:00:00+00:00,20.4,87.47694,23.144625,0.0,3.0,98.0,1.9386592,158.19853,0.0,0.0
2024-05-04 16:00:00+00:00,19.25,94.532036,21.806854,0.0,3.0,100.0,3.5455887,203.9625,0.0,0.0
2024-05-04 17:00:00+00:00,20.05,89.6706,22.837952,0.0,3.0,100.0,1.8,216.86998,0.0,0.0
2024-05-04 18:00:00+00:00,20.0,89.94853,22.787987,0.3,51.0,100.0,1.8,270.0,0.0,0.0
2024-05-04 19:00:00+00:00,19.25,95.72388,22.00622,1.0,55.0,100.0,2.8116899,230.19447,0.0,0.0
2024-05-04 20:00:00+00:00,19.25,95.72388,22.00622,2.0,61.0,100.0,2.8116899,219.80553,0.0,0.0
2024-05-04 21:00:00+00:00,19.65,92.49966,22.427298,2.0,61.0,100.0,2.1897945,260.53775,0.0,0.0
2024-05-04 22:00:00+00:00,19.3,96.02542,22.028753,3.0,63.0,100.0,3.319036,282.5288,1.0,3.626156
2024-05-04 23:00:00+00:00,19.65,94.84413,22.405231,1.9,61.0,100.0,3.6179552,185.7105,1.0,20.562855
2024-05-05 00:00:00+00:00,19.95,93.09618,22.970139,0.8,53.0,100.0,1.8,360.0,1.0,40.42612
2024-05-05 01:00:00+00:00,22.45,83.41894,25.643118,0.0,3.0,100.0,2.9024127,150.2552,1.0,486.09198
2024-05-05 02:00:00+00:00,24.0,79.57509,27.252172,0.0,3.0,100.0,5.0528407,175.91446,1.0,523.79425
2024-05-05 03:00:00+00:00,26.45,73.143814,30.494915,0.0,3.0,98.0,4.0249224,169.6952,1.0,592.7893
2024-05-05 04:00:00+00:00,27.5,70.473015,31.423538,0.0,3.0,100.0,5.495161,148.39255,1.0,534.2457
2024-05-05 05:00:00+00:00,27.9,67.7995,31.8559,0.0,0.0,12.0,4.3349743,184.76355,1.0,349.7974
2024-05-05 06:00:00+00:00,29.1,62.46334,33.261635,0.1,51.0,16.0,8.311245,184.96965,1.0,663.60254
2024-05-05 07:00:00+00:00,29.8,60.36013,33.366253,0.0,1.0,31.0,9.3876505,184.39862,1.0,563.2833
2024-05-05 08:00:00+00:00,29.7,60.15258,33.10497,0.5,53.0,41.0,7.172949,197.52567,1.0,419.1784
2024-05-05 09:00:00+00:00,28.6,67.31846,33.005215,0.2,51.0,28.0,3.319036,167.4712,1.0,213.68854
2024-05-05 10:00:00+00:00,26.9,81.675095,32.41004,0.0,2.0,55.0,1.9386592,21.801476,1.0,61.27028
2024-05-05 11:00:00+00:00,25.85,81.7931,30.559174,0.2,51.0,10.0,3.396233,237.99466,0.0,0.0
2024-05-05 12:00:00+00:00,24.8,86.80002,29.645126,0.0,0.0,6.0,2.2768397,251.56496,0.0,0.0
2024-05-05 13:00:00+00:00,23.3,93.26319,27.709875,0.1,51.0,35.0,4.1046314,254.74483,0.0,0.0
2024-05-05 14:00:00+00:00,23.7,92.999855,28.71793,0.0,1.0,20.0,1.2979984,236.3099,0.0,0.0
2024-05-05 15:00:00+00:00,23.1,97.015915,27.965717,0.0,0.0,1.0,2.7416782,336.8014,0.0,0.0
2024-05-05 16:00:00+00:00,22.5,100.0,27.542591,0.0,3.0,98.0,1.1384199,251.56496,0.0,0.0
2024-05-05 17:00:00+00:00,20.3,100.0,23.635529,0.0,3.0,96.0,4.68,270.0,0.0,0.0
2024-05-05 18:00:00+00:00,20.2,100.0,23.482662,0.0,3.0,95.0,4.6938252,274.39862,0.0,0.0
2024-05-05 19:00:00+00:00,19.95,99.69073,23.102142,0.0,1.0,41.0,4.5536795,288.43503,0.0,0.0
2024-05-05 20:00:00+00:00,19.75,97.849556,22.55544,0.0,0.0,6.0,5.2416787,285.94547,0.0,0.0
2024-05-05 21:00:00+00:00,19.15,98.760574,21.606962,0.0,0.0,3.0,6.151683,290.55612,0.0,0.0
2024-05-05 22:00:00+00:00,19.85,98.46097,22.930614,0.0,0.0,0.0,4.0249224,280.30478,1.0,53.282967
2024-05-05 23:00:00+00:00,22.0,91.49307,25.609669,0.0,0.0,5.0,3.671294,281.3099,1.0,221.01804
2024-05-06 00:00:00+00:00,23.6,88.29653,27.64078,0.0,0.0,5.0,4.3498964,294.44394,1.0,435.65076
2024-05-06 01:00:00+00:00,25.6,79.06506,29.512856,0.0,1.0,36.0,6.4096174,308.15726,1.0,639.8792
2024-05-06 02:00:00+00:00,26.9,69.931175,30.814629,0.0,0.0,8.0,9.686609,311.98712,1.0,775.22876
2024-05-06 03:00:00+00:00,28.15,62.446888,32.12988,0.0,1.0,20.0,10.182337,315.0001,1.0,835.41156
2024-05-06 04:00:00+00:00,29.1,57.83121,33.369457,0.0,2.0,57.0,9.793059,323.97253,1.0,879.582
2024-05-06 05:00:00+00:00,29.35,55.951237,32.717712,0.0,3.0,88.0,11.119281,330.9455,1.0,764.26825
2024-05-06 06:00:00+00:00,29.55,54.62645,32.302876,0.0,2.0,70.0,10.97262,318.991,1.0,649.4394
2024-05-06 07:00:00+00:00,29.85,54.870342,32.550735,0.0,3.0,80.0,11.019764,321.63248,1.0,588.889
2024-05-06 08:00:00+00:00,29.45,53.257618,32.51107,0.0,2.0,60.0,1.9386592,111.801476,1.0,445.10815
2024-05-06 09:00:00+00:00,25.95,78.393234,28.630249,0.0,1.0,22.0,14.982228,125.21768,1.0,249.24352
2024-05-06 10:00:00+00:00,23.25,86.92281,26.274918,0.0,0.0,14.0,9.107359,108.43504,1.0,76.50248
2024-05-06 11:00:00+00:00,21.55,92.60315,24.934774,0.0,1.0,34.0,4.3349743,138.36655,0.0,0.0
2024-05-06 12:00:00+00:00,20.65,95.472115,23.611027,0.0,2.0,55.0,5.8603754,137.4896,0.0,0.0
2024-05-06 13:00:00+00:00,21.05,95.780846,24.567972,0.0,1.0,43.0,3.6,143.13002,0.0,0.0
2024-05-06 14:00:00+00:00,21.15,94.02536,24.606998,0.0,3.0,100.0,3.319036,167.4712,0.0,0.0
2024-05-06 15:00:00+00:00,21.4,93.74652,25.019392,0.0,3.0,100.0,2.9024127,240.2552,0.0,0.0
2024-05-06 16:00:00+00:00,20.95,96.669044,24.735971,0.0,3.0,100.0,1.9386592,291.80148,0.0,0.0
2024-05-06 17:00:00+00:00,20.5,100.0,24.323576,0.0,3.0,100.0,2.0364676,315.0001,0.0,0.0
2024-05-06 18:00:00+00:00,19.3,100.0,22.253796,0.0,3.0,100.0,3.8939953,303.6901,0.0,0.0
2024-05-06 19:00:00+00:00,19.65,100.0,22.872772,0.0,3.0,100.0,3.219938,296.56497,0.0,0.0
2024-05-06 20:00:00+00:00,19.85,100.0,23.344357,0.0,3.0,100.0,2.0364676,315.0001,0.0,0.0
2024-05-06 21:00:00+00:00,19.75,99.38137,23.22581,0.0,3.0,100.0,1.484318,284.03625,0.0,0.0
2024-05-06 22:00:00+00:00,19.7,99.38118,22.989115,0.0,3.0,100.0,2.5959969,303.6901,1.0,41.79656
2024-05-06 23:00:00+00:00,20.3,96.35354,23.481142,0.0,3.0,100.0,3.671294,281.3099,1.0,64.19009
2024-05-07 00:00:00+00:00,21.2,92.297905,24.605165,0.0,3.0,100.0,2.8116899,320.1945,1.0,134.47415
2024-05-07 01:00:00+00:00,22.85,82.43603,26.228153,0.0,3.0,100.0,2.3051248,308.65982,1.0,237.71954
2024-05-07 02:00:00+00:00,24.0,75.72558,27.167204,0.0,3.0,100.0,2.9024127,330.25522,1.0,373.4846
2024-05-07 03:00:00+00:00,24.15,74.81375,27.663483,0.0,3.0,100.0,0.35999998,360.0,1.0,281.2103
2024-05-07 04:00:00+00:00,24.15,75.51455,27.365927,0.0,3.0,100.0,2.9024127,209.7448,1.0,169.64555
2024-05-07 05:00:00+00:00,24.4,75.08736,27.544876,0.0,3.0,100.0,3.8939953,213.6901,1.0,236.1418
2024-05-07 06:00:00+00:00,24.6,73.73484,27.853226,0.0,3.0,100.0,2.8116899,219.80553,1.0,245.57666
2024-05-07 07:00:00+00:00,24.8,72.85888,28.131012,0.0,3.0,100.0,2.2768397,161.56496,1.0,284.03876
2024-05-07 08:00:00+00:00,25.55,69.893326,28.859844,0.0,1.0,48.0,2.8116899,140.19447,1.0,476.21063
2024-05-07 09:00:00+00:00,25.35,69.63873,28.273869,0.0,1.0,49.0,4.39436,145.0079,1.0,261.85028
2024-05-07 10:00:00+00:00,24.2,80.34219,27.873432,0.0,3.0,88.0,3.396233,147.99466,1.0,74.936516
2024-05-07 11:00:00+00:00,22.0,84.67588,24.50018,0.0,3.0,100.0,6.989936,145.49142,0.0,0.0
2024-05-07 12:00:00+00:00,22.3,81.34869,24.797005,0.0,3.0,81.0,5.8603754,137.4896,0.0,0.0
2024-05-07 13:00:00+00:00,23.6,79.0286,27.103535,0.0,1.0,29.0,1.609969,153.43501,0.0,0.0
2024-05-07 14:00:00+00:00,21.35,90.60648,24.26033,0.0,1.0,47.0,5.6920996,161.56496,0.0,0.0
2024-05-07 15:00:00+00:00,22.15,92.635414,25.845613,0.0,1.0,48.0,4.3349743,184.76355,0.0,0.0
2024-05-07 16:00:00+00:00,21.65,96.983604,26.036789,0.0,2.0,58.0,0.5091169,315.0001,0.0,0.0
2024-05-07 17:00:00+00:00,21.25,100.0,25.575731,0.0,3.0,100.0,1.2979984,326.3099,0.0,0.0
2024-05-07 18:00:00+00:00,21.1,99.69342,25.038656,0.0,2.0,61.0,3.219938,243.43501,0.0,0.0
2024-05-07 19:00:00+00:00,20.8,100.0,24.656443,0.0,3.0,100.0,2.8799999,270.0,0.0,0.0
2024-05-07 20:00:00+00:00,20.55,100.0,24.364328,0.0,3.0,100.0,2.2768397,288.43503,0.0,0.0
2024-05-07 21:00:00+00:00,20.5,100.0,24.288523,0.0,3.0,100.0,2.2768397,251.56496,0.0,0.0
2024-05-07 22:00:00+00:00,19.95,100.0,23.528742,0.0,3.0,100.0,1.8,270.0,1.0,44.439335
2024-05-07 23:00:00+00:00,21.25,97.57318,25.28981,0.0,3.0,100.0,1.8,270.0,1.0,164.33247
2024-05-08 00:00:00+00:00,22.55,84.47226,26.124868,0.0,3.0,100.0,1.2979984,236.3099,1.0,350.51276
2024-05-08 01:00:00+00:00,23.6,76.8495,26.928766,0.0,1.0,43.0,1.2979984,33.6901,1.0,394.88934
2024-05-08 02:00:00+00:00,25.35,70.72891,29.995312,0.0,0.0,11.0,2.5455842,81.86999,1.0,809.3821
2024-05-08 03:00:00+00:00,26.7,66.1141,31.697659,0.0,2.0,71.0,5.0911684,98.13002,1.0,894.55096
2024-05-08 04:00:00+00:00,27.4,61.320644,31.587894,0.0,3.0,82.0,9.0,106.26028,1.0,895.6413
2024-05-08 05:00:00+00:00,27.25,60.15052,30.517529,0.4,51.0,91.0,12.0694,107.35411,1.0,841.6962
2024-05-08 06:00:00+00:00,25.95,66.16537,27.832088,0.1,51.0,100.0,14.118243,109.359085,1.0,608.7835
2024-05-08 07:00:00+00:00,25.4,65.84554,26.929695,0.0,3.0,88.0,13.363711,94.635376,1.0,553.6319
2024-05-08 08:00:00+00:00,24.5,65.86516,25.33341,0.1,51.0,67.0,13.324863,91.54813,1.0,400.0367
2024-05-08 09:00:00+00:00,23.65,67.15989,24.352894,0.0,3.0,94.0,12.7279215,81.86999,1.0,259.10883
2024-05-08 10:00:00+00:00,22.45,69.96462,23.683954,0.0,1.0,45.0,7.6367526,98.13002,1.0,70.65397
2024-05-08 11:00:00+00:00,19.95,80.276566,21.091625,0.0,2.0,64.0,7.5685663,87.27374,0.0,0.0
2024-05-08 12:00:00+00:00,21.85,59.46148,22.481352,0.0,3.0,98.0,3.6,90.0,0.0,0.0
2024-05-08 13:00:00+00:00,21.9,69.19433,23.537203,0.0,3.0,100.0,2.9024127,330.25522,0.0,0.0
2024-05-08 14:00:00+00:00,22.1,65.99227,23.269833,0.0,3.0,100.0,4.6102495,51.34017,0.0,0.0
2024-05-08 15:00:00+00:00,21.65,64.01419,22.398048,0.0,3.0,100.0,5.154415,65.22488,0.0,0.0
2024-05-08 16:00:00+00:00,18.05,81.056656,18.479748,0.0,3.0,100.0,7.8625183,74.054535,0.0,0.0
2024-05-08 17:00:00+00:00,17.65,83.93019,18.226578,0.0,3.0,100.0,7.24486,63.435013,0.0,0.0
2024-05-08 18:00:00+00:00,18.05,76.224815,18.448956,0.0,3.0,100.0,5.692099,55.304783,0.0,0.0
2024-05-08 19:00:00+00:00,19.15,63.045235,19.188732,0.0,3.0,100.0,3.8773184,68.19853,0.0,0.0
2024-05-08 20:00:00+00:00,18.15,67.33613,18.12975,0.0,3.0,100.0,4.39436,34.9921,0.0,0.0
2024-05-08 21:00:00+00:00,17.15,74.60064,17.33462,0.0,3.0,100.0,4.3349743,4.763556,0.0,0.0
2024-05-08 22:00:00+00:00,17.15,81.99477,18.017384,0.0,3.0,100.0,3.096837,324.46225,1.0,43.65487
2024-05-08 23:00:00+00:00,18.4,71.94716,18.984652,0.0,3.0,99.0,3.096837,324.46225,1.0,169.63934
2024-05-09 00:00:00+00:00,19.45,65.86023,19.987774,0.0,3.0,98.0,2.5959969,56.309914,1.0,379.4689
2024-05-09 01:00:00+00:00,20.95,62.01908,21.250935,0.0,3.0,81.0,5.8603754,79.380394,1.0,634.4915
2024-05-09 02:00:00+00:00,22.2,57.64068,23.409048,0.0,2.0,66.0,7.928178,87.3975,1.0,819.9868
2024-05-09 03:00:00+00:00,23.05,53.159,24.188955,0.0,3.0,86.0,10.799999,90.0,1.0,894.4438
2024-05-09 04:00:00+00:00,23.6,52.439545,24.969881,0.0,3.0,99.0,11.609651,97.12492,1.0,915.79364
2024-05-09 05:00:00+00:00,23.75,52.99313,25.007599,0.0,3.0,100.0,12.7279215,98.13002,1.0,885.8062
2024-05-09 06:00:00+00:00,23.65,53.660873,24.450462,0.0,3.0,100.0,13.084402,97.907074,1.0,783.3392
2024-05-09 07:00:00+00:00,23.25,52.864296,23.05994,0.0,3.0,100.0,13.849476,98.97255,1.0,643.00964
2024-05-09 08:00:00+00:00,22.2,55.427135,21.501305,0.0,3.0,100.0,10.948973,99.46225,1.0,365.0144
2024-05-09 09:00:00+00:00,20.9,63.230373,20.943626,0.0,3.0,100.0,7.754637,111.801476,1.0,103.928246
2024-05-09 10:00:00+00:00,19.95,70.61606,20.58362,0.0,3.0,100.0,5.6920996,108.43504,1.0,21.020395
2024-05-09 11:00:00+00:00,19.15,78.38967,20.408003,0.0,3.0,100.0,3.6179552,95.7105,0.0,0.0
2024-05-09 12:00:00+00:00,18.15,83.44962,19.155657,0.0,3.0,100.0,5.3517847,47.72637,0.0,0.0
2024-05-09 13:00:00+00:00,17.6,86.11133,18.62457,0.0,3.0,100.0,5.0911684,98.13002,0.0,0.0
2024-05-09 14:00:00+00:00,18.6,77.55485,19.903557,0.0,3.0,100.0,1.484318,14.036275,0.0,0.0
2024-05-09 15:00:00+00:00,18.4,78.78606,19.567526,0.0,3.0,97.0,2.5455842,351.87,0.0,0.0
2024-05-09 16:00:00+00:00,17.95,81.305275,19.12908,0.0,3.0,97.0,2.5959969,326.3099,0.0,0.0
2024-05-09 17:00:00+00:00,16.15,92.60086,17.134457,0.0,3.0,100.0,4.5820518,315.0001,0.0,0.0
2024-05-09 18:00:00+00:00,16.45,94.416565,17.702217,0.0,3.0,100.0,4.3349743,311.63345,0.0,0.0
2024-05-09 19:00:00+00:00,15.5,96.84057,16.457832,0.0,3.0,83.0,4.8965297,306.02747,0.0,0.0
2024-05-09 20:00:00+00:00,14.95,97.45464,15.706631,0.0,2.0,75.0,5.1165614,320.7106,0.0,0.0
2024-05-09 21:00:00+00:00,14.75,97.13613,15.414492,0.0,2.0,71.0,5.1165614,320.7106,0.0,0.0
2024-05-09 22:00:00+00:00,16.05,95.00811,17.223677,0.0,3.0,96.0,4.072935,315.0001,1.0,56.129063
2024-05-09 23:00:00+00:00,17.5,87.21421,18.673635,0.0,3.0,85.0,4.3349743,311.63345,1.0,213.97531
2024-05-10 00:00:00+00:00,19.2,77.396675,20.549152,0.0,2.0,74.0,2.5959969,303.6901,1.0,403.51147
2024-05-10 01:00:00+00:00,21.0,67.69875,22.42758,0.0,3.0,81.0,1.1384199,288.43503,1.0,596.9229
2024-05-10 02:00:00+00:00,22.1,67.27227,24.299637,0.0,2.0,63.0,1.609969,206.56499,1.0,668.7916
2024-05-10 03:00:00+00:00,23.5,66.49443,27.33234,0.0,3.0,97.0,2.7416782,156.80138,1.0,855.82117
2024-05-10 04:00:00+00:00,24.4,65.84434,28.20396,0.0,2.0,62.0,4.39436,145.0079,1.0,824.88727
2024-05-10 05:00:00+00:00,25.35,64.20407,29.434566,0.0,2.0,75.0,7.653705,138.81418,1.0,903.4648
2024-05-10 06:00:00+00:00,25.55,63.845207,28.777084,0.0,3.0,82.0,9.1641035,135.0001,1.0,773.9327
2024-05-10 07:00:00+00:00,25.45,63.62336,27.926918,0.0,1.0,33.0,9.673221,135.0001,1.0,650.43976
2024-05-10 08:00:00+00:00,25.25,63.579865,26.542269,0.0,3.0,100.0,10.630672,118.30067,1.0,464.00366
2024-05-10 09:00:00+00:00,24.5,66.90987,25.946468,0.0,3.0,100.0,9.885262,123.11135,1.0,263.61407
2024-05-10 10:00:00+00:00,23.2,74.6573,25.500164,0.0,3.0,100.0,5.6002855,135.0001,1.0,78.14061
2024-05-10 11:00:00+00:00,21.4,83.298035,23.804329,0.0,3.0,96.0,4.8965297,143.97253,0.0,0.0
2024-05-10 12:00:00+00:00,20.6,87.769165,22.895597,0.0,3.0,92.0,5.8048253,150.2552,0.0,0.0
2024-05-10 13:00:00+00:00,20.9,89.7337,23.596535,0.0,1.0,41.0,5.154415,155.22488,0.0,0.0
2024-05-10 14:00:00+00:00,21.85,80.27863,24.426588,0.0,3.0,97.0,3.2399998,180.0,0.0,0.0
2024-05-10 15:00:00+00:00,21.5,81.75791,24.190348,0.0,3.0,100.0,2.3051248,231.34016,0.0,0.0
2024-05-10 16:00:00+00:00,21.3,82.50644,24.036173,0.0,3.0,100.0,1.835647,281.3099,0.0,0.0
2024-05-10 17:00:00+00:00,20.9,85.35714,23.590551,0.0,3.0,100.0,2.6208394,254.05453,0.0,0.0
2024-05-10 18:00:00+00:00,19.6,92.20732,22.052168,0.0,3.0,100.0,4.1046314,254.74483,0.0,0.0
2024-05-10 19:00:00+00:00,19.85,91.3592,22.476933,0.0,3.0,100.0,3.219938,243.43501,0.0,0.0
2024-05-10 20:00:00+00:00,20.5,88.035835,23.195826,0.0,3.0,100.0,2.9024127,277.1249,0.0,0.0
2024-05-10 21:00:00+00:00,20.65,88.3245,23.67253,0.0,3.0,100.0,1.2979984,236.3099,0.0,0.0
2024-05-10 22:00:00+00:00,20.2,92.81896,23.314602,0.0,3.0,100.0,1.8,233.13002,1.0,25.993284
2024-05-10 23:00:00+00:00,20.95,89.45828,24.181719,0.2,51.0,100.0,1.484318,165.96373,1.0,73.53533
2024-05-11 00:00:00+00:00,21.55,86.76523,24.763067,0.0,3.0,100.0,1.9386592,291.80148,1.0,131.54742
2024-05-11 01:00:00+00:00,24.5,74.17726,28.014877,0.0,3.0,90.0,1.0182338,44.999897,1.0,454.298
2024-05-11 02:00:00+00:00,25.65,71.88768,29.29243,0.0,3.0,98.0,2.1897945,80.53775,1.0,579.14166
2024-05-11 03:00:00+00:00,26.85,69.06652,31.488102,0.0,3.0,100.0,4.0249224,116.56499,1.0,734.9715
2024-05-11 04:00:00+00:00,28.25,64.22525,33.50012,0.0,3.0,99.0,6.6087217,119.357666,1.0,870.29083
2024-05-11 05:00:00+00:00,29.35,60.443405,34.07939,0.0,3.0,98.0,9.290511,125.537766,1.0,833.91473
2024-05-11 06:00:00+00:00,30.2,55.468178,34.657093,0.0,3.0,100.0,7.6367526,135.0001,1.0,767.3722
2024-05-11 07:00:00+00:00,31.0,51.852135,33.840202,0.0,3.0,100.0,9.6932955,105.06854,1.0,567.6668
2024-05-11 08:00:00+00:00,29.25,60.98067,31.761719,0.0,3.0,100.0,12.57426,113.62939,1.0,266.4988
2024-05-11 09:00:00+00:00,27.15,69.33658,29.957256,0.0,3.0,99.0,10.931203,107.241554,1.0,144.31825
2024-05-11 10:00:00+00:00,25.75,73.47486,28.891575,0.0,3.0,100.0,7.208994,92.86235,1.0,54.07702
2024-05-11 11:00:00+00:00,24.0,79.82126,27.324005,0.0,3.0,100.0,4.73506,81.25392,0.0,0.0
2024-05-11 12:00:00+00:00,23.25,86.12462,26.789074,0.0,3.0,100.0,5.04,90.0,0.0,0.0
2024-05-11 13:00:00+00:00,23.4,88.55083,27.21862,0.0,3.0,99.0,5.315336,118.30067,0.0,0.0
2024-05-11 14:00:00+00:00,24.05,83.60082,28.376835,0.0,3.0,100.0,0.71999997,360.0,0.0,0.0
2024-05-11 15:00:00+00:00,22.7,90.97616,26.690414,0.0,3.0,100.0,3.219938,153.43501,0.0,0.0
2024-05-11 16:00:00+00:00,22.95,90.99237,27.276566,0.0,3.0,100.0,1.835647,11.3098955,0.0,0.0
2024-05-11 17:00:00+00:00,22.6,92.65945,26.831415,0.0,3.0,100.0,2.3051248,321.34018,0.0,0.0
2024-05-11 18:00:00+00:00,21.9,96.69256,26.279001,0.0,3.0,100.0,1.2979984,213.6901,0.0,0.0
2024-05-11 19:00:00+00:00,21.95,97.58581,26.46088,0.0,3.0,99.0,1.1384199,251.56496,0.0,0.0
2024-05-11 20:00:00+00:00,21.6,98.78323,25.889515,0.0,3.0,100.0,2.0991426,300.96368,0.0,0.0
2024-05-11 21:00:00+00:00,21.6,99.38999,25.982275,0.1,51.0,100.0,1.835647,281.3099,0.0,0.0
2024-05-11 22:00:00+00:00,21.3,99.38864,25.388308,0.2,51.0,100.0,2.7416782,293.1986,1.0,19.20143
2024-05-11 23:00:00+00:00,22.1,97.588524,26.59651,0.2,51.0,100.0,1.8,233.13002,1.0,40.269123
2024-05-12 00:00:00+00:00,22.7,95.2492,27.494843,0.2,51.0,100.0,0.5091169,315.0001,1.0,59.63536
2024-05-12 01:00:00+00:00,25.35,89.78402,30.70287,0.0,3.0,100.0,3.2399998,360.0,1.0,380.7005
2024-05-12 02:00:00+00:00,26.7,84.91084,32.243824,0.1,51.0,100.0,3.6,360.0,1.0,467.9687
2024-05-12 03:00:00+00:00,28.3,79.67458,34.93093,0.3,51.0,100.0,3.8773184,338.19852,1.0,703.6727
2024-05-12 04:00:00+00:00,27.4,77.42085,31.84983,8.8,65.0,100.0,7.5599995,360.0,1.0,435.1327
2024-05-12 05:00:00+00:00,26.05,81.322716,30.560081,9.5,65.0,100.0,5.1544156,257.90524,1.0,350.82364
2024-05-12 06:00:00+00:00,25.45,85.29627,30.029041,1.9,61.0,100.0,5.4833565,246.80138,1.0,111.94001
2024-05-12 07:00:00+00:00,25.7,83.278625,30.259922,0.3,51.0,100.0,5.0142193,248.96242,1.0,132.15108
2024-05-12 08:00:00+00:00,25.45,87.386406,30.580616,0.8,53.0,100.0,3.319036,257.4712,1.0,162.55524
2024-05-12 09:00:00+00:00,25.35,88.9755,30.849854,0.3,51.0,100.0,1.609969,243.43501,1.0,92.72404
2024-05-12 10:00:00+00:00,24.9,91.39277,30.315922,0.3,51.0,100.0,2.1897945,80.53775,1.0,18.142004
2024-05-12 11:00:00+00:00,23.85,95.577774,28.706871,0.3,51.0,100.0,4.802999,102.99462,0.0,0.0
2024-05-12 12:00:00+00:00,23.1,96.13603,26.588614,6.3,63.0,100.0,11.592895,115.76928,0.0,0.0
2024-05-12 13:00:00+00:00,21.0,92.8609,23.44362,1.6,61.0,100.0,9.0645685,96.84268,0.0,0.0
2024-05-12 14:00:00+00:00,20.5,92.25849,23.043734,0.5,53.0,100.0,6.3690495,132.70937,0.0,0.0
2024-05-12 15:00:00+00:00,19.7,91.34978,21.548044,0.6,53.0,100.0,8.0899935,122.27562,0.0,0.0
2024-05-12 16:00:00+00:00,18.9,87.065254,19.887045,0.3,51.0,100.0,9.346143,105.64231,0.0,0.0
2024-05-12 17:00:00+00:00,17.9,85.86556,18.43601,0.2,51.0,100.0,9.107359,108.43504,0.0,0.0
2024-05-12 18:00:00+00:00,17.05,84.13356,17.66323,0.1,51.0,100.0,5.5887027,104.93147,0.0,0.0
2024-05-12 19:00:00+00:00,17.05,84.40592,18.144453,0.1,51.0,100.0,2.4149535,153.43501,0.0,0.0
2024-05-12 20:00:00+00:00,16.95,83.5795,17.711308,0.0,3.0,100.0,4.072935,135.0001,0.0,0.0
2024-05-12 21:00:00+00:00,16.85,81.956955,17.577734,0.0,3.0,100.0,3.319036,130.60121,0.0,0.0
2024-05-12 22:00:00+00:00,16.65,81.135506,17.315615,0.1,51.0,100.0,2.9024127,119.74479,1.0,15.772764
2024-05-12 23:00:00+00:00,16.65,80.08455,17.104286,0.1,51.0,100.0,3.8773184,111.801476,1.0,97.559456
2024-05-13 00:00:00+00:00,16.8,80.62871,17.538744,0.0,3.0,100.0,2.52,90.0,1.0,148.36584
2024-05-13 01:00:00+00:00,16.8,79.584724,17.57439,0.9,53.0,100.0,1.8,180.0,1.0,162.61609
2024-05-13 02:00:00+00:00,17.7,74.93773,18.49661,0.0,3.0,100.0,1.5273507,224.9999,1.0,374.09164
2024-05-13 03:00:00+00:00,19.25,70.483475,20.116432,0.0,3.0,100.0,3.2599385,353.6599,1.0,593.2812
2024-05-13 04:00:00+00:00,21.5,54.528255,21.57552,0.0,3.0,100.0,7.9036193,59.93151,1.0,660.25574
2024-05-13 05:00:00+00:00,22.4,45.196194,22.04184,0.0,3.0,100.0,12.9249525,77.125,1.0,810.45184
2024-05-13 06:00:00+00:00,22.45,42.7027,21.60149,0.0,3.0,100.0,12.6462,85.101,1.0,730.53644
2024-05-13 07:00:00+00:00,22.4,41.833427,21.10155,0.0,2.0,57.0,12.620554,93.270424,1.0,642.6746
2024-05-13 08:00:00+00:00,21.95,43.286953,19.888609,0.0,0.0,0.0,13.493999,99.21095,1.0,504.24725
2024-05-13 09:00:00+00:00,20.75,50.33213,19.19552,0.0,1.0,38.0,10.853866,95.7105,1.0,293.21152
2024-05-13 10:00:00+00:00,19.05,60.773514,18.620129,0.0,3.0,96.0,5.6920996,108.43504,1.0,90.18033
2024-05-13 11:00:00+00:00,19.25,49.090504,17.948673,0.0,3.0,100.0,5.8603754,132.5104,0.0,0.0
2024-05-13 12:00:00+00:00,19.85,43.135925,18.963707,0.0,0.0,5.0,0.71999997,270.0,0.0,0.0
2024-05-13 13:00:00+00:00,19.55,43.79607,18.522146,0.0,0.0,17.0,1.609969,296.56497,0.0,0.0
2024-05-13 14:00:00+00:00,16.35,64.54127,15.374275,0.0,0.0,16.0,6.12,298.0724,0.0,0.0
2024-05-13 15:00:00+00:00,15.25,78.5823,14.738441,0.0,0.0,8.0,6.792466,302.00534,0.0,0.0
2024-05-13 16:00:00+00:00,13.35,90.03997,12.621357,0.0,0.0,15.0,8.714677,308.2902,0.0,0.0
2024-05-13 17:00:00+00:00,13.05,88.54011,12.264935,0.0,1.0,36.0,7.928177,309.47244,0.0,0.0
2024-05-13 18:00:00+00:00,12.8,90.29786,12.0728,0.0,0.0,10.0,7.6367526,315.0001,0.0,0.0
2024-05-13 19:00:00+00:00,12.15,92.990875,11.285226,0.0,0.0,8.0,8.161764,311.42358,0.0,0.0
2024-05-13 20:00:00+00:00,12.0,91.75479,11.104158,0.0,1.0,22.0,7.653705,311.18582,0.0,0.0
2024-05-13 21:00:00+00:00,12.4,89.96939,11.682068,0.0,0.0,14.0,6.638072,310.60123,0.0,0.0
2024-05-13 22:00:00+00:00,13.5,85.98001,13.156986,0.0,2.0,50.0,4.8965297,306.02747,1.0,65.3455
2024-05-13 23:00:00+00:00,15.95,81.30893,16.036755,0.0,1.0,24.0,5.3517847,289.6539,1.0,216.1396
2024-05-14 00:00:00+00:00,18.6,63.969646,18.510698,0.0,0.0,9.0,4.1046314,285.25516,1.0,428.97357
2024-05-14 01:00:00+00:00,21.2,51.469864,21.26116,0.0,0.0,0.0,3.6,306.86996,1.0,679.5989
2024-05-14 02:00:00+00:00,22.8,45.915024,23.902266,0.0,0.0,0.0,4.1046314,52.124958,1.0,848.2996
2024-05-14 03:00:00+00:00,23.75,40.278748,24.84712,0.0,0.0,0.0,6.8399997,90.0,1.0,952.2959
2024-05-14 04:00:00+00:00,24.35,39.51092,25.773388,0.0,0.0,0.0,7.69592,100.784256,1.0,993.3952
2024-05-14 05:00:00+00:00,24.55,39.833084,25.688316,0.0,0.0,0.0,9.659814,116.56499,1.0,965.33044
2024-05-14 06:00:00+00:00,24.3,40.978065,24.694258,0.0,0.0,0.0,11.923557,118.88649,1.0,871.05096
2024-05-14 07:00:00+00:00,23.45,43.998627,23.1542,0.0,0.0,0.0,12.181624,124.159744,1.0,717.5921
2024-05-14 08:00:00+00:00,22.6,46.166767,21.39428,0.0,0.0,0.0,11.384198,124.69522,1.0,520.8469
2024-05-14 09:00:00+00:00,21.35,52.3708,20.376913,0.0,0.0,0.0,9.19939,120.57915,1.0,302.0911
2024-05-14 10:00:00+00:00,19.6,67.41363,19.973577,0.0,0.0,0.0,4.8965297,126.027466,1.0,95.75608
2024-05-14 11:00:00+00:00,16.95,77.5553,16.74985,0.0,0.0,0.0,7.8954163,136.8476,0.0,0.0
2024-05-14 12:00:00+00:00,19.2,69.11175,19.60333,0.0,0.0,0.0,4.6938257,147.52882,0.0,0.0
2024-05-14 13:00:00+00:00,18.85,69.042725,19.555025,0.0,0.0,0.0,1.8,306.86996,0.0,0.0
2024-05-14 14:00:00+00:00,17.9,77.448204,18.75476,0.0,0.0,6.0,2.8116899,320.1945,0.0,0.0
2024-05-14 15:00:00+00:00,15.9,89.0653,16.382877,0.0,2.0,57.0,5.8603754,317.4896,0.0,0.0
2024-05-14 16:00:00+00:00,16.3,89.097206,17.111507,0.0,3.0,99.0,4.6102495,308.65982,0.0,0.0
2024-05-14 17:00:00+00:00,16.0,87.641975,16.810919,0.0,3.0,81.0,3.2399998,270.0,0.0,0.0
2024-05-14 18:00:00+00:00,15.35,90.77377,15.891512,0.0,2.0,56.0,4.8433046,311.98712,0.0,0.0
2024-05-14 19:00:00+00:00,14.3,92.196434,14.407959,0.0,2.0,76.0,5.904439,307.56866,0.0,0.0
2024-05-14 20:00:00+00:00,14.95,83.07149,14.919233,0.0,1.0,20.0,4.6938252,265.60138,0.0,0.0
2024-05-14 21:00:00+00:00,15.0,79.59163,14.848967,0.0,0.0,6.0,4.2136917,289.9832,0.0,0.0
2024-05-14 22:00:00+00:00,13.7,89.7699,13.591724,0.0,0.0,6.0,5.1165614,309.28937,1.0,67.5706
2024-05-14 23:00:00+00:00,16.75,77.01881,17.280901,0.0,3.0,93.0,2.1897945,279.46225,1.0,254.22841
2024-05-15 00:00:00+00:00,18.85,72.02934,19.938223,0.0,3.0,100.0,0.71999997,360.0,1.0,468.74826
2024-05-15 01:00:00+00:00,21.35,66.47412,22.963057,0.0,3.0,100.0,1.484318,14.036275,1.0,656.81274
2024-05-15 02:00:00+00:00,22.75,63.63938,24.782835,0.0,3.0,99.0,1.609969,63.435013,1.0,657.4079
2024-05-15 03:00:00+00:00,24.2,60.398174,27.057648,0.0,3.0,85.0,2.5455842,98.13002,1.0,752.41504
2024-05-15 04:00:00+00:00,26.0,53.56767,29.779152,0.0,3.0,86.0,5.1919937,123.690094,1.0,961.07855
2024-05-15 05:00:00+00:00,26.85,50.46141,30.026234,0.0,3.0,99.0,7.42159,129.09386,1.0,914.4114
2024-05-15 06:00:00+00:00,26.95,50.973778,29.534027,0.0,3.0,92.0,8.714677,128.2902,1.0,813.26733
2024-05-15 07:00:00+00:00,27.05,50.837273,29.143044,0.0,3.0,89.0,7.289445,122.90524,1.0,666.6885
2024-05-15 08:00:00+00:00,26.55,50.869717,27.340149,0.0,1.0,39.0,7.7879906,123.6901,1.0,480.61658
2024-05-15 09:00:00+00:00,25.55,57.161434,26.896992,0.0,3.0,81.0,6.1305785,130.23628,1.0,283.0718
2024-05-15 10:00:00+00:00,23.25,68.58267,25.045422,0.0,3.0,86.0,5.0911684,135.0001,1.0,80.10247
2024-05-15 11:00:00+00:00,19.9,79.00162,20.796848,0.0,1.0,32.0,8.4042845,170.13426,0.0,0.0
2024-05-15 12:00:00+00:00,22.5,62.77253,23.345772,0.0,3.0,85.0,5.771239,183.57626,0.0,0.0
2024-05-15 13:00:00+00:00,21.8,68.9542,23.532671,0.0,1.0,48.0,1.835647,168.69011,0.0,0.0
2024-05-15 14:00:00+00:00,21.2,72.91684,23.024656,0.0,0.0,0.0,2.0364676,135.0001,0.0,0.0
2024-05-15 15:00:00+00:00,19.95,82.60376,22.266277,0.0,0.0,0.0,0.8049845,333.43503,0.0,0.0
2024-05-15 16:00:00+00:00,19.1,88.19403,21.453394,0.0,0.0,0.0,1.1384199,288.43503,0.0,0.0
2024-05-15 17:00:00+00:00,19.35,86.5571,21.14743,0.0,0.0,5.0,4.802999,102.99462,0.0,0.0
2024-05-15 18:00:00+00:00,15.95,82.379745,15.623522,0.0,1.0,21.0,8.647496,87.614105,0.0,0.0
2024-05-15 19:00:00+00:00,18.6,74.3611,19.283813,0.0,1.0,26.0,4.1046314,105.25517,0.0,0.0
2024-05-15 20:00:00+00:00,18.1,78.997475,19.048138,0.0,1.0,38.0,3.4152596,108.43504,0.0,0.0
2024-05-15 21:00:00+00:00,17.9,78.96875,18.936905,0.0,0.0,10.0,2.3051248,141.34016,0.0,0.0
2024-05-15 22:00:00+00:00,17.75,73.25254,18.399382,0.0,1.0,33.0,1.835647,101.3099,1.0,60.671635
2024-05-15 23:00:00+00:00,18.05,70.484924,18.603968,0.0,3.0,95.0,1.8,90.0,1.0,230.89429
2024-05-16 00:00:00+00:00,19.1,62.002895,18.926588,0.0,3.0,100.0,4.6800003,67.3801,1.0,440.5254
2024-05-16 01:00:00+00:00,20.85,56.003662,20.190325,0.0,3.0,100.0,8.225035,66.80139,1.0,615.9995
2024-05-16 02:00:00+00:00,21.9,51.996796,21.989067,0.0,2.0,76.0,9.531505,79.11452,1.0,774.7633
2024-05-16 03:00:00+00:00,22.55,45.237747,22.767385,0.0,3.0,93.0,10.853866,84.2895,1.0,892.84827
2024-05-16 04:00:00+00:00,23.15,37.608265,23.09686,0.0,2.0,67.0,10.495713,84.093956,1.0,911.6059
2024-05-16 05:00:00+00:00,23.55,34.28753,23.408995,0.0,3.0,87.0,10.799999,90.0,1.0,921.31866
2024-05-16 06:00:00+00:00,23.85,33.214783,23.46534,0.0,3.0,99.0,11.252519,97.35229,1.0,873.1597
2024-05-16 07:00:00+00:00,23.65,32.368126,22.341215,0.0,3.0,100.0,10.661107,101.68935,1.0,695.12756
2024-05-16 08:00:00+00:00,22.55,37.822792,20.454437,0.0,3.0,100.0,9.83268,113.749504,1.0,414.49622
2024-05-16 09:00:00+00:00,21.3,46.42858,20.163895,0.0,3.0,100.0,6.638072,130.60121,1.0,248.47543
2024-05-16 10:00:00+00:00,19.3,64.12422,19.351023,0.0,1.0,29.0,4.6800003,157.3801,1.0,93.549995
2024-05-16 11:00:00+00:00,17.4,64.34242,16.57975,0.0,1.0,32.0,6.9247384,152.10283,0.0,0.0
2024-05-16 12:00:00+00:00,18.7,59.890038,18.413969,0.0,3.0,100.0,3.563818,135.0001,0.0,0.0
2024-05-16 13:00:00+00:00,18.45,73.375694,19.110073,0.0,2.0,66.0,3.4152596,108.43504,0.0,0.0
2024-05-16 14:00:00+00:00,17.75,77.67708,18.874178,0.0,3.0,100.0,0.71999997,90.0,0.0,0.0
2024-05-16 15:00:00+00:00,16.85,85.4825,17.812685,0.0,3.0,95.0,3.319036,310.60123,0.0,0.0
2024-05-16 16:00:00+00:00,15.0,91.63964,15.43449,0.0,3.0,97.0,5.0911684,315.0001,0.0,0.0
2024-05-16 17:00:00+00:00,15.1,92.54271,15.753513,0.0,3.0,100.0,4.198285,300.96368,0.0,0.0
2024-05-16 18:00:00+00:00,15.1,93.1449,15.789406,0.0,3.0,91.0,4.198285,329.03632,0.0,0.0
2024-05-16 19:00:00+00:00,13.2,96.46798,13.10412,0.0,0.0,7.0,6.379216,286.38962,0.0,0.0
2024-05-16 20:00:00+00:00,12.45,96.76584,11.978764,0.0,0.0,19.0,7.386582,313.0251,0.0,0.0
2024-05-16 21:00:00+00:00,13.15,94.897224,13.005289,0.0,0.0,9.0,6.0347,287.3541,0.0,0.0
2024-05-16 22:00:00+00:00,13.95,90.38043,14.089363,0.0,1.0,24.0,4.198285,300.96368,1.0,68.956345
2024-05-16 23:00:00+00:00,16.6,77.75599,16.76578,0.0,0.0,15.0,4.6938257,302.47116,1.0,248.92953
2024-05-17 00:00:00+00:00,19.05,65.13078,19.099115,0.0,2.0,68.0,4.6938257,302.47116,1.0,448.73633
2024-05-17 01:00:00+00:00,21.15,49.43913,20.878262,0.0,3.0,88.0,4.0249224,296.56497,1.0,665.4518
2024-05-17 02:00:00+00:00,23.25,52.00758,25.051115,0.0,3.0,98.0,3.396233,302.00534,1.0,823.1385
2024-05-17 03:00:00+00:00,24.55,58.581345,28.07964,0.0,2.0,73.0,2.0991426,210.96368,1.0,854.29535
2024-05-17 04:00:00+00:00,25.85,56.871754,30.283218,0.0,2.0,59.0,3.4152596,198.43504,1.0,958.0436
2024-05-17 05:00:00+00:00,26.75,50.921776,30.928204,0.0,2.0,77.0,3.671294,191.30989,1.0,954.69574
2024-05-17 06:00:00+00:00,27.35,47.915276,30.414425,0.0,2.0,54.0,4.73506,171.25392,1.0,813.46967
2024-05-17 07:00:00+00:00,27.6,49.22487,29.960892,0.0,3.0,80.0,6.489992,146.3099,1.0,687.08386
2024-05-17 08:00:00+00:00,26.55,59.42652,27.687094,0.0,2.0,52.0,12.413477,119.53869,1.0,480.22162
2024-05-17 09:00:00+00:00,24.8,66.13507,25.8893,0.0,0.0,4.0,12.641076,109.98319,1.0,276.764
2024-05-17 10:00:00+00:00,23.25,71.905945,25.113789,0.0,0.0,0.0,6.8777895,132.87889,1.0,94.106804
2024-05-17 11:00:00+00:00,20.35,86.10929,22.190216,0.0,1.0,32.0,7.208994,177.13765,0.0,0.0
2024-05-17 12:00:00+00:00,22.0,78.06287,24.75526,0.0,3.0,83.0,1.08,180.0,0.0,0.0
2024-05-17 13:00:00+00:00,21.45,80.2249,24.244045,0.0,3.0,100.0,0.5091169,315.0001,0.0,0.0
2024-05-17 14:00:00+00:00,19.7,87.69031,21.729967,0.0,3.0,100.0,4.8433046,311.98712,0.0,0.0
2024-05-17 15:00:00+00:00,19.65,89.35915,21.783136,0.0,3.0,100.0,4.8965297,306.02747,0.0,0.0
2024-05-17 16:00:00+00:00,19.2,94.233986,21.514086,0.0,3.0,91.0,4.8965297,306.02747,0.0,0.0
2024-05-17 17:00:00+00:00,19.15,95.42129,21.532896,0.0,3.0,99.0,4.8965297,306.02747,0.0,0.0
2024-05-17 18:00:00+00:00,17.85,97.510254,19.70148,0.0,3.0,96.0,5.6233797,309.8055,0.0,0.0
2024-05-17 19:00:00+00:00,16.65,98.73673,17.804628,0.0,3.0,100.0,7.491114,305.21768,0.0,0.0
2024-05-17 20:00:00+00:00,16.75,99.051926,18.185522,0.0,3.0,99.0,5.991594,302.7352,0.0,0.0
2024-05-17 21:00:00+00:00,16.25,99.364624,17.471035,0.0,3.0,99.0,6.193674,305.53775,0.0,0.0
2024-05-17 22:00:00+00:00,17.9,97.511215,19.908894,0.0,3.0,82.0,4.6938257,302.47116,1.0,62.260807
2024-05-17 23:00:00+00:00,19.8,89.09015,21.962551,0.0,1.0,20.0,5.00128,300.25635,1.0,225.74637
2024-05-18 00:00:00+00:00,22.2,80.07461,24.819395,0.0,0.0,9.0,3.8939953,303.6901,1.0,449.6795
2024-05-18 01:00:00+00:00,24.35,72.10293,27.737722,0.0,0.0,14.0,1.4399999,270.0,1.0,657.38025
2024-05-18 02:00:00+00:00,26.05,68.0634,31.021431,0.0,0.0,1.0,0.71999997,90.0,1.0,805.79565
2024-05-18 03:00:00+00:00,27.75,61.9734,32.934433,0.0,3.0,98.0,5.00128,120.256355,1.0,926.0449
2024-05-18 04:00:00+00:00,28.55,59.704346,33.17959,0.0,3.0,100.0,10.144082,117.47435,1.0,953.0002
2024-05-18 05:00:00+00:00,28.15,59.61201,31.249954,0.0,3.0,100.0,14.345898,107.52566,1.0,822.41986
2024-05-18 06:00:00+00:00,27.9,59.000435,30.660847,0.0,3.0,100.0,14.759999,102.680374,1.0,783.19617
2024-05-18 07:00:00+00:00,27.65,58.39227,29.705204,0.0,3.0,99.0,14.205182,98.74608,1.0,649.8317
2024-05-18 08:00:00+00:00,26.9,62.170464,28.36908,0.0,1.0,22.0,13.202726,101.003494,1.0,437.32678
2024-05-18 09:00:00+00:00,25.85,68.44787,27.716106,0.0,3.0,100.0,12.313893,105.25517,1.0,265.42203
2024-05-18 10:00:00+00:00,24.65,73.28679,27.192442,0.0,3.0,100.0,7.5170207,106.699326,1.0,87.24272
2024-05-18 11:00:00+00:00,22.85,82.43603,25.744242,0.0,3.0,100.0,5.6233797,129.80553,0.0,0.0
2024-05-18 12:00:00+00:00,23.7,77.10416,26.76578,0.0,3.0,100.0,3.6,143.13002,0.0,0.0
2024-05-18 13:00:00+00:00,23.3,77.284004,26.186775,0.0,3.0,100.0,3.671294,101.3099,0.0,0.0
2024-05-18 14:00:00+00:00,22.75,80.1487,26.030611,0.0,1.0,33.0,1.1384199,288.43503,0.0,0.0
2024-05-18 15:00:00+00:00,22.0,83.62756,25.044773,0.0,1.0,30.0,2.5959969,326.3099,0.0,0.0
2024-05-18 16:00:00+00:00,20.15,91.3781,22.70306,0.0,3.0,83.0,4.6800003,292.6199,0.0,0.0
2024-05-18 17:00:00+00:00,19.2,95.72231,21.629038,0.0,3.0,100.0,4.8965297,323.97253,0.0,0.0
2024-05-18 18:00:00+00:00,19.0,96.31786,21.367716,0.0,3.0,100.0,5.00128,300.25635,0.0,0.0
2024-05-18 19:00:00+00:00,18.9,96.61759,21.301815,0.0,3.0,100.0,4.6102495,321.34018,0.0,0.0
2024-05-18 20:00:00+00:00,17.7,99.37166,19.656984,0.0,3.0,99.0,5.3517847,312.27362,0.0,0.0
2024-05-18 21:00:00+00:00,17.15,100.0,18.726702,0.0,3.0,100.0,6.6185193,292.3802,0.0,0.0
2024-05-18 22:00:00+00:00,18.6,100.0,20.959824,0.0,3.0,100.0,5.692099,304.69522,1.0,61.605698
2024-05-18 23:00:00+00:00,20.35,93.99005,23.210606,0.0,3.0,100.0,4.6938257,302.47116,1.0,191.33139
2024-05-19 00:00:00+00:00,22.4,83.41322,25.540401,0.0,3.0,100.0,3.096837,305.53775,1.0,321.01743
2024-05-19 01:00:00+00:00,25.25,68.54379,28.121319,0.0,3.0,100.0,3.6,53.13002,1.0,615.5046
2024-05-19 02:00:00+00:00,26.9,60.826466,30.147095,0.0,3.0,100.0,6.924738,98.97255,1.0,773.3849
2024-05-19 03:00:00+00:00,28.0,55.273834,30.98122,0.0,3.0,100.0,9.107359,108.43504,1.0,804.26984
2024-05-19 04:00:00+00:00,29.05,49.91946,31.532799,0.0,3.0,100.0,12.496719,101.63361,1.0,845.9972
2024-05-19 05:00:00+00:00,28.8,51.451736,30.172607,0.0,3.0,100.0,13.779114,109.85531,1.0,641.11615
2024-05-19 06:00:00+00:00,28.05,55.80862,29.060284,0.0,3.0,100.0,15.379206,106.31393,1.0,551.63275
2024-05-19 07:00:00+00:00,26.65,60.200813,27.721703,0.0,3.0,100.0,13.527572,115.20109,1.0,424.503
2024-05-19 08:00:00+00:00,25.75,62.108814,26.917103,0.0,3.0,100.0,11.792404,121.26367,1.0,264.94016
2024-05-19 09:00:00+00:00,24.85,64.50168,26.217567,0.0,3.0,100.0,9.659814,116.56499,1.0,155.8588
2024-05-19 10:00:00+00:00,23.75,68.68072,25.7177,0.0,3.0,100.0,5.3999996,126.86998,1.0,38.422234
2024-05-19 11:00:00+00:00,22.65,76.70351,25.134367,0.0,3.0,100.0,4.0249224,153.43501,0.0,0.0
2024-05-19 12:00:00+00:00,22.4,81.108055,25.227186,0.0,3.0,100.0,3.7585104,163.30067,0.0,0.0
2024-05-19 13:00:00+00:00,22.8,71.59843,25.046558,0.0,3.0,100.0,2.7416782,156.80138,0.0,0.0
2024-05-19 14:00:00+00:00,22.65,72.024925,25.169765,0.0,3.0,100.0,0.71999997,360.0,0.0,0.0
2024-05-19 15:00:00+00:00,21.55,82.020935,24.138226,0.0,3.0,100.0,3.319036,319.39877,0.0,0.0
2024-05-19 16:00:00+00:00,21.65,80.50422,24.179241,0.0,3.0,100.0,3.096837,305.53775,0.0,0.0
2024-05-19 17:00:00+00:00,21.3,81.476395,23.598814,0.9,53.0,100.0,4.2136917,289.9832,0.0,0.0
2024-05-19 18:00:00+00:00,20.75,91.70052,23.927307,0.9,53.0,100.0,2.52,270.0,0.0,0.0
2024-05-19 19:00:00+00:00,20.65,89.7152,23.664309,1.6,61.0,100.0,2.16,270.0,0.0,0.0
2024-05-19 20:00:00+00:00,20.3,91.95986,23.204708,1.1,55.0,100.0,3.0758414,290.55612,0.0,0.0
2024-05-19 21:00:00+00:00,20.45,92.543495,23.603249,0.7,53.0,100.0,2.1897945,279.46225,0.0,0.0
2024-05-19 22:00:00+00:00,20.7,89.99925,23.757376,0.4,51.0,100.0,2.1897945,279.46225,1.0,23.234804
2024-05-19 23:00:00+00:00,21.1,86.99432,23.982063,0.1,51.0,100.0,2.9024127,240.2552,1.0,86.308586
2024-05-20 00:00:00+00:00,21.35,87.83434,24.526613,0.1,51.0,100.0,2.1897945,260.53775,1.0,84.75165
2024-05-20 01:00:00+00:00,23.25,82.99579,26.951902,0.0,3.0,100.0,1.8,233.13002,1.0,389.95288
2024-05-20 02:00:00+00:00,23.95,81.557144,27.952969,0.0,3.0,100.0,1.1384199,71.564964,1.0,258.48447
2024-05-20 03:00:00+00:00,24.0,83.33878,27.664654,0.6,53.0,100.0,4.896529,107.10281,1.0,160.22342
2024-05-20 04:00:00+00:00,24.0,84.36842,27.586681,0.2,51.0,100.0,6.162207,96.70974,1.0,183.73943
2024-05-20 05:00:00+00:00,24.0,83.85222,27.183977,0.0,3.0,100.0,8.557102,75.37909,1.0,165.68166
2024-05-20 06:00:00+00:00,24.15,80.83219,26.916588,0.0,3.0,100.0,9.793058,72.89719,1.0,212.70628
2024-05-20 07:00:00+00:00,24.0,79.57509,26.392319,0.1,51.0,100.0,10.948973,62.59251,1.0,191.75832
2024-05-20 08:00:00+00:00,23.35,80.97861,26.011787,0.3,51.0,100.0,7.8954163,65.77226,1.0,108.79026
2024-05-20 09:00:00+00:00,22.65,81.90115,25.429949,0.8,53.0,100.0,5.3999996,90.0,1.0,52.274418
2024-05-20 10:00:00+00:00,21.9,88.97757,25.445345,0.8,53.0,100.0,2.1897945,80.53775,1.0,10.956562
2024-05-20 11:00:00+00:00,21.55,92.032715,25.326742,0.3,51.0,100.0,1.2979984,236.3099,0.0,0.0
2024-05-20 12:00:00+00:00,21.3,90.88459,24.669239,2.4,61.0,100.0,2.5455842,278.13,0.0,0.0
2024-05-20 13:00:00+00:00,21.6,92.0356,25.259378,2.9,63.0,100.0,2.2768397,71.564964,0.0,0.0
2024-05-20 14:00:00+00:00,21.65,88.13355,24.944895,1.3,61.0,100.0,2.5455842,315.0001,0.0,0.0
2024-05-20 15:00:00+00:00,21.25,90.318886,24.329502,0.9,53.0,100.0,4.0249224,296.56497,0.0,0.0
2024-05-20 16:00:00+00:00,21.0,92.00073,24.143173,1.7,61.0,100.0,3.7585104,286.6993,0.0,0.0
2024-05-20 17:00:00+00:00,20.9,92.56798,24.066374,1.6,61.0,100.0,3.6,306.86996,0.0,0.0
2024-05-20 18:00:00+00:00,20.85,93.141655,23.69707,2.9,63.0,100.0,5.95906,295.01685,0.0,0.0
2024-05-20 19:00:00+00:00,20.75,93.42619,23.758993,1.6,61.0,100.0,4.6800003,292.6199,0.0,0.0
2024-05-20 20:00:00+00:00,20.7,92.84522,23.635393,0.4,51.0,100.0,4.6800003,292.6199,0.0,0.0
2024-05-20 21:00:00+00:00,20.6,92.55167,23.579485,0.7,53.0,100.0,3.8773184,291.80148,0.0,0.0
2024-05-20 22:00:00+00:00,20.75,91.98617,23.799364,0.7,53.0,100.0,3.563818,315.0001,1.0,11.508174
2024-05-20 23:00:00+00:00,21.05,90.586105,24.145138,0.2,51.0,100.0,3.4152596,288.43503,1.0,36.729183
2024-05-21 00:00:00+00:00,21.25,90.88128,24.385881,0.5,53.0,100.0,3.9763298,275.19434,1.0,64.13673
2024-05-21 01:00:00+00:00,21.95,90.08884,24.996098,0.6,53.0,100.0,6.4799995,270.0,1.0,122.81918
2024-05-21 02:00:00+00:00,21.8,90.91746,25.152542,6.3,63.0,100.0,4.379589,260.53775,1.0,71.076035
2024-05-21 03:00:00+00:00,21.9,91.20508,25.203426,2.3,61.0,100.0,5.2416787,285.94547,1.0,82.18982
2024-05-21 04:00:00+00:00,22.15,91.502335,25.637875,2.0,61.0,100.0,5.04,270.0,1.0,85.81393
2024-05-21 05:00:00+00:00,22.45,91.802246,26.142853,5.6,63.0,100.0,4.8965297,306.02747,1.0,116.67151
2024-05-21 06:00:00+00:00,22.6,92.943726,26.522305,6.2,63.0,100.0,4.6102495,308.65982,1.0,79.775734
2024-05-21 07:00:00+00:00,22.95,89.608215,26.964249,3.2,63.0,100.0,3.0547013,315.0001,1.0,115.99688
2024-05-21 08:00:00+00:00,22.8,92.67011,26.841658,3.4,63.0,100.0,4.3498964,294.44394,1.0,57.01285
2024-05-21 09:00:00+00:00,22.9,92.110306,27.130432,1.5,61.0,100.0,3.0547013,315.0001,1.0,57.022316
2024-05-21 10:00:00+00:00,22.55,94.0864,26.780807,0.8,53.0,100.0,3.0547013,315.0001,1.0,16.234291
2024-05-21 11:00:00+00:00,22.1,94.64597,26.05197,0.3,51.0,100.0,3.671294,348.6901,0.0,0.0
2024-05-21 12:00:00+00:00,22.1,91.21779,25.786863,0.2,51.0,100.0,3.319036,347.4712,0.0,0.0
2024-05-21 13:00:00+00:00,22.1,95.81351,26.246588,2.9,63.0,100.0,3.0758414,290.55612,0.0,0.0
2024-05-21 14:00:00+00:00,22.65,86.066216,26.191734,3.1,63.0,100.0,2.9024127,352.87506,0.0,0.0
2024-05-21 15:00:00+00:00,21.7,92.61124,25.373732,3.2,63.0,100.0,2.8799999,270.0,0.0,0.0
2024-05-21 16:00:00+00:00,21.4,91.73966,24.740139,2.6,63.0,100.0,3.6,323.13,0.0,0.0
2024-05-21 17:00:00+00:00,21.05,90.02447,24.099283,3.5,63.0,100.0,3.396233,327.99466,0.0,0.0
2024-05-21 18:00:00+00:00,20.45,91.11221,23.283434,5.7,63.0,100.0,3.563818,315.0001,0.0,0.0
2024-05-21 19:00:00+00:00,20.3,90.53488,23.060041,4.0,63.0,100.0,3.2599385,276.3401,0.0,0.0
2024-05-21 20:00:00+00:00,20.65,86.13873,23.294956,2.4,61.0,100.0,2.6208394,285.94547,0.0,0.0
2024-05-21 21:00:00+00:00,20.2,91.66718,22.9844,2.5,63.0,100.0,3.4152596,198.43504,0.0,0.0
2024-05-21 22:00:00+00:00,20.2,91.66718,23.130278,2.4,61.0,100.0,2.4149535,153.43501,1.0,8.554485
2024-05-21 23:00:00+00:00,20.25,91.384346,23.153837,3.0,63.0,100.0,2.5959969,213.6901,1.0,29.62178
2024-05-22 00:00:00+00:00,20.5,86.66649,23.399471,2.5,63.0,100.0,0.71999997,270.0,1.0,33.867462
2024-05-22 01:00:00+00:00,21.6,88.67825,24.867512,1.1,55.0,100.0,2.9024127,209.7448,1.0,185.88057
2024-05-22 02:00:00+00:00,22.2,84.96076,25.683592,0.7,53.0,100.0,1.08,270.0,1.0,237.97504
2024-05-22 03:00:00+00:00,22.2,87.63599,25.900274,0.7,53.0,100.0,1.2979984,123.690094,1.0,200.78752
2024-05-22 04:00:00+00:00,23.35,81.98754,26.779638,0.2,51.0,100.0,3.319036,77.4712,1.0,368.50342
2024-05-22 05:00:00+00:00,24.05,78.604126,27.24886,0.1,51.0,100.0,4.896529,72.89719,1.0,365.72794
2024-05-22 06:00:00+00:00,23.7,81.525764,26.846373,0.1,51.0,100.0,6.1305785,130.23628,1.0,192.818
2024-05-22 07:00:00+00:00,23.65,83.298676,26.62079,1.9,61.0,100.0,8.39657,149.03632,1.0,243.92787
2024-05-22 08:00:00+00:00,22.65,88.489746,25.826963,0.9,53.0,100.0,6.9899354,168.11136,1.0,85.56019
2024-05-22 09:00:00+00:00,22.25,90.6672,25.415262,0.3,51.0,100.0,7.072878,165.2564,1.0,75.856735
2024-05-22 10:00:00+00:00,21.95,90.92724,25.27533,0.0,3.0,100.0,5.0911684,171.86998,1.0,37.88625
2024-05-22 11:00:00+00:00,21.4,92.59507,24.815807,0.0,3.0,100.0,3.6,180.0,0.0,0.0
2024-05-22 12:00:00+00:00,20.85,93.72118,24.067549,0.0,3.0,100.0,3.7585104,163.30067,0.0,0.0
2024-05-22 13:00:00+00:00,20.85,91.70655,23.877916,0.1,51.0,100.0,3.8773184,158.19853,0.0,0.0
2024-05-22 14:00:00+00:00,20.55,94.87843,23.884136,0.1,51.0,100.0,2.6208394,164.05453,0.0,0.0
2024-05-22 15:00:00+00:00,20.2,95.7541,23.345787,0.1,51.0,100.0,3.2399998,180.0,0.0,0.0
2024-05-22 16:00:00+00:00,20.2,94.86513,23.312313,0.4,51.0,100.0,2.968636,194.03627,0.0,0.0
2024-05-22 17:00:00+00:00,20.85,89.172195,23.964104,0.4,51.0,100.0,1.8,180.0,0.0,0.0
2024-05-22 18:00:00+00:00,20.1,94.86132,23.071945,0.4,51.0,100.0,3.6,233.13002,0.0,0.0
2024-05-22 19:00:00+00:00,20.4,91.67936,23.398369,1.1,55.0,100.0,2.5959969,236.3099,0.0,0.0
2024-05-22 20:00:00+00:00,19.95,94.56033,22.875698,2.8,63.0,100.0,3.2599385,276.3401,0.0,0.0
2024-05-22 21:00:00+00:00,20.45,91.11221,23.471119,2.3,61.0,100.0,2.2768397,251.56496,0.0,0.0
2024-05-22 22:00:00+00:00,20.75,90.002846,23.888,0.6,53.0,100.0,1.8,233.13002,1.0,19.793888
2024-05-22 23:00:00+00:00,20.85,92.85305,24.205252,0.3,51.0,100.0,2.3051248,231.34016,1.0,53.52651
2024-05-23 00:00:00+00:00,21.15,91.44055,24.396275,0.9,53.0,100.0,3.219938,206.56499,1.0,94.30311
2024-05-23 01:00:00+00:00,22.35,87.10879,25.882439,0.4,51.0,100.0,2.6208394,164.05453,1.0,262.43588
2024-05-23 02:00:00+00:00,22.1,90.099495,25.747652,0.9,53.0,100.0,2.8799999,180.0,1.0,170.12187
2024-05-23 03:00:00+00:00,21.95,90.647026,25.522583,0.5,53.0,100.0,3.219938,206.56499,1.0,116.5167
2024-05-23 04:00:00+00:00,22.55,87.39644,26.011702,0.3,51.0,100.0,3.9763298,174.80566,1.0,272.59872
2024-05-23 05:00:00+00:00,23.0,84.5207,26.357899,0.3,51.0,100.0,4.3349743,184.76355,1.0,318.68765
2024-05-23 06:00:00+00:00,22.3,89.28405,25.960238,1.3,61.0,100.0,2.968636,165.96373,1.0,143.44617
2024-05-23 07:00:00+00:00,21.95,92.05581,25.7212,3.0,63.0,100.0,2.7416782,113.19862,1.0,55.742588
2024-05-23 08:00:00+00:00,21.9,92.9077,25.860615,3.2,63.0,100.0,1.8,143.13002,1.0,51.879242
2024-05-23 09:00:00+00:00,22.05,93.2016,26.071766,1.6,61.0,100.0,2.0991426,149.03632,1.0,54.021202
2024-05-23 10:00:00+00:00,21.7,94.921745,25.649715,1.8,61.0,100.0,2.4149535,63.435013,1.0,14.060781
2024-05-23 11:00:00+00:00,22.15,89.54865,25.90925,1.1,55.0,100.0,1.9386592,201.80147,0.0,0.0
2024-05-23 12:00:00+00:00,22.05,90.653786,25.954111,0.3,51.0,100.0,1.2979984,33.6901,0.0,0.0
2024-05-23 13:00:00+00:00,22.05,92.0616,26.010471,0.0,3.0,100.0,1.8,126.86999,0.0,0.0
2024-05-23 14:00:00+00:00,21.45,94.62027,25.162653,0.0,3.0,100.0,2.968636,104.03627,0.0,0.0
2024-05-23 15:00:00+00:00,20.65,97.56226,24.01006,0.1,51.0,100.0,4.3349743,94.76356,0.0,0.0
2024-05-23 16:00:00+00:00,20.7,97.86488,24.207874,0.1,51.0,100.0,3.671294,101.3099,0.0,0.0
2024-05-23 17:00:00+00:00,21.1,95.4872,24.722925,0.1,51.0,100.0,2.8799999,90.0,0.0,0.0
2024-05-23 18:00:00+00:00,21.45,93.74877,25.186214,0.2,51.0,100.0,2.2768397,71.564964,0.0,0.0
2024-05-23 19:00:00+00:00,21.45,93.45986,25.276155,0.5,53.0,100.0,1.484318,75.96373,0.0,0.0
2024-05-23 20:00:00+00:00,21.35,93.455086,25.15235,0.2,51.0,100.0,1.2979984,33.6901,0.0,0.0
2024-05-23 21:00:00+00:00,21.3,93.4527,25.056255,0.0,3.0,100.0,1.4399999,360.0,0.0,0.0
2024-05-23 22:00:00+00:00,21.1,97.2704,25.245295,0.0,3.0,100.0,0.35999998,270.0,1.0,36.472477
2024-05-23 23:00:00+00:00,21.7,93.47184,25.722775,0.0,3.0,100.0,1.0182338,315.0001,1.0,111.13361
2024-05-24 00:00:00+00:00,22.65,88.489746,26.68031,0.0,3.0,100.0,1.1384199,341.56494,1.0,227.20041
2024-05-24 01:00:00+00:00,23.4,86.40428,27.295366,0.0,3.0,100.0,3.319036,139.39879,1.0,278.1551
2024-05-24 02:00:00+00:00,24.7,81.6508,29.099213,0.1,51.0,100.0,1.1384199,108.43504,1.0,454.34213
2024-05-24 03:00:00+00:00,25.35,79.759026,29.451794,0.0,3.0,100.0,4.1046314,105.25517,1.0,451.49533
2024-05-24 04:00:00+00:00,26.3,77.96705,30.7248,0.0,3.0,93.0,3.9763298,84.805664,1.0,552.2816
2024-05-24 05:00:00+00:00,27.45,74.66392,33.5658,0.0,3.0,99.0,3.2399998,90.0,1.0,742.3545
2024-05-24 06:00:00+00:00,28.1,72.98108,34.61541,0.0,3.0,100.0,3.0547013,135.0001,1.0,751.5356
2024-05-24 07:00:00+00:00,28.75,70.27509,33.51154,0.0,3.0,100.0,4.198285,149.03632,1.0,424.11383
2024-05-24 08:00:00+00:00,27.8,74.04469,31.87635,0.0,3.0,100.0,8.707237,150.2552,1.0,237.89139
2024-05-24 09:00:00+00:00,27.1,79.033295,31.78997,0.0,3.0,100.0,6.12,118.072395,1.0,137.9469
2024-05-24 10:00:00+00:00,26.05,85.61492,30.86298,0.0,3.0,100.0,6.519877,96.340096,1.0,44.15956
2024-05-24 11:00:00+00:00,24.7,90.00899,29.209568,0.0,3.0,100.0,6.5693827,99.46225,0.0,0.0
2024-05-24 12:00:00+00:00,23.85,93.007454,28.301922,0.0,3.0,100.0,5.771239,93.57626,0.0,0.0
2024-05-24 13:00:00+00:00,23.7,94.99579,28.427692,0.0,3.0,100.0,4.68,90.0,0.0,0.0
2024-05-24 14:00:00+00:00,23.15,96.723076,27.715048,0.0,3.0,100.0,4.802999,102.99462,0.0,0.0
2024-05-24 15:00:00+00:00,22.75,97.897354,27.373405,0.0,3.0,100.0,3.6179552,84.2895,0.0,0.0
2024-05-24 16:00:00+00:00,22.15,98.78829,26.448944,0.0,3.0,100.0,4.1046314,74.74483,0.0,0.0
2024-05-24 17:00:00+00:00,22.35,97.89108,26.799854,0.0,3.0,100.0,3.2599385,83.659904,0.0,0.0
2024-05-24 18:00:00+00:00,22.35,97.89108,26.865225,0.0,3.0,100.0,2.8116899,50.194473,0.0,0.0
2024-05-24 19:00:00+00:00,22.5,97.00262,27.04652,0.1,51.0,100.0,2.5959969,123.690094,0.0,0.0
2024-05-24 20:00:00+00:00,22.35,98.79006,27.076803,0.1,51.0,100.0,1.9386592,111.801476,0.0,0.0
2024-05-24 21:00:00+00:00,22.35,98.189926,27.020552,0.0,3.0,100.0,1.9386592,111.801476,0.0,0.0
2024-05-24 22:00:00+00:00,22.6,96.709656,27.142965,0.0,3.0,100.0,2.8116899,129.80553,1.0,27.850086
2024-05-24 23:00:00+00:00,23.0,94.6812,27.496622,0.0,3.0,100.0,3.319036,102.5288,1.0,98.35311
2024-05-25 00:00:00+00:00,23.55,91.58773,27.845505,0.0,3.0,100.0,4.6938257,122.471176,1.0,158.25417
2024-05-25 01:00:00+00:00,24.95,90.57216,29.940586,1.0,55.0,100.0,4.6938257,122.471176,1.0,340.03738
2024-05-25 02:00:00+00:00,25.65,86.61605,30.365383,0.0,3.0,88.0,6.3690495,137.29063,1.0,452.1588
2024-05-25 03:00:00+00:00,27.05,78.78772,32.14022,0.1,51.0,89.0,6.638072,130.60121,1.0,662.6718
2024-05-25 04:00:00+00:00,27.9,74.9635,32.988342,0.1,51.0,99.0,7.42159,129.09386,1.0,663.3663
2024-05-25 05:00:00+00:00,27.1,76.67574,30.940895,0.8,53.0,100.0,9.931042,136.46873,1.0,530.5757
2024-05-25 06:00:00+00:00,25.35,88.173386,30.310112,5.9,63.0,100.0,4.6938252,94.39862,1.0,168.19287
2024-05-25 07:00:00+00:00,25.3,88.70345,30.43922,0.6,53.0,100.0,3.671294,78.6901,1.0,136.225
2024-05-25 08:00:00+00:00,25.85,84.56633,30.742832,0.9,53.0,100.0,4.3349743,94.76356,1.0,225.88501
2024-05-25 09:00:00+00:00,25.35,88.70744,30.214558,0.1,51.0,90.0,5.7599998,90.0,1.0,125.54363
2024-05-25 10:00:00+00:00,25.1,90.3094,30.286873,0.0,3.0,97.0,3.7585104,106.699326,1.0,56.206707
2024-05-25 11:00:00+00:00,23.8,94.99947,28.533756,0.0,3.0,88.0,5.04,90.0,0.0,0.0
2024-05-25 12:00:00+00:00,24.05,93.582695,28.903942,0.1,51.0,47.0,4.2136917,70.01681,0.0,0.0
2024-05-25 13:00:00+00:00,23.95,95.00493,29.00912,0.0,1.0,30.0,3.4152596,108.43504,0.0,0.0
2024-05-25 14:00:00+00:00,24.0,95.87169,29.294155,0.0,1.0,40.0,2.6208394,195.94547,0.0,0.0
2024-05-25 15:00:00+00:00,23.5,98.50253,28.930607,0.0,1.0,38.0,1.484318,165.96373,0.0,0.0
2024-05-25 16:00:00+00:00,22.95,100.0,28.019955,0.0,3.0,100.0,2.7416782,113.19862,0.0,0.0
2024-05-25 17:00:00+00:00,22.6,99.69686,27.466038,0.0,3.0,100.0,2.5455842,98.13002,0.0,0.0
2024-05-25 18:00:00+00:00,22.7,99.6971,27.846436,0.2,51.0,100.0,1.0182338,44.999897,0.0,0.0
2024-05-25 19:00:00+00:00,22.5,99.69666,27.49063,0.0,3.0,100.0,1.2979984,56.309914,0.0,0.0
2024-05-25 20:00:00+00:00,22.25,99.39295,26.5873,0.0,3.0,100.0,4.6102495,128.65984,0.0,0.0
2024-05-25 21:00:00+00:00,22.15,99.09001,26.550476,0.0,3.0,100.0,3.6,126.86999,0.0,0.0
2024-05-25 22:00:00+00:00,22.25,99.39295,26.99193,0.0,3.0,100.0,1.835647,11.3098955,1.0,27.659973
2024-05-25 23:00:00+00:00,23.15,94.68707,28.049168,0.0,3.0,100.0,1.1384199,71.564964,1.0,147.3627
2024-05-26 00:00:00+00:00,24.05,93.86637,29.052616,0.1,51.0,100.0,3.396233,147.99466,1.0,210.12509
2024-05-26 01:00:00+00:00,26.35,84.619194,31.594032,0.0,1.0,30.0,3.9763298,174.80566,1.0,439.05615
2024-05-26 02:00:00+00:00,28.55,75.06781,34.10118,0.0,1.0,46.0,6.489992,213.6901,1.0,694.34674
2024-05-26 03:00:00+00:00,30.1,69.471725,36.86243,0.0,0.0,8.0,4.73506,188.74608,1.0,804.14923
2024-05-26 04:00:00+00:00,31.05,66.99232,38.225937,0.1,51.0,100.0,7.2,180.0,1.0,888.5603
2024-05-26 05:00:00+00:00,29.65,72.58908,34.28091,0.4,51.0,84.0,10.8955765,187.59456,1.0,417.8255
2024-05-26 06:00:00+00:00,29.0,76.96208,34.81523,0.6,53.0,64.0,4.6102495,141.34016,1.0,529.3597
2024-05-26 07:00:00+00:00,29.15,76.75479,34.62094,0.3,51.0,50.0,8.766573,199.17911,1.0,540.4599
2024-05-26 08:00:00+00:00,29.2,74.0529,34.14938,0.1,51.0,43.0,8.287822,182.4895,1.0,402.6225
2024-05-26 09:00:00+00:00,28.6,76.442,33.696407,0.1,51.0,42.0,7.072878,165.2564,1.0,232.50496
2024-05-26 10:00:00+00:00,27.55,82.49368,33.105232,0.6,53.0,24.0,5.0142193,158.96242,1.0,77.27523
2024-05-26 11:00:00+00:00,25.9,88.48464,31.151028,0.0,1.0,22.0,5.1919937,146.3099,0.0,0.0
2024-05-26 12:00:00+00:00,25.2,91.13639,30.07798,0.0,0.0,17.0,6.9153743,128.65984,0.0,0.0
2024-05-26 13:00:00+00:00,24.8,95.60842,30.301643,0.0,0.0,13.0,4.3349743,138.36655,0.0,0.0
2024-05-26 14:00:00+00:00,24.35,96.75192,29.65726,0.0,0.0,6.0,4.6102495,128.65984,0.0,0.0
2024-05-26 15:00:00+00:00,23.6,98.206726,28.608658,0.0,2.0,72.0,4.5820518,135.0001,0.0,0.0
2024-05-26 16:00:00+00:00,23.1,99.09644,27.937424,0.0,3.0,96.0,4.3349743,131.63345,0.0,0.0
2024-05-26 17:00:00+00:00,23.2,99.69822,28.219929,0.0,3.0,96.0,3.8939953,146.3099,0.0,0.0
2024-05-26 18:00:00+00:00,23.1,99.396835,28.115044,0.0,2.0,73.0,3.319036,130.60121,0.0,0.0
2024-05-26 19:00:00+00:00,23.2,99.69822,28.364536,0.0,3.0,100.0,2.9024127,119.74479,0.0,0.0
2024-05-26 20:00:00+00:00,22.9,99.69758,27.827122,0.0,3.0,99.0,3.319036,102.5288,0.0,0.0
2024-05-26 21:00:00+00:00,22.9,99.69758,27.794083,0.0,3.0,100.0,3.5455887,113.962494,0.0,0.0
2024-05-26 22:00:00+00:00,23.5,98.80043,28.862,0.0,3.0,100.0,2.16,90.0,1.0,27.484882
2024-05-26 23:00:00+00:00,24.55,93.888596,29.63984,0.1,51.0,93.0,4.8433046,138.01286,1.0,185.06252
2024-05-27 00:00:00+00:00,26.0,85.352,31.019112,0.0,3.0,97.0,4.6938252,175.60138,1.0,325.94904
2024-05-27 01:00:00+00:00,26.8,84.41262,32.310585,0.0,3.0,97.0,3.8268526,138.81418,1.0,207.11665
2024-05-27 02:00:00+00:00,27.95,79.38876,32.965275,0.3,51.0,57.0,7.6367526,171.86998,1.0,396.13474
2024-05-27 03:00:00+00:00,29.3,73.626305,35.0746,0.1,51.0,97.0,8.647496,182.3859,1.0,726.1273
2024-05-27 04:00:00+00:00,30.1,69.471725,34.90379,0.1,51.0,98.0,11.885453,181.73567,1.0,646.2518
2024-05-27 05:00:00+00:00,29.8,70.46793,34.45029,0.1,51.0,100.0,17.373497,185.94676,1.0,765.09607
2024-05-27 06:00:00+00:00,27.4,83.47094,32.112152,2.7,63.0,100.0,11.013882,168.69011,1.0,319.37164
2024-05-27 07:00:00+00:00,27.8,81.29701,31.878555,0.4,51.0,100.0,15.137133,182.72626,1.0,407.0431
2024-05-27 08:00:00+00:00,26.95,83.92314,31.597397,0.4,51.0,100.0,9.9571085,167.4712,1.0,187.97464
2024-05-27 09:00:00+00:00,26.6,86.18534,31.588425,0.1,51.0,100.0,8.049845,153.43501,1.0,96.716385
2024-05-27 10:00:00+00:00,26.2,85.62978,30.680477,0.1,51.0,100.0,9.422101,173.41815,1.0,43.589745
2024-05-27 11:00:00+00:00,25.5,86.60208,30.087063,0.1,51.0,100.0,6.638072,167.4712,0.0,0.0
2024-05-27 12:00:00+00:00,24.95,89.21385,29.628094,0.0,3.0,100.0,5.815978,158.19853,0.0,0.0
2024-05-27 13:00:00+00:00,24.85,94.184685,30.364426,0.0,3.0,100.0,3.396233,147.99466,0.0,0.0
2024-05-27 14:00:00+00:00,25.4,90.60236,31.079697,0.1,51.0,100.0,1.835647,101.3099,0.0,0.0
2024-05-27 15:00:00+00:00,25.3,91.417336,31.129772,0.7,53.0,100.0,1.0182338,135.0001,0.0,0.0
2024-05-27 16:00:00+00:00,24.4,97.04445,29.943165,0.7,53.0,100.0,3.4152596,198.43504,0.0,0.0
2024-05-27 17:00:00+00:00,24.8,93.61748,30.4026,0.2,51.0,91.0,2.16,180.0,0.0,0.0
2024-05-27 18:00:00+00:00,24.05,97.32964,29.43798,0.0,1.0,39.0,3.219938,26.564985,0.0,0.0
2024-05-27 19:00:00+00:00,24.05,96.16297,29.291115,0.0,3.0,100.0,3.396233,327.99466,0.0,0.0
2024-05-27 20:00:00+00:00,23.6,97.3207,28.412159,0.6,53.0,100.0,5.315336,28.30066,0.0,0.0
2024-05-27 21:00:00+00:00,23.15,97.60732,28.102646,1.1,55.0,100.0,2.7416782,113.19862,0.0,0.0
2024-05-27 22:00:00+00:00,22.95,94.96821,26.95415,0.0,3.0,100.0,6.696387,143.74608,1.0,30.056852
2024-05-27 23:00:00+00:00,22.8,89.87273,26.143528,0.0,3.0,100.0,7.289445,147.09476,1.0,151.26909
2024-05-28 00:00:00+00:00,23.25,87.19031,26.738596,0.0,3.0,99.0,6.1094027,135.0001,1.0,254.64702
2024-05-28 01:00:00+00:00,24.3,85.439575,27.457253,0.2,51.0,100.0,10.966713,113.19862,1.0,336.5241
2024-05-28 02:00:00+00:00,24.55,79.405594,26.988445,0.1,51.0,99.0,12.397806,115.820946,1.0,460.7028
2024-05-28 03:00:00+00:00,24.85,71.299416,26.240608,0.0,3.0,89.0,15.379206,106.31393,1.0,595.0532
2024-05-28 04:00:00+00:00,24.8,68.88531,26.477869,0.0,2.0,69.0,15.379206,106.31393,1.0,686.6725
2024-05-28 05:00:00+00:00,25.0,68.709206,27.038227,0.0,1.0,34.0,13.979871,101.88863,1.0,679.8158
2024-05-28 06:00:00+00:00,24.95,69.12986,26.723515,0.0,2.0,56.0,15.905319,95.19434,1.0,661.6489
2024-05-28 07:00:00+00:00,24.0,63.10554,24.26768,0.0,2.0,78.0,16.946787,102.26476,1.0,583.7193
2024-05-28 08:00:00+00:00,23.05,67.8945,23.546263,0.0,3.0,93.0,12.979984,109.440125,1.0,407.31345
2024-05-28 09:00:00+00:00,22.6,71.788666,22.975866,0.0,1.0,43.0,15.124284,88.6361,1.0,235.34781
2024-05-28 10:00:00+00:00,22.0,74.22267,23.579617,0.0,1.0,32.0,6.725354,105.52418,1.0,96.556755
2024-05-28 11:00:00+00:00,20.3,81.09138,21.837786,0.0,0.0,11.0,6.28713,76.75947,0.0,0.0
2024-05-28 12:00:00+00:00,19.7,78.721214,20.713226,0.0,0.0,3.0,6.9153743,38.65983,0.0,0.0
2024-05-28 13:00:00+00:00,20.1,74.13721,21.08947,0.0,0.0,0.0,5.5887027,104.93147,0.0,0.0
2024-05-28 14:00:00+00:00,21.25,62.898937,22.029081,0.0,0.0,0.0,3.319036,77.4712,0.0,0.0
2024-05-28 15:00:00+00:00,21.1,61.851658,21.811691,0.0,0.0,1.0,2.8116899,50.194473,0.0,0.0
2024-05-28 16:00:00+00:00,20.95,60.42157,21.371859,0.0,0.0,0.0,3.6179552,354.2895,0.0,0.0
2024-05-28 17:00:00+00:00,17.75,76.92371,18.138536,0.0,0.0,0.0,5.3999996,323.13004,0.0,0.0
2024-05-28 18:00:00+00:00,17.3,84.16161,17.974058,0.0,0.0,0.0,5.8048253,299.74478,0.0,0.0
2024-05-28 19:00:00+00:00,17.05,88.01819,17.860369,0.0,0.0,0.0,6.0347,287.3541,0.0,0.0
2024-05-28 20:00:00+00:00,16.55,89.40469,17.20664,0.0,0.0,0.0,6.439876,296.56497,0.0,0.0
2024-05-28 21:00:00+00:00,16.4,89.105156,17.119556,0.0,0.0,0.0,5.495161,301.60745,0.0,0.0
2024-05-28 22:00:00+00:00,17.45,86.09643,18.312855,0.0,0.0,16.0,5.8048253,299.74478,1.0,76.09784
2024-05-28 23:00:00+00:00,19.35,77.668335,20.27485,0.0,1.0,25.0,6.0347,287.3541,1.0,258.89066
2024-05-29 00:00:00+00:00,21.3,63.730865,21.872677,0.0,3.0,98.0,5.3517847,289.6539,1.0,470.546
2024-05-29 01:00:00+00:00,22.8,51.720085,22.737349,0.0,2.0,57.0,7.2,53.13002,1.0,666.2248
2024-05-29 02:00:00+00:00,23.85,45.898964,24.115683,0.0,1.0,24.0,9.9571085,77.4712,1.0,825.578
2024-05-29 03:00:00+00:00,24.45,45.0131,25.479034,0.0,0.0,0.0,10.495713,84.093956,1.0,938.36273
2024-05-29 04:00:00+00:00,24.85,45.27174,26.36225,0.0,0.0,0.0,10.799999,90.0,1.0,980.5732
2024-05-29 05:00:00+00:00,25.05,46.378696,26.637632,0.0,0.0,0.0,11.367109,100.95402,1.0,952.60864
2024-05-29 06:00:00+00:00,24.8,48.79779,26.031702,0.0,0.0,0.0,12.313893,105.25517,1.0,860.45447
2024-05-29 07:00:00+00:00,24.2,54.5013,25.024853,0.0,0.0,0.0,13.009903,104.420815,1.0,712.88983
2024-05-29 08:00:00+00:00,23.4,61.185825,23.864754,0.0,0.0,0.0,11.620809,106.18928,1.0,522.79944
2024-05-29 09:00:00+00:00,22.65,67.16973,23.442305,0.0,0.0,0.0,9.3876505,94.39862,1.0,312.00815
2024-05-29 10:00:00+00:00,21.6,75.101364,23.228487,0.0,0.0,0.0,5.8048253,97.12492,1.0,112.01983
2024-05-29 11:00:00+00:00,19.7,84.96361,21.42458,0.0,0.0,1.0,5.4477882,82.40546,0.0,0.0
2024-05-29 12:00:00+00:00,18.95,86.24437,20.364162,0.0,1.0,20.0,6.1305785,40.236294,0.0,0.0
2024-05-29 13:00:00+00:00,19.95,87.1618,22.094648,0.0,0.0,14.0,4.510787,61.389645,0.0,0.0
2024-05-29 14:00:00+00:00,19.35,89.05467,21.358059,0.0,1.0,21.0,4.6938252,4.398633,0.0,0.0
2024-05-29 15:00:00+00:00,19.2,88.20251,21.130138,0.0,0.0,7.0,4.3349743,318.36655,0.0,0.0
2024-05-29 16:00:00+00:00,18.8,91.871086,20.713865,0.0,3.0,100.0,5.1919937,303.6901,0.0,0.0
2024-05-29 17:00:00+00:00,18.4,93.60661,20.270523,0.0,3.0,100.0,5.1919937,303.6901,0.0,0.0
2024-05-29 18:00:00+00:00,18.2,93.89362,20.033539,0.0,3.0,95.0,5.00128,300.25635,0.0,0.0
2024-05-29 19:00:00+00:00,17.8,95.073296,19.476015,0.0,3.0,87.0,5.495161,301.60745,0.0,0.0
2024-05-29 20:00:00+00:00,17.75,94.17146,19.428581,0.0,3.0,81.0,4.8965297,306.02747,0.0,0.0
2024-05-29 21:00:00+00:00,17.7,94.169304,19.271986,0.0,2.0,76.0,5.4833565,293.1986,0.0,0.0
2024-05-29 22:00:00+00:00,19.35,86.5571,21.43783,0.0,3.0,100.0,2.8116899,230.19447,1.0,70.316696
2024-05-29 23:00:00+00:00,20.1,82.88383,22.35629,0.0,3.0,91.0,1.8,270.0,1.0,135.63466
2024-05-30 00:00:00+00:00,21.25,78.44645,23.543808,0.0,2.0,72.0,2.2768397,288.43503,1.0,247.27806
2024-05-30 01:00:00+00:00,22.7,70.457054,24.927807,0.0,3.0,100.0,1.835647,191.30989,1.0,335.3322
2024-05-30 02:00:00+00:00,23.65,69.75147,25.936403,0.0,3.0,100.0,3.671294,191.30989,1.0,402.55298
2024-05-30 03:00:00+00:00,23.95,71.58203,26.195236,0.0,3.0,100.0,6.130579,183.3664,1.0,347.47
2024-05-30 04:00:00+00:00,25.05,72.2273,28.556492,0.0,3.0,96.0,2.4149535,153.43501,1.0,577.6677
2024-05-30 05:00:00+00:00,26.0,72.61812,30.63179,0.0,3.0,99.0,2.5455842,188.13002,1.0,655.40436
2024-05-30 06:00:00+00:00,26.35,73.35139,30.23389,0.0,3.0,82.0,4.1046314,164.74483,1.0,521.0992
2024-05-30 07:00:00+00:00,26.95,72.56096,30.831573,0.0,3.0,97.0,5.6002855,135.0001,1.0,446.68842
2024-05-30 08:00:00+00:00,26.95,74.355354,30.883183,0.1,51.0,83.0,6.763786,115.20109,1.0,255.87195
2024-05-30 09:00:00+00:00,26.85,75.71081,30.708206,0.0,3.0,91.0,8.049845,116.56499,1.0,208.99535
2024-05-30 10:00:00+00:00,25.9,80.81104,30.015568,0.0,2.0,67.0,6.87779,96.00892,1.0,61.678947
2024-05-30 11:00:00+00:00,24.65,84.180984,28.614796,0.0,1.0,28.0,5.8048253,97.12492,0.0,0.0
2024-05-30 12:00:00+00:00,23.65,88.031006,27.695082,0.0,2.0,64.0,4.32,90.0,0.0,0.0
2024-05-30 13:00:00+00:00,22.95,93.81701,27.556313,1.4,61.0,83.0,1.8,53.13002,0.0,0.0
2024-05-30 14:00:00+00:00,22.8,95.25272,27.48999,0.9,53.0,100.0,1.609969,116.56499,0.0,0.0
2024-05-30 15:00:00+00:00,22.7,95.2492,27.197857,0.0,3.0,100.0,2.5455842,135.0001,0.0,0.0
2024-05-30 16:00:00+00:00,23.25,90.180756,27.808132,0.0,3.0,100.0,0.8049845,296.56497,0.0,0.0
2024-05-30 17:00:00+00:00,23.3,90.184296,27.885422,0.0,3.0,100.0,0.8049845,296.56497,0.0,0.0
2024-05-30 18:00:00+00:00,23.3,90.737366,27.822933,0.0,3.0,91.0,1.609969,26.564985,0.0,0.0
2024-05-30 19:00:00+00:00,22.7,93.23372,26.952856,0.0,1.0,28.0,2.9024127,7.12493,0.0,0.0
2024-05-30 20:00:00+00:00,22.65,92.66212,26.760555,0.0,1.0,31.0,3.319036,347.4712,0.0,0.0
2024-05-30 21:00:00+00:00,22.15,95.22995,26.20098,0.0,1.0,47.0,3.5455887,336.0375,0.0,0.0
2024-05-30 22:00:00+00:00,23.1,93.25339,27.807213,0.0,3.0,89.0,1.2979984,303.6901,1.0,48.465626
2024-05-30 23:00:00+00:00,23.75,93.00237,28.552998,0.0,1.0,21.0,2.968636,14.036275,1.0,156.49683
2024-05-31 00:00:00+00:00,25.3,86.58343,30.262012,0.0,2.0,78.0,3.2599385,353.6599,1.0,418.47336
2024-05-31 01:00:00+00:00,26.3,86.937225,32.18015,0.0,3.0,86.0,1.2979984,123.690094,1.0,544.5908
2024-05-31 02:00:00+00:00,27.25,84.71371,32.941544,0.1,51.0,41.0,4.73506,81.25392,1.0,474.65958
2024-05-31 03:00:00+00:00,28.7,82.383484,36.036663,0.2,51.0,44.0,4.3349743,85.23644,1.0,729.285
2024-05-31 04:00:00+00:00,30.0,78.49517,36.65201,0.1,51.0,57.0,8.905908,75.96373,1.0,666.574
2024-05-31 05:00:00+00:00,31.15,74.152145,39.087723,0.9,53.0,71.0,5.3517847,132.27362,1.0,744.7536
2024-05-31 06:00:00+00:00,32.35,66.25661,38.9188,0.2,51.0,98.0,6.87779,186.00891,1.0,628.6389
2024-05-31 07:00:00+00:00,30.45,72.50991,36.06763,0.7,53.0,100.0,7.4128532,150.9455,1.0,407.42038
2024-05-31 08:00:00+00:00,30.6,72.53571,36.341473,0.2,51.0,99.0,7.2359104,174.2895,1.0,317.58484
2024-05-31 09:00:00+00:00,30.2,75.10609,36.183365,0.0,3.0,97.0,6.489992,160.55988,1.0,192.61336
2024-05-31 10:00:00+00:00,28.8,83.62689,35.260246,0.0,3.0,99.0,5.315336,151.69934,1.0,66.167534
2024-05-31 11:00:00+00:00,27.2,89.38347,33.503216,0.0,3.0,89.0,4.3349743,131.63345,0.0,0.0
2024-05-31 12:00:00+00:00,26.55,91.76652,32.61164,0.0,3.0,100.0,5.0911684,135.0001,0.0,0.0
2024-05-31 13:00:00+00:00,25.8,96.78638,32.325928,0.0,3.0,99.0,2.5959969,326.3099,0.0,0.0
2024-05-31 14:00:00+00:00,25.05,98.814224,31.272888,0.1,51.0,100.0,2.8799999,360.0,0.0,0.0
2024-05-31 15:00:00+00:00,24.95,98.51857,31.044266,5.4,63.0,100.0,3.096837,35.537766,0.0,0.0
2024-05-31 16:00:00+00:00,24.8,97.63635,30.964783,3.0,63.0,100.0,1.2979984,146.3099,0.0,0.0
2024-05-31 17:00:00+00:00,24.3,97.921455,29.102531,1.0,55.0,100.0,8.707237,119.74479,0.0,0.0
2024-05-31 18:00:00+00:00,23.4,97.90751,27.703745,0.3,51.0,100.0,8.39657,120.96369,0.0,0.0
2024-05-31 19:00:00+00:00,22.65,98.19402,26.769587,1.2,55.0,100.0,6.8777895,137.12111,0.0,0.0
2024-05-31 20:00:00+00:00,22.25,97.29372,26.087503,2.0,61.0,100.0,6.696387,143.74608,0.0,0.0
2024-05-31 21:00:00+00:00,22.2,95.816605,26.143057,1.1,55.0,100.0,4.8433046,131.98714,0.0,0.0
2024-05-31 22:00:00+00:00,22.25,95.81814,26.40687,1.6,61.0,100.0,3.563818,135.0001,1.0,13.409492
2024-05-31 23:00:00+00:00,22.25,94.94224,26.258026,0.9,53.0,100.0,4.0249224,153.43501,1.0,27.928164
2024-06-01 00:00:00+00:00,22.65,91.53299,26.28217,0.1,51.0,100.0,5.8603754,132.5104,1.0,151.92406
2024-06-01 01:00:00+00:00,23.1,89.89441,26.786991,0.9,53.0,100.0,6.0347,107.35411,1.0,148.51497
2024-06-01 02:00:00+00:00,23.2,89.3526,26.763933,0.4,51.0,100.0,6.8777895,137.12111,1.0,221.72075
2024-06-01 03:00:00+00:00,23.45,88.82636,26.945427,0.4,51.0,100.0,7.9036193,120.0685,1.0,337.08127
2024-06-01 04:00:00+00:00,23.05,92.9668,26.711124,4.6,63.0,100.0,8.0899935,122.27562,1.0,319.16467
2024-06-01 05:00:00+00:00,22.55,92.656784,26.013441,2.0,61.0,100.0,7.386582,133.02507,1.0,136.40295
2024-06-01 06:00:00+00:00,23.05,89.34125,26.311884,2.1,61.0,100.0,8.39657,120.96369,1.0,333.86142
2024-06-01 07:00:00+00:00,22.45,92.084564,25.631233,0.8,53.0,100.0,8.587338,123.02387,1.0,189.56111
2024-06-01 08:00:00+00:00,22.0,92.62736,25.132977,0.9,53.0,100.0,7.653705,131.18582,1.0,98.959366
2024-06-01 09:00:00+00:00,21.55,94.3332,24.60524,0.6,53.0,100.0,7.653705,138.81418,1.0,57.678394
2024-06-01 10:00:00+00:00,21.2,94.610344,24.471106,0.6,53.0,100.0,5.1165614,129.28938,1.0,26.80928
2024-06-01 11:00:00+00:00,20.75,94.29969,23.843414,0.7,53.0,100.0,4.6102495,128.65984,0.0,0.0
2024-06-01 12:00:00+00:00,20.55,93.416565,23.674023,0.5,53.0,100.0,3.219938,116.56499,0.0,0.0
2024-06-01 13:00:00+00:00,20.65,92.5544,23.984383,1.7,61.0,100.0,1.609969,116.56499,0.0,0.0
2024-06-01 14:00:00+00:00,20.6,93.12907,23.977095,0.9,53.0,100.0,1.484318,104.03627,0.0,0.0
2024-06-01 15:00:00+00:00,20.45,91.96863,23.522442,0.7,53.0,100.0,2.4149535,116.56499,0.0,0.0
2024-06-01 16:00:00+00:00,20.3,91.95986,23.436806,1.4,61.0,100.0,1.484318,104.03627,0.0,0.0
2024-06-01 17:00:00+00:00,20.15,91.95101,23.243202,2.2,61.0,100.0,1.2979984,123.690094,0.0,0.0
2024-06-01 18:00:00+00:00,19.85,94.26165,22.945114,5.8,63.0,100.0,1.609969,63.435013,0.0,0.0
2024-06-01 19:00:00+00:00,19.85,91.93335,22.69569,10.0,65.0,100.0,2.0364676,315.0001,0.0,0.0
2024-06-01 20:00:00+00:00,19.75,94.2574,22.735794,5.8,63.0,100.0,2.0364676,315.0001,0.0,0.0
2024-06-01 21:00:00+00:00,19.95,91.36552,22.876143,1.5,61.0,100.0,1.484318,104.03627,0.0,0.0
2024-06-01 22:00:00+00:00,20.15,87.729836,22.938208,0.0,3.0,100.0,1.0182338,135.0001,1.0,16.036144
2024-06-01 23:00:00+00:00,20.2,88.28685,22.868526,0.0,3.0,100.0,2.3051248,321.34018,1.0,54.43021
2024-06-02 00:00:00+00:00,20.2,89.68179,23.084528,0.1,51.0,100.0,1.609969,296.56497,1.0,40.988968
2024-06-02 01:00:00+00:00,20.1,90.80493,22.855639,4.4,63.0,100.0,2.8116899,309.8055,1.0,81.00411
2024-06-02 02:00:00+00:00,20.15,89.117584,22.780382,2.7,63.0,100.0,2.8799999,360.0,1.0,76.41826
2024-06-02 03:00:00+00:00,20.25,89.6855,22.751545,1.9,61.0,100.0,4.39436,325.0079,1.0,147.73773
2024-06-02 04:00:00+00:00,20.5,89.70409,23.05242,1.3,61.0,100.0,4.8433046,311.98712,1.0,168.6824
2024-06-02 05:00:00+00:00,20.6,89.43171,23.243467,0.9,53.0,100.0,4.379589,350.53775,1.0,156.04352
2024-06-02 06:00:00+00:00,20.8,90.00647,23.625757,0.5,53.0,100.0,4.1046314,344.7448,1.0,144.59831
2024-06-02 07:00:00+00:00,21.0,88.35367,23.994278,0.3,51.0,100.0,2.6208394,15.945477,1.0,105.33514
2024-06-02 08:00:00+00:00,20.95,89.45828,23.504139,0.3,51.0,100.0,6.1305785,49.76371,1.0,72.94646
2024-06-02 09:00:00+00:00,20.75,85.609886,22.94699,0.1,51.0,100.0,5.692099,55.304783,1.0,41.122883
2024-06-02 10:00:00+00:00,20.05,85.26929,21.733631,0.0,3.0,100.0,6.9153743,51.34017,1.0,17.734167
2024-06-02 11:00:00+00:00,19.45,87.66828,21.581787,0.0,3.0,100.0,3.396233,32.005356,0.0,0.0
2024-06-02 12:00:00+00:00,19.4,84.12688,21.30554,0.0,3.0,100.0,2.9024127,7.12493,0.0,0.0
2024-06-02 13:00:00+00:00,18.65,79.58666,19.812092,0.0,3.0,100.0,3.6179552,5.7105074,0.0,0.0
2024-06-02 14:00:00+00:00,18.2,82.65564,19.382025,0.0,3.0,100.0,3.8773184,338.19852,0.0,0.0
2024-06-02 15:00:00+00:00,18.05,77.471115,18.810555,0.0,3.0,97.0,3.8268526,318.81415,0.0,0.0
2024-06-02 16:00:00+00:00,17.8,81.28582,18.669607,0.0,3.0,98.0,4.3349743,311.63345,0.0,0.0
2024-06-02 17:00:00+00:00,17.2,80.94462,17.751003,0.0,3.0,100.0,4.896529,287.1028,0.0,0.0
2024-06-02 18:00:00+00:00,16.65,82.46627,17.004698,0.0,3.0,100.0,5.634891,296.56497,0.0,0.0
2024-06-02 19:00:00+00:00,16.5,84.34493,16.886402,0.0,3.0,98.0,5.904439,307.56866,0.0,0.0
2024-06-02 20:00:00+00:00,17.45,80.19442,18.082651,0.0,3.0,83.0,4.5820518,315.0001,0.0,0.0
2024-06-02 21:00:00+00:00,16.8,86.0316,17.484697,0.0,2.0,63.0,5.3517847,317.72638,0.0,0.0
2024-06-02 22:00:00+00:00,18.15,84.52692,19.455963,0.0,2.0,55.0,3.8268526,318.81415,1.0,71.95608
2024-06-02 23:00:00+00:00,19.0,83.28202,20.430374,0.0,2.0,69.0,4.6102495,308.65982,1.0,228.78365
2024-06-03 00:00:00+00:00,20.4,70.70088,21.53366,0.0,3.0,99.0,3.4152596,288.43503,1.0,368.8564
2024-06-03 01:00:00+00:00,20.4,72.542404,21.433231,0.0,3.0,99.0,5.1544156,282.09473,1.0,202.50414
2024-06-03 02:00:00+00:00,20.75,69.63864,21.618107,0.0,3.0,92.0,5.495161,328.39255,1.0,215.26503
2024-06-03 03:00:00+00:00,21.55,65.45382,22.458738,0.0,3.0,100.0,4.6938252,4.398633,1.0,445.31122
2024-06-03 04:00:00+00:00,21.45,64.385185,22.437437,0.0,3.0,100.0,3.2599385,353.6599,1.0,359.60974
2024-06-03 05:00:00+00:00,22.3,61.526043,23.187063,0.0,3.0,100.0,4.198285,30.963696,1.0,491.7314
2024-06-03 06:00:00+00:00,22.3,61.32773,23.09025,0.0,3.0,100.0,4.73506,81.25392,1.0,300.65512
2024-06-03 07:00:00+00:00,22.75,56.660202,23.250515,0.0,3.0,100.0,4.73506,81.25392,1.0,280.346
2024-06-03 08:00:00+00:00,22.5,56.968117,23.07295,0.0,3.0,100.0,3.8773184,68.19853,1.0,132.9197
2024-06-03 09:00:00+00:00,21.6,72.987114,23.337585,0.0,3.0,100.0,3.7585104,73.300674,1.0,74.40369
2024-06-03 10:00:00+00:00,21.8,71.87157,23.693584,0.0,3.0,100.0,2.5455842,44.999897,1.0,30.685684
2024-06-03 11:00:00+00:00,22.45,47.68758,22.28689,0.0,3.0,100.0,2.8116899,309.8055,0.0,0.0
2024-06-03 12:00:00+00:00,21.35,61.507664,21.937286,0.0,3.0,100.0,4.0249224,296.56497,0.0,0.0
2024-06-03 13:00:00+00:00,21.65,46.995125,21.13706,0.0,0.0,7.0,3.319036,257.4712,0.0,0.0
2024-06-03 14:00:00+00:00,21.15,48.945778,20.565321,0.0,0.0,7.0,4.1046314,285.25516,0.0,0.0
2024-06-03 15:00:00+00:00,20.15,55.274723,19.60627,0.0,0.0,5.0,5.634891,296.56497,0.0,0.0
2024-06-03 16:00:00+00:00,19.55,63.550934,19.54108,0.0,0.0,15.0,5.315336,298.30066,0.0,0.0
2024-06-03 17:00:00+00:00,16.95,79.08877,17.038904,0.0,0.0,16.0,6.6185193,292.3802,0.0,0.0
2024-06-03 18:00:00+00:00,16.05,83.74726,16.090462,0.0,1.0,25.0,6.9527545,291.25058,0.0,0.0
2024-06-03 19:00:00+00:00,15.2,87.000114,14.989023,0.0,1.0,45.0,8.0899935,302.27563,0.0,0.0
2024-06-03 20:00:00+00:00,15.2,85.589645,14.976715,0.0,3.0,99.0,7.5942082,301.4295,0.0,0.0
2024-06-03 21:00:00+00:00,14.85,86.96705,14.5784645,0.0,0.0,11.0,7.69592,280.78424,0.0,0.0
2024-06-03 22:00:00+00:00,16.45,81.90635,16.907095,0.0,0.0,2.0,4.2136917,289.9832,1.0,77.106514
2024-06-03 23:00:00+00:00,18.7,75.591805,19.307833,0.0,0.0,2.0,5.495161,301.60745,1.0,263.56665
2024-06-04 00:00:00+00:00,21.15,67.51147,22.285982,0.0,0.0,13.0,3.396233,302.00534,1.0,484.53268
2024-06-04 01:00:00+00:00,22.5,56.78306,22.856478,0.0,3.0,89.0,5.2416787,254.05453,1.0,405.00314
2024-06-04 02:00:00+00:00,25.05,46.53074,26.617126,0.0,3.0,100.0,2.968636,255.96373,1.0,774.9714
2024-06-04 03:00:00+00:00,25.9,49.409058,27.45858,0.0,3.0,99.0,4.2136917,109.98319,1.0,684.646
2024-06-04 04:00:00+00:00,25.85,45.54549,25.709599,0.0,3.0,100.0,7.92,90.0,1.0,481.87036
2024-06-04 05:00:00+00:00,24.9,55.56207,26.222466,0.0,3.0,100.0,3.4152596,108.43504,1.0,222.82285
2024-06-04 06:00:00+00:00,25.4,44.39211,25.621382,0.0,3.0,100.0,3.6,36.86999,1.0,289.28
2024-06-04 07:00:00+00:00,22.9,57.998188,22.746883,0.3,51.0,100.0,10.446206,1.9748993,1.0,172.27765
2024-06-04 08:00:00+00:00,21.0,69.01854,22.03519,0.8,53.0,100.0,4.6102495,321.34018,1.0,79.95737
2024-06-04 09:00:00+00:00,21.1,67.937294,21.819956,0.1,51.0,100.0,6.379216,253.61038,1.0,148.14655
2024-06-04 10:00:00+00:00,20.65,71.66223,21.867191,0.0,3.0,100.0,4.0249224,259.69522,1.0,76.9833
2024-06-04 11:00:00+00:00,19.5,75.23634,20.395046,0.0,3.0,91.0,5.315336,241.69934,0.0,0.0
2024-06-04 12:00:00+00:00,19.15,74.93655,19.739447,0.0,3.0,100.0,6.379216,253.61038,0.0,0.0
2024-06-04 13:00:00+00:00,19.5,80.987015,20.880247,0.0,3.0,94.0,5.0911684,278.13,0.0,0.0
2024-06-04 14:00:00+00:00,19.15,79.91192,20.34651,0.0,3.0,97.0,4.8433046,318.01288,0.0,0.0
2024-06-04 15:00:00+00:00,19.25,79.925644,20.42787,0.0,3.0,100.0,5.2416787,285.94547,0.0,0.0
2024-06-04 16:00:00+00:00,19.7,78.973045,21.057262,0.0,3.0,100.0,4.6938257,302.47116,0.0,0.0
2024-06-04 17:00:00+00:00,19.95,76.52576,20.957148,0.0,3.0,100.0,6.4096174,321.8427,0.0,0.0
2024-06-04 18:00:00+00:00,19.25,82.51894,20.794605,0.0,3.0,100.0,4.1046314,322.12494,0.0,0.0
2024-06-04 19:00:00+00:00,19.05,85.164955,20.722624,0.0,3.0,100.0,4.072935,315.0001,0.0,0.0
2024-06-04 20:00:00+00:00,19.1,87.0837,20.94022,0.0,3.0,100.0,4.072935,315.0001,0.0,0.0
2024-06-04 21:00:00+00:00,19.15,88.19828,21.239214,0.0,3.0,100.0,3.096837,305.53775,0.0,0.0
2024-06-04 22:00:00+00:00,19.5,86.29805,21.52356,0.0,3.0,100.0,3.5455887,293.9625,1.0,15.924549
2024-06-04 23:00:00+00:00,20.05,83.14066,21.981855,0.0,3.0,100.0,4.0249224,296.56497,1.0,57.160942
2024-06-05 00:00:00+00:00,20.45,82.143394,22.340649,0.0,3.0,100.0,4.8965297,306.02747,1.0,87.98253
2024-06-05 01:00:00+00:00,19.8,87.42321,21.851957,2.9,63.0,100.0,4.8433046,311.98712,1.0,119.25145
2024-06-05 02:00:00+00:00,20.25,87.46352,22.495165,3.6,63.0,100.0,4.896529,287.1028,1.0,168.99232
2024-06-05 03:00:00+00:00,20.45,87.75609,23.05352,0.7,53.0,100.0,3.219938,243.43501,1.0,113.42008
2024-06-05 04:00:00+00:00,21.15,88.366135,24.198193,0.5,53.0,100.0,2.7416782,293.1986,1.0,173.76929
2024-06-05 05:00:00+00:00,22.05,86.00745,25.167656,0.1,51.0,100.0,3.7585104,343.3007,1.0,220.88258
2024-06-05 06:00:00+00:00,22.15,84.95554,25.076132,0.1,51.0,100.0,4.73506,351.2539,1.0,153.2269
2024-06-05 07:00:00+00:00,22.35,82.89014,25.420673,1.4,61.0,100.0,3.0758414,339.44388,1.0,173.23337
2024-06-05 08:00:00+00:00,22.3,84.70792,25.331186,0.1,51.0,100.0,4.3498964,335.55606,1.0,102.59461
2024-06-05 09:00:00+00:00,22.25,86.02704,25.519154,0.0,3.0,100.0,3.396233,327.99466,1.0,71.36249
2024-06-05 10:00:00+00:00,21.95,89.257195,25.558895,0.0,3.0,100.0,2.0991426,329.03632,1.0,22.865135
2024-06-05 11:00:00+00:00,21.25,91.44674,24.498262,0.1,51.0,100.0,3.5455887,336.0375,0.0,0.0
2024-06-05 12:00:00+00:00,21.05,91.1508,24.124214,0.0,3.0,100.0,3.8939953,303.6901,0.0,0.0
2024-06-05 13:00:00+00:00,21.0,86.17292,23.764977,0.0,3.0,99.0,2.9024127,277.1249,0.0,0.0
2024-06-05 14:00:00+00:00,21.05,84.57393,23.650145,0.0,3.0,80.0,3.2399998,270.0,0.0,0.0
2024-06-05 15:00:00+00:00,20.55,88.31614,23.16723,0.0,3.0,99.0,3.7585104,286.6993,0.0,0.0
2024-06-05 16:00:00+00:00,20.45,89.42031,23.21341,0.0,3.0,99.0,3.0758414,290.55612,0.0,0.0
2024-06-05 17:00:00+00:00,20.2,91.09604,22.940243,0.0,3.0,100.0,3.396233,237.99466,0.0,0.0
2024-06-05 18:00:00+00:00,19.65,94.84413,22.39233,0.0,3.0,100.0,3.7064266,299.0545,0.0,0.0
2024-06-05 19:00:00+00:00,20.1,94.56639,23.124298,0.0,3.0,100.0,3.0758414,290.55612,0.0,0.0
2024-06-05 20:00:00+00:00,20.6,91.691444,23.86248,0.2,51.0,100.0,1.4399999,270.0,0.0,0.0
2024-06-05 21:00:00+00:00,20.35,93.99005,23.512917,0.1,51.0,100.0,2.6208394,285.94547,0.0,0.0
2024-06-05 22:00:00+00:00,20.65,93.42139,23.99543,0.0,3.0,100.0,2.0364676,315.0001,1.0,21.205624
2024-06-05 23:00:00+00:00,21.1,91.72161,24.448391,0.0,3.0,100.0,2.52,270.0,1.0,58.545105
2024-06-06 00:00:00+00:00,21.3,92.01823,24.917398,0.1,51.0,100.0,1.5273507,224.9999,1.0,68.697105
2024-06-06 01:00:00+00:00,22.05,88.71459,25.55489,0.1,51.0,100.0,2.8116899,129.80553,1.0,241.88272
2024-06-06 02:00:00+00:00,22.5,85.78564,25.798687,0.0,3.0,100.0,3.8773184,111.801476,1.0,247.57886
2024-06-06 03:00:00+00:00,22.6,85.26626,25.729034,0.0,3.0,100.0,5.04,90.0,1.0,242.46304
2024-06-06 04:00:00+00:00,22.9,83.72923,25.883684,0.0,3.0,100.0,6.0347,107.35411,1.0,249.56068
2024-06-06 05:00:00+00:00,23.05,82.97242,25.97445,0.1,51.0,93.0,6.439876,116.56499,1.0,294.5416
2024-06-06 06:00:00+00:00,23.5,81.75296,26.41415,0.1,51.0,87.0,7.2,126.86999,1.0,389.3117
2024-06-06 07:00:00+00:00,23.85,79.0637,26.482672,0.0,3.0,100.0,8.435069,140.19447,1.0,332.79364
2024-06-06 08:00:00+00:00,23.5,79.753265,25.993423,0.0,3.0,100.0,8.707237,150.2552,1.0,173.08746
2024-06-06 09:00:00+00:00,23.3,80.222435,25.639822,0.0,3.0,100.0,9.422101,136.54811,1.0,136.49866
2024-06-06 10:00:00+00:00,22.65,82.92549,25.199057,0.0,3.0,100.0,7.653705,138.81418,1.0,40.922604
2024-06-06 11:00:00+00:00,22.05,85.20956,24.86187,0.0,3.0,100.0,5.3517847,160.34608,0.0,0.0
2024-06-06 12:00:00+00:00,21.7,87.32042,24.580189,0.0,3.0,100.0,5.0528407,175.91446,0.0,0.0
2024-06-06 13:00:00+00:00,21.25,92.30075,24.562561,0.0,1.0,26.0,3.6179552,185.7105,0.0,0.0
2024-06-06 14:00:00+00:00,20.3,95.46034,23.200228,0.0,2.0,71.0,5.0911684,188.13002,0.0,0.0
2024-06-06 15:00:00+00:00,20.2,95.456955,23.079794,0.0,3.0,98.0,4.896529,197.10281,0.0,0.0
2024-06-06 16:00:00+00:00,20.5,94.876495,23.623821,0.0,3.0,99.0,3.8939953,213.6901,0.0,0.0
2024-06-06 17:00:00+00:00,20.65,92.26699,23.69683,0.0,3.0,97.0,3.4152596,198.43504,0.0,0.0
2024-06-06 18:00:00+00:00,20.6,93.70962,23.769955,0.0,3.0,100.0,3.2399998,180.0,0.0,0.0
2024-06-06 19:00:00+00:00,20.4,95.16784,23.531767,0.0,3.0,100.0,3.671294,168.69011,0.0,0.0
2024-06-06 20:00:00+00:00,21.0,90.58268,24.232723,0.0,3.0,94.0,2.3051248,218.65984,0.0,0.0
2024-06-06 21:00:00+00:00,20.85,90.57248,23.923096,0.0,3.0,85.0,2.9024127,262.8751,0.0,0.0
2024-06-06 22:00:00+00:00,21.0,90.30139,24.208443,0.0,3.0,80.0,2.3051248,218.65984,1.0,60.917458
2024-06-06 23:00:00+00:00,21.7,88.41168,24.939968,0.0,3.0,98.0,3.2599385,186.3401,1.0,192.34543
2024-06-07 00:00:00+00:00,22.55,84.21074,25.75395,0.0,3.0,100.0,3.671294,168.69011,1.0,296.48422
2024-06-07 01:00:00+00:00,23.6,79.27402,27.288883,0.0,3.0,100.0,0.5091169,44.999897,1.0,346.52335
2024-06-07 02:00:00+00:00,24.2,76.70305,27.869991,0.1,51.0,100.0,0.8049845,63.435013,1.0,355.24005
2024-06-07 03:00:00+00:00,24.6,76.29126,28.240635,0.0,3.0,100.0,2.0364676,135.0001,1.0,346.5473
2024-06-07 04:00:00+00:00,25.75,72.35085,29.697979,0.0,3.0,100.0,2.3051248,128.65984,1.0,589.09344
2024-06-07 05:00:00+00:00,26.3,69.60317,30.049389,0.0,3.0,100.0,1.8,143.13002,1.0,512.5584
2024-06-07 06:00:00+00:00,26.5,69.85605,30.272587,0.0,3.0,100.0,2.52,180.0,1.0,423.64267
2024-06-07 07:00:00+00:00,26.35,71.350685,30.046185,0.0,2.0,66.0,3.7585104,163.30067,1.0,293.4381
2024-06-07 08:00:00+00:00,26.85,69.92177,30.688377,0.0,1.0,26.0,3.319036,139.39879,1.0,384.59442
2024-06-07 09:00:00+00:00,26.4,72.46495,29.649765,0.0,2.0,56.0,7.9036193,120.0685,1.0,230.33652
2024-06-07 10:00:00+00:00,24.7,82.15251,27.720085,0.0,0.0,8.0,10.966713,113.19862,1.0,76.51217
2024-06-07 11:00:00+00:00,22.9,88.78266,26.359402,0.0,1.0,33.0,6.1305785,130.23628,0.0,0.0
2024-06-07 12:00:00+00:00,22.15,93.206566,25.916187,0.0,3.0,82.0,4.2136917,160.0168,0.0,0.0
2024-06-07 13:00:00+00:00,21.75,93.76253,25.361006,0.0,3.0,95.0,4.198285,149.03632,0.0,0.0
2024-06-07 14:00:00+00:00,21.6,94.335236,25.239258,0.0,3.0,97.0,3.8268526,138.81418,0.0,0.0
2024-06-07 15:00:00+00:00,21.5,93.46224,24.981237,0.0,2.0,76.0,4.0249224,169.6952,0.0,0.0
2024-06-07 16:00:00+00:00,22.0,91.77551,25.838942,0.0,2.0,74.0,2.2768397,198.43504,0.0,0.0
2024-06-07 17:00:00+00:00,21.8,92.90252,25.674183,0.0,2.0,55.0,2.0364676,315.0001,0.0,0.0
2024-06-07 18:00:00+00:00,20.6,97.26017,23.907131,0.0,3.0,96.0,4.3498964,335.55606,0.0,0.0
2024-06-07 19:00:00+00:00,21.45,96.08856,25.292934,0.0,3.0,100.0,2.968636,284.03625,0.0,0.0
2024-06-07 20:00:00+00:00,20.9,98.77685,24.648623,0.0,3.0,100.0,3.2599385,276.3401,0.0,0.0
2024-06-07 21:00:00+00:00,21.1,99.387695,25.030056,0.0,3.0,100.0,3.096837,324.46225,0.0,0.0
2024-06-07 22:00:00+00:00,21.2,99.08344,25.198101,0.0,1.0,29.0,2.8116899,320.1945,1.0,60.89739
2024-06-07 23:00:00+00:00,22.7,92.38144,27.032028,0.0,1.0,21.0,1.8,306.86996,1.0,235.5516
2024-06-08 00:00:00+00:00,24.35,85.44462,29.016674,0.0,1.0,31.0,0.8049845,116.56499,1.0,448.3577
2024-06-08 01:00:00+00:00,25.8,79.81981,30.396954,0.0,2.0,67.0,2.4149535,153.43501,1.0,605.32074
2024-06-08 02:00:00+00:00,27.4,74.20347,32.834602,0.0,3.0,100.0,2.9024127,97.12492,1.0,708.37024
2024-06-08 03:00:00+00:00,28.3,71.26634,33.637325,0.0,3.0,81.0,5.4119864,86.186005,1.0,716.04095
2024-06-08 04:00:00+00:00,28.8,72.00596,35.386944,0.1,51.0,74.0,3.7064266,150.9455,1.0,787.21094
2024-06-08 05:00:00+00:00,29.5,68.94128,35.659897,0.0,2.0,76.0,4.510787,151.38963,1.0,725.7145
2024-06-08 06:00:00+00:00,29.75,68.16095,35.073868,0.0,2.0,70.0,4.8965297,143.97253,1.0,583.668
2024-06-08 07:00:00+00:00,29.35,71.239426,34.41197,0.2,51.0,87.0,5.3999996,126.86998,1.0,476.0269
2024-06-08 08:00:00+00:00,26.8,83.654724,31.290169,11.6,65.0,100.0,10.1887,122.00535,1.0,316.84567
2024-06-08 09:00:00+00:00,25.8,91.997444,31.572712,2.7,63.0,100.0,3.9763298,84.805664,1.0,45.310287
2024-06-08 10:00:00+00:00,25.25,95.33709,30.952717,0.5,53.0,95.0,4.6800003,67.3801,1.0,26.208134
2024-06-08 11:00:00+00:00,24.45,96.46389,29.880386,0.1,51.0,69.0,3.9763298,84.805664,0.0,0.0
2024-06-08 12:00:00+00:00,23.8,97.03133,28.89674,0.0,3.0,90.0,3.9763298,84.805664,0.0,0.0
2024-06-08 13:00:00+00:00,24.15,95.2995,29.380772,0.2,51.0,100.0,3.2599385,96.340096,0.0,0.0
2024-06-08 14:00:00+00:00,23.8,96.155914,28.903034,0.3,51.0,100.0,3.319036,102.5288,0.0,0.0
2024-06-08 15:00:00+00:00,23.4,96.1446,28.235115,0.3,51.0,100.0,3.5455887,113.962494,0.0,0.0
2024-06-08 16:00:00+00:00,23.05,97.01481,27.853828,0.1,51.0,94.0,2.968636,104.03627,0.0,0.0
2024-06-08 17:00:00+00:00,22.75,97.897354,27.618303,0.1,51.0,72.0,1.9386592,111.801476,0.0,0.0
2024-06-08 18:00:00+00:00,22.5,97.298744,27.133764,0.1,51.0,81.0,2.1897945,99.46225,0.0,0.0
2024-06-08 19:00:00+00:00,22.7,95.83204,27.435596,0.1,51.0,65.0,1.2979984,123.690094,0.0,0.0
2024-06-08 20:00:00+00:00,22.55,96.70848,27.317549,0.0,1.0,30.0,1.08,180.0,0.0,0.0
2024-06-08 21:00:00+00:00,22.4,97.000374,27.103386,0.0,1.0,46.0,1.1384199,198.43504,0.0,0.0
2024-06-08 22:00:00+00:00,22.4,97.29677,27.179878,0.0,3.0,100.0,0.8049845,206.56499,1.0,58.256855
2024-06-08 23:00:00+00:00,23.1,94.685104,27.80077,0.4,51.0,100.0,2.3051248,141.34016,1.0,133.814
2024-06-09 00:00:00+00:00,23.7,91.59679,28.481823,0.8,53.0,100.0,1.9386592,111.801476,1.0,189.23825
2024-06-09 01:00:00+00:00,25.45,84.52384,30.292942,0.1,51.0,100.0,3.0758414,110.55613,1.0,370.19174
2024-06-09 02:00:00+00:00,25.9,83.55413,30.687202,0.0,3.0,98.0,4.452954,75.96373,1.0,361.7456
2024-06-09 03:00:00+00:00,27.25,80.25543,32.944687,0.1,51.0,67.0,4.1046314,37.875053,1.0,648.4415
2024-06-09 04:00:00+00:00,28.05,78.690575,34.426296,0.0,2.0,64.0,4.379589,80.53775,1.0,700.36816
2024-06-09 05:00:00+00:00,29.05,75.82639,35.07442,0.1,51.0,95.0,7.928178,87.3975,1.0,681.60077
2024-06-09 06:00:00+00:00,26.7,85.166306,31.285538,4.7,63.0,100.0,10.383987,146.3099,1.0,417.1049
2024-06-09 07:00:00+00:00,26.2,90.65555,31.801052,0.5,53.0,100.0,5.8048253,119.74479,1.0,133.02359
2024-06-09 08:00:00+00:00,26.0,90.64231,31.301212,3.0,63.0,100.0,6.989936,124.50858,1.0,143.67886
2024-06-09 09:00:00+00:00,25.5,94.212036,30.951515,2.4,61.0,100.0,6.6185193,112.38018,1.0,62.05328
2024-06-09 10:00:00+00:00,25.0,95.61485,30.679024,1.0,55.0,100.0,3.9763298,95.19434,1.0,22.532217
2024-06-09 11:00:00+00:00,24.3,97.62761,29.81636,0.7,53.0,100.0,3.6,53.13002,0.0,0.0
2024-06-09 12:00:00+00:00,24.1,97.91836,29.71304,0.4,51.0,100.0,2.3051248,51.34017,0.0,0.0
2024-06-09 13:00:00+00:00,24.15,97.33162,29.879189,6.8,63.0,100.0,1.2979984,33.6901,0.0,0.0
2024-06-09 14:00:00+00:00,23.9,97.62059,29.364975,1.5,61.0,100.0,2.2768397,161.56496,0.0,0.0
2024-06-09 15:00:00+00:00,23.75,97.03022,29.02552,0.6,53.0,100.0,2.5455842,188.13002,0.0,0.0
2024-06-09 16:00:00+00:00,23.8,97.324715,29.154457,0.7,53.0,100.0,2.4149535,206.56499,0.0,0.0
2024-06-09 17:00:00+00:00,23.7,97.32269,29.014778,0.3,51.0,100.0,2.2768397,198.43504,0.0,0.0
2024-06-09 18:00:00+00:00,23.65,97.02803,28.917908,0.2,51.0,100.0,2.1897945,170.53775,0.0,0.0
2024-06-09 19:00:00+00:00,23.35,97.61085,28.419476,0.4,51.0,100.0,2.7416782,156.80138,0.0,0.0
2024-06-09 20:00:00+00:00,23.85,94.71418,29.161194,0.1,51.0,100.0,1.08,90.0,0.0,0.0
2024-06-09 21:00:00+00:00,23.85,94.71418,29.083908,0.0,3.0,100.0,1.609969,26.564985,0.0,0.0
2024-06-09 22:00:00+00:00,23.8,96.44697,29.110714,0.2,51.0,100.0,2.0991426,149.03632,1.0,42.392147
2024-06-09 23:00:00+00:00,23.75,97.03022,29.060589,0.9,53.0,100.0,2.3051248,141.34016,1.0,44.611057
2024-06-10 00:00:00+00:00,24.5,95.02494,30.17744,0.6,53.0,100.0,1.4399999,180.0,1.0,115.72282
2024-06-10 01:00:00+00:00,26.1,89.301056,31.841774,0.3,51.0,100.0,3.319036,167.4712,1.0,243.06259
2024-06-10 02:00:00+00:00,27.4,83.72128,33.32677,0.3,51.0,100.0,2.9024127,187.12492,1.0,342.3923
2024-06-10 03:00:00+00:00,27.0,87.52194,33.46995,1.0,55.0,100.0,0.71999997,180.0,1.0,155.09738
2024-06-10 04:00:00+00:00,27.45,87.040985,34.200077,0.3,51.0,100.0,0.35999998,90.0,1.0,231.45636
2024-06-10 05:00:00+00:00,27.75,86.80939,34.45004,0.0,3.0,100.0,1.835647,101.3099,1.0,267.1709
2024-06-10 06:00:00+00:00,29.1,79.07227,35.60262,0.1,51.0,100.0,2.0364676,224.9999,1.0,509.55438
2024-06-10 07:00:00+00:00,30.1,73.97988,36.799347,0.1,51.0,100.0,0.0,270.0,1.0,431.2745
2024-06-10 08:00:00+00:00,29.25,80.51599,36.012882,0.7,53.0,100.0,2.3051248,321.34018,1.0,189.89987
2024-06-10 09:00:00+00:00,28.25,88.410614,35.234074,0.4,51.0,100.0,3.6179552,5.7105074,1.0,77.22892
2024-06-10 10:00:00+00:00,27.15,96.81793,34.534866,0.3,51.0,100.0,3.0547013,44.999897,1.0,19.459352
2024-06-10 11:00:00+00:00,26.65,93.424286,33.195126,0.7,53.0,100.0,3.6,143.13002,0.0,0.0
2024-06-10 12:00:00+00:00,26.0,96.2174,32.264423,0.2,51.0,100.0,4.8433046,138.01286,0.0,0.0
2024-06-10 13:00:00+00:00,26.9,92.06006,33.617516,1.0,55.0,100.0,2.4149535,63.435013,0.0,0.0
2024-06-10 14:00:00+00:00,25.95,95.64512,32.325836,2.0,61.0,100.0,3.396233,147.99466,0.0,0.0
2024-06-10 15:00:00+00:00,26.0,97.657166,32.87094,0.0,3.0,98.0,1.835647,101.3099,0.0,0.0
2024-06-10 16:00:00+00:00,25.8,95.07186,32.35842,0.7,53.0,99.0,1.0182338,224.9999,0.0,0.0
2024-06-10 17:00:00+00:00,24.25,100.0,29.897717,0.0,3.0,100.0,4.198285,210.96368,0.0,0.0
2024-06-10 18:00:00+00:00,24.3,100.0,29.927368,0.0,3.0,100.0,4.5536795,198.43504,0.0,0.0
2024-06-10 19:00:00+00:00,24.5,100.0,30.518356,0.0,3.0,100.0,2.7416782,246.80138,0.0,0.0
2024-06-10 20:00:00+00:00,24.15,100.0,29.769753,0.0,3.0,98.0,3.96,270.0,0.0,0.0
2024-06-10 21:00:00+00:00,24.85,99.10817,31.179577,0.0,3.0,100.0,1.484318,194.03627,0.0,0.0
2024-06-10 22:00:00+00:00,24.95,98.51857,30.81137,0.0,3.0,97.0,4.6938257,147.52882,1.0,60.998165
2024-06-10 23:00:00+00:00,26.05,92.840034,32.183464,0.0,3.0,84.0,3.2599385,186.3401,1.0,193.82115
2024-06-11 00:00:00+00:00,27.4,84.72939,33.337154,0.1,51.0,100.0,3.7064266,240.94548,1.0,342.38577
2024-06-11 01:00:00+00:00,27.7,87.58246,34.324677,1.5,61.0,100.0,2.8116899,219.80553,1.0,270.0935
2024-06-11 02:00:00+00:00,27.35,89.66059,33.995644,0.7,53.0,97.0,2.9024127,277.1249,1.0,106.60271
2024-06-11 03:00:00+00:00,28.4,82.593605,35.116455,2.5,63.0,99.0,0.8049845,63.435013,1.0,349.7797
2024-06-11 04:00:00+00:00,29.85,76.40389,36.308918,0.1,51.0,97.0,3.8939953,213.6901,1.0,576.16907
2024-06-11 05:00:00+00:00,30.25,74.004585,36.30494,0.1,51.0,92.0,5.0911684,188.13002,1.0,410.62592
2024-06-11 06:00:00+00:00,30.8,71.925026,37.155457,0.1,51.0,90.0,3.8268526,221.18582,1.0,536.3029
2024-06-11 07:00:00+00:00,31.4,69.92189,37.007133,0.1,51.0,85.0,8.825508,191.76826,1.0,467.16168
2024-06-11 08:00:00+00:00,30.6,71.46234,36.430145,0.0,3.0,100.0,5.506941,191.30989,1.0,314.57928
2024-06-11 09:00:00+00:00,29.0,80.00617,35.81329,1.3,61.0,99.0,0.35999998,90.0,1.0,146.60661
2024-06-11 10:00:00+00:00,28.2,86.59326,35.270515,0.1,51.0,100.0,1.1384199,108.43504,1.0,45.32238
2024-06-11 11:00:00+00:00,26.75,94.54385,33.411003,0.1,51.0,100.0,4.198285,120.96369,0.0,0.0
2024-06-11 12:00:00+00:00,26.35,96.22705,32.957237,0.2,51.0,100.0,4.1046314,127.875046,0.0,0.0
2024-06-11 13:00:00+00:00,26.15,97.94963,33.00102,0.1,51.0,97.0,2.9024127,240.2552,0.0,0.0
2024-06-11 14:00:00+00:00,25.45,98.23114,31.77179,0.0,3.0,98.0,3.5455887,203.9625,0.0,0.0
2024-06-11 15:00:00+00:00,25.45,97.647644,31.802986,0.0,3.0,89.0,2.8799999,180.0,0.0,0.0
2024-06-11 16:00:00+00:00,24.75,99.404205,30.625275,0.0,3.0,100.0,4.379589,189.46225,0.0,0.0
2024-06-11 17:00:00+00:00,25.2,100.0,31.91481,0.0,3.0,100.0,1.08,270.0,0.0,0.0
2024-06-11 18:00:00+00:00,24.35,99.700806,30.221378,0.0,1.0,49.0,2.8799999,270.0,0.0,0.0
2024-06-11 19:00:00+00:00,24.0,100.0,29.60574,0.0,2.0,53.0,3.4152596,251.56496,0.0,0.0
2024-06-11 20:00:00+00:00,24.0,100.0,29.721592,0.0,3.0,100.0,2.6208394,254.05453,0.0,0.0
2024-06-11 21:00:00+00:00,23.95,99.10214,29.54792,0.0,1.0,39.0,2.6208394,285.94547,0.0,0.0
2024-06-11 22:00:00+00:00,24.65,97.92681,30.56237,0.0,3.0,96.0,2.5959969,303.6901,1.0,61.08213
2024-06-11 23:00:00+00:00,25.65,96.49488,32.116543,0.0,2.0,65.0,2.0991426,329.03632,1.0,170.16449
2024-06-12 00:00:00+00:00,27.25,85.989944,33.30822,0.0,3.0,100.0,3.319036,282.5288,1.0,359.31308
2024-06-12 01:00:00+00:00,29.75,78.46005,36.08215,0.1,51.0,100.0,5.4833565,203.19862,1.0,492.9699
2024-06-12 02:00:00+00:00,31.05,71.96871,37.098324,0.0,3.0,99.0,6.489992,213.6901,1.0,523.36884
2024-06-12 03:00:00+00:00,32.05,68.39927,39.026222,0.1,51.0,100.0,5.4833565,203.19862,1.0,691.293
2024-06-12 04:00:00+00:00,31.85,69.17858,37.820545,0.1,51.0,100.0,9.007196,177.70944,1.0,594.42175
2024-06-12 05:00:00+00:00,29.85,78.00987,36.71391,1.5,61.0,100.0,1.835647,258.6901,1.0,317.3384
2024-06-12 06:00:00+00:00,30.4,75.585335,37.4974,5.2,63.0,100.0,1.8,180.0,1.0,556.3893
2024-06-12 07:00:00+00:00,28.5,83.593636,35.162018,3.1,63.0,100.0,2.5455842,171.86998,1.0,246.94093
2024-06-12 08:00:00+00:00,28.2,86.08116,34.990025,0.2,51.0,100.0,2.5959969,123.690094,1.0,126.39837
2024-06-12 09:00:00+00:00,27.5,89.93786,34.04599,3.9,63.0,100.0,4.510787,241.38963,1.0,121.995186
2024-06-12 10:00:00+00:00,27.15,94.559616,34.463776,0.9,53.0,100.0,1.609969,243.43501,1.0,27.771053
2024-06-12 11:00:00+00:00,27.45,87.5609,34.213596,0.4,51.0,100.0,0.71999997,270.0,0.0,0.0
2024-06-12 12:00:00+00:00,26.5,92.86309,33.051178,0.2,51.0,100.0,2.4149535,206.56499,0.0,0.0
2024-06-12 13:00:00+00:00,25.7,97.65198,32.25932,3.4,63.0,100.0,2.5959969,146.3099,0.0,0.0
2024-06-12 14:00:00+00:00,25.45,98.23114,31.91027,0.8,53.0,100.0,2.5959969,146.3099,0.0,0.0
2024-06-12 15:00:00+00:00,25.4,97.35611,31.725334,0.2,51.0,99.0,2.6208394,164.05453,0.0,0.0
2024-06-12 16:00:00+00:00,25.55,97.64939,32.283695,0.9,53.0,100.0,0.71999997,360.0,0.0,0.0
2024-06-12 17:00:00+00:00,25.4,98.523506,32.121536,0.1,51.0,100.0,0.8049845,153.43501,0.0,0.0
2024-06-12 18:00:00+00:00,25.15,99.99999,31.989319,0.0,3.0,100.0,0.0,270.0,0.0,0.0
2024-06-12 19:00:00+00:00,24.8,99.70185,31.161945,0.0,3.0,100.0,1.484318,255.96373,0.0,0.0
2024-06-12 20:00:00+00:00,24.8,99.70185,31.168407,0.0,3.0,100.0,1.4399999,270.0,0.0,0.0
2024-06-12 21:00:00+00:00,24.0,100.0,29.578796,0.0,3.0,100.0,3.6,306.86996,0.0,0.0
2024-06-12 22:00:00+00:00,24.7,99.7016,30.917057,0.0,3.0,100.0,2.0364676,315.0001,1.0,50.54808
2024-06-12 23:00:00+00:00,25.4,97.066124,31.777916,0.0,3.0,100.0,2.0364676,135.0001,1.0,173.0144
2024-06-13 00:00:00+00:00,26.85,88.825775,33.30074,0.0,3.0,100.0,1.2979984,326.3099,1.0,318.36862
2024-06-13 01:00:00+00:00,28.05,83.79297,34.701244,0.1,51.0,100.0,0.8049845,206.56499,1.0,298.2915
2024-06-13 02:00:00+00:00,29.05,80.012794,35.629486,0.2,51.0,99.0,2.1897945,9.462248,1.0,468.49173
2024-06-13 03:00:00+00:00,28.75,80.93205,35.09918,0.8,53.0,100.0,3.319036,139.39879,1.0,545.58887
2024-06-13 04:00:00+00:00,27.85,86.8185,34.532265,0.0,3.0,100.0,2.4149535,63.435013,1.0,318.47165
2024-06-13 05:00:00+00:00,28.45,85.09042,35.345936,0.4,51.0,100.0,2.0991426,149.03632,1.0,446.09335
2024-06-13 06:00:00+00:00,27.7,89.95198,33.917698,2.2,61.0,100.0,7.69592,169.21574,1.0,287.76382
2024-06-13 07:00:00+00:00,27.95,88.386406,34.8767,0.5,53.0,100.0,2.5959969,326.3099,1.0,237.80988
2024-06-13 08:00:00+00:00,27.55,91.55368,34.777195,0.8,53.0,100.0,1.484318,104.03627,1.0,99.4086
2024-06-13 09:00:00+00:00,27.6,91.286285,34.526497,0.6,53.0,100.0,3.5455887,113.962494,1.0,137.24066
2024-06-13 10:00:00+00:00,27.65,89.68235,34.68686,0.1,51.0,100.0,1.609969,116.56499,1.0,77.830055
2024-06-13 11:00:00+00:00,26.4,93.690765,32.74979,0.0,3.0,100.0,4.0249224,153.43501,0.0,0.0
2024-06-13 12:00:00+00:00,26.3,94.80753,32.60321,0.1,51.0,100.0,4.802999,167.00539,0.0,0.0
2024-06-13 13:00:00+00:00,25.6,97.94132,31.979832,1.1,55.0,100.0,3.6,90.0,0.0,0.0
2024-06-13 14:00:00+00:00,25.4,98.230545,31.785961,1.7,61.0,100.0,2.8799999,90.0,0.0,0.0
2024-06-13 15:00:00+00:00,25.2,98.81552,31.561985,1.5,61.0,100.0,2.5959969,33.6901,0.0,0.0
2024-06-13 16:00:00+00:00,25.4,97.64682,31.820915,0.6,53.0,100.0,2.1897945,80.53775,0.0,0.0
2024-06-13 17:00:00+00:00,25.45,97.357056,31.870838,0.1,51.0,100.0,2.1897945,99.46225,0.0,0.0
2024-06-13 18:00:00+00:00,25.75,96.210495,32.219242,0.3,51.0,100.0,2.3051248,141.34016,0.0,0.0
2024-06-13 19:00:00+00:00,25.25,97.93597,31.449722,0.4,51.0,100.0,3.2599385,96.340096,0.0,0.0
2024-06-13 20:00:00+00:00,25.3,96.774574,31.352661,0.3,51.0,100.0,3.6,126.86999,0.0,0.0
2024-06-13 21:00:00+00:00,24.65,98.81069,30.345566,0.4,51.0,100.0,4.73506,98.74608,0.0,0.0
2024-06-13 22:00:00+00:00,25.05,98.814224,31.244328,0.3,51.0,100.0,3.0758414,69.44387,1.0,18.662624
2024-06-13 23:00:00+00:00,25.8,97.07472,32.63274,0.4,51.0,100.0,0.71999997,90.0,1.0,76.77175
2024-06-14 00:00:00+00:00,26.35,95.94203,33.11186,0.8,53.0,100.0,2.8116899,39.805527,1.0,183.33623
2024-06-14 01:00:00+00:00,27.8,86.04289,34.27785,0.0,3.0,93.0,2.9024127,82.875084,1.0,448.05414
2024-06-14 02:00:00+00:00,28.45,83.83685,35.00794,0.1,51.0,100.0,3.2599385,173.6599,1.0,416.8378
2024-06-14 03:00:00+00:00,28.95,83.89147,35.664192,0.0,3.0,91.0,4.510787,151.38963,1.0,404.02386
2024-06-14 04:00:00+00:00,30.75,76.54012,37.436043,0.1,51.0,98.0,8.209263,142.12495,1.0,619.81757
2024-06-14 05:00:00+00:00,28.4,84.08088,34.277245,10.5,65.0,100.0,7.928177,230.52757,1.0,504.1233
2024-06-14 06:00:00+00:00,28.2,84.56079,35.049538,0.2,51.0,96.0,0.8049845,116.56499,1.0,119.12451
2024-06-14 07:00:00+00:00,29.3,79.33533,35.067684,0.3,51.0,100.0,8.209263,217.87505,1.0,482.14294
2024-06-14 08:00:00+00:00,28.95,80.47725,35.61423,0.8,53.0,100.0,1.609969,206.56499,1.0,182.30789
2024-06-14 09:00:00+00:00,28.25,88.67228,35.209534,0.9,53.0,100.0,4.0249224,169.6952,1.0,73.45671
2024-06-14 10:00:00+00:00,27.4,93.45956,34.27865,0.3,51.0,100.0,4.829907,153.43501,1.0,27.274408
2024-06-14 11:00:00+00:00,26.6,95.10034,33.31441,0.4,51.0,100.0,3.6,143.13002,0.0,0.0
2024-06-14 12:00:00+00:00,26.3,93.96548,32.54587,0.0,3.0,100.0,4.510787,151.38963,0.0,0.0
2024-06-14 13:00:00+00:00,25.35,97.64594,31.721455,2.1,61.0,100.0,2.3051248,308.65982,0.0,0.0
2024-06-14 14:00:00+00:00,25.65,95.35067,31.959927,1.8,61.0,100.0,2.2768397,108.43504,0.0,0.0
2024-06-14 15:00:00+00:00,25.8,95.64036,32.266308,0.2,51.0,100.0,2.0991426,210.96368,0.0,0.0
2024-06-14 16:00:00+00:00,25.15,97.93447,31.440926,0.0,3.0,100.0,2.1897945,9.462248,0.0,0.0
2024-06-14 17:00:00+00:00,25.0,99.10916,31.1944,0.1,51.0,100.0,3.0758414,339.44388,0.0,0.0
2024-06-14 18:00:00+00:00,24.4,100.0,30.167683,0.0,3.0,100.0,4.0249224,333.43503,0.0,0.0
2024-06-14 19:00:00+00:00,25.2,98.227875,31.757812,0.1,51.0,100.0,0.8049845,206.56499,0.0,0.0
2024-06-14 20:00:00+00:00,25.0,98.81375,31.394028,0.1,51.0,100.0,1.484318,255.96373,0.0,0.0
2024-06-14 21:00:00+00:00,24.4,99.1052,30.29226,0.0,3.0,100.0,2.52,270.0,0.0,0.0
2024-06-14 22:00:00+00:00,24.85,99.10817,31.064,0.0,3.0,100.0,2.2768397,288.43503,1.0,32.072536
2024-06-14 23:00:00+00:00,25.4,97.64682,31.872559,0.1,51.0,100.0,1.835647,281.3099,1.0,79.60097
2024-06-15 00:00:00+00:00,26.15,95.36754,32.90403,0.1,51.0,100.0,1.484318,345.9637,1.0,126.67214
2024-06-15 01:00:00+00:00,27.35,90.194565,34.27632,0.3,51.0,100.0,1.4399999,90.0,1.0,237.5671
2024-06-15 02:00:00+00:00,27.5,90.47267,34.389713,0.4,51.0,100.0,2.6208394,164.05453,1.0,199.28456
2024-06-15 03:00:00+00:00,28.35,85.333046,35.147095,0.6,53.0,100.0,2.5455842,171.86998,1.0,284.30215
2024-06-15 04:00:00+00:00,28.05,88.65649,35.0796,1.9,61.0,100.0,2.5959969,236.3099,1.0,287.18723
2024-06-15 05:00:00+00:00,27.8,87.85148,34.818115,4.3,63.0,100.0,0.8049845,26.564985,1.0,156.2663
2024-06-15 06:00:00+00:00,27.5,88.61288,34.272568,3.2,63.0,100.0,1.8,36.86999,1.0,135.34427
2024-06-15 07:00:00+00:00,27.25,91.80738,34.089443,1.3,61.0,100.0,2.968636,14.036275,1.0,82.66897
2024-06-15 08:00:00+00:00,27.1,94.27852,33.985146,1.0,55.0,100.0,4.072935,44.999897,1.0,74.167244
2024-06-15 09:00:00+00:00,26.9,93.43607,33.739063,0.8,53.0,100.0,2.7416782,113.19862,1.0,59.12218
2024-06-15 10:00:00+00:00,26.75,95.10565,33.66846,0.8,53.0,100.0,2.9024127,29.744795,1.0,26.700516
2024-06-15 11:00:00+00:00,26.95,89.89882,33.5239,1.3,61.0,100.0,1.8,126.86999,0.0,0.0
2024-06-15 12:00:00+00:00,26.8,90.695206,33.265423,0.3,51.0,100.0,2.5455842,135.0001,0.0,0.0
2024-06-15 13:00:00+00:00,27.05,91.79575,34.112602,0.0,3.0,100.0,0.5091169,135.0001,0.0,0.0
2024-06-15 14:00:00+00:00,26.7,89.881,32.924267,0.2,51.0,100.0,3.0758414,159.44388,0.0,0.0
2024-06-15 15:00:00+00:00,25.7,91.716415,31.534603,6.6,63.0,100.0,2.9024127,187.12492,0.0,0.0
2024-06-15 16:00:00+00:00,25.3,95.910866,31.296993,0.2,51.0,100.0,3.319036,77.4712,0.0,0.0
2024-06-15 17:00:00+00:00,24.85,98.223274,30.665283,0.8,53.0,100.0,4.3498964,114.44395,0.0,0.0
2024-06-15 18:00:00+00:00,24.85,98.223274,30.80436,0.7,53.0,100.0,3.396233,122.00535,0.0,0.0
2024-06-15 19:00:00+00:00,24.8,98.81201,30.783703,0.3,51.0,100.0,3.4152596,108.43504,0.0,0.0
2024-06-15 20:00:00+00:00,24.5,99.10584,30.282276,0.1,51.0,100.0,3.7064266,119.05451,0.0,0.0
2024-06-15 21:00:00+00:00,24.55,99.10618,30.40638,0.1,51.0,100.0,3.4152596,71.564964,0.0,0.0
2024-06-15 22:00:00+00:00,25.2,98.227875,31.717705,0.0,3.0,100.0,1.08,90.0,1.0,29.482576
2024-06-15 23:00:00+00:00,25.55,95.91832,31.656727,0.0,3.0,100.0,3.671294,78.6901,1.0,41.917282
2024-06-16 00:00:00+00:00,26.15,94.23916,32.587902,0.1,51.0,100.0,2.7416782,113.19862,1.0,178.58673
2024-06-16 01:00:00+00:00,27.7,89.42062,34.406116,0.2,51.0,95.0,3.8773184,111.801476,1.0,457.18372
2024-06-16 02:00:00+00:00,29.3,85.93249,36.82634,0.4,51.0,100.0,5.3517847,132.27362,1.0,662.5583
2024-06-16 03:00:00+00:00,29.8,78.93388,35.57425,0.6,53.0,100.0,11.212135,185.52745,1.0,605.11316
2024-06-16 04:00:00+00:00,27.55,86.018875,33.074673,5.6,63.0,100.0,8.311245,184.96965,1.0,292.2725
2024-06-16 05:00:00+00:00,27.15,91.80158,33.318974,2.1,61.0,100.0,7.10031,149.53453,1.0,137.60817
2024-06-16 06:00:00+00:00,26.85,92.05721,32.770042,2.8,63.0,100.0,7.653705,138.81418,1.0,122.017
2024-06-16 07:00:00+00:00,26.65,93.14717,32.50676,1.9,61.0,100.0,8.0899935,122.27562,1.0,124.9451
2024-06-16 08:00:00+00:00,26.65,89.342415,32.26176,1.2,55.0,100.0,6.6087217,119.357666,1.0,113.46564
2024-06-16 09:00:00+00:00,26.4,93.96982,32.371193,0.6,53.0,100.0,6.849467,86.98728,1.0,77.544365
2024-06-16 10:00:00+00:00,25.9,96.5013,32.100704,0.3,51.0,100.0,5.0528407,94.08554,1.0,19.749332
2024-06-16 11:00:00+00:00,25.55,96.78048,31.383732,0.6,53.0,100.0,6.2145634,100.00792,0.0,0.0
2024-06-16 12:00:00+00:00,25.25,97.35314,31.057018,0.1,51.0,100.0,5.506941,101.3099,0.0,0.0
2024-06-16 13:00:00+00:00,25.15,98.22726,31.10822,0.2,51.0,100.0,4.6938257,122.471176,0.0,0.0
2024-06-16 14:00:00+00:00,24.95,98.22459,31.030746,0.4,51.0,100.0,2.968636,104.03627,0.0,0.0
2024-06-16 15:00:00+00:00,24.8,98.516914,30.691631,4.7,63.0,100.0,3.8268526,131.18582,0.0,0.0
2024-06-16 16:00:00+00:00,24.7,98.51584,30.601997,4.7,63.0,100.0,3.319036,167.4712,0.0,0.0
2024-06-16 17:00:00+00:00,24.5,98.80932,30.233078,7.8,65.0,100.0,3.8268526,131.18582,0.0,0.0
2024-06-16 18:00:00+00:00,24.4,99.40267,30.428806,2.2,61.0,100.0,1.8,360.0,0.0,0.0
2024-06-16 19:00:00+00:00,24.4,99.40267,30.376308,0.1,51.0,100.0,2.16,360.0,0.0,0.0
2024-06-16 20:00:00+00:00,24.45,99.105484,30.478737,0.0,3.0,100.0,1.8,360.0,0.0,0.0
2024-06-16 21:00:00+00:00,24.55,99.10618,30.636738,0.0,3.0,100.0,1.835647,11.3098955,0.0,0.0
2024-06-16 22:00:00+00:00,24.85,97.92989,30.750618,0.0,3.0,100.0,3.5455887,336.0375,1.0,37.64122
2024-06-16 23:00:00+00:00,25.95,95.93019,32.571545,0.0,3.0,100.0,1.9386592,111.801476,1.0,148.1936
2024-06-17 00:00:00+00:00,26.9,92.60832,33.665882,0.0,3.0,100.0,2.5455842,171.86998,1.0,148.45515
2024-06-17 01:00:00+00:00,26.45,90.40176,32.71973,0.0,3.0,100.0,2.0991426,329.03632,1.0,174.5659
2024-06-17 02:00:00+00:00,28.45,83.339966,34.782112,0.0,3.0,100.0,4.3498964,204.44394,1.0,423.43927
2024-06-17 03:00:00+00:00,30.1,77.125595,36.29973,0.1,51.0,100.0,6.6185193,202.38017,1.0,537.46924
2024-06-17 04:00:00+00:00,31.4,72.888306,38.08097,0.2,51.0,100.0,9.0645685,186.84268,1.0,665.5169
2024-06-17 05:00:00+00:00,29.5,79.12715,35.983624,2.8,63.0,100.0,5.991594,237.26477,1.0,586.8643
2024-06-17 06:00:00+00:00,28.9,83.63795,35.867317,0.1,51.0,100.0,2.3051248,231.34016,1.0,156.3547
2024-06-17 07:00:00+00:00,27.95,91.57759,35.15542,1.3,61.0,100.0,3.5455887,336.0375,1.0,126.80488
2024-06-17 08:00:00+00:00,28.0,85.04454,34.848255,0.8,53.0,100.0,0.35999998,360.0,1.0,117.86244
2024-06-17 09:00:00+00:00,27.8,87.85148,34.76949,0.1,51.0,100.0,1.1384199,161.56496,1.0,79.9876
2024-06-17 10:00:00+00:00,27.7,90.4861,34.942818,0.2,51.0,100.0,1.1384199,71.564964,1.0,45.321667
2024-06-17 11:00:00+00:00,26.6,96.519135,33.41223,0.1,51.0,100.0,4.1046314,52.124958,0.0,0.0
2024-06-17 12:00:00+00:00,26.45,95.37759,33.081207,0.1,51.0,100.0,3.7064266,150.9455,0.0,0.0
2024-06-17 13:00:00+00:00,26.75,92.325584,33.400703,1.9,61.0,100.0,2.4149535,63.435013,0.0,0.0
2024-06-17 14:00:00+00:00,26.1,95.93462,32.608692,1.0,55.0,100.0,3.396233,57.99466,0.0,0.0
2024-06-17 15:00:00+00:00,25.5,98.524605,31.81802,0.3,51.0,100.0,4.0249224,116.56499,0.0,0.0
2024-06-17 16:00:00+00:00,25.6,98.525696,32.003513,0.2,51.0,100.0,3.8939953,123.6901,0.0,0.0
2024-06-17 17:00:00+00:00,25.35,98.8168,31.334373,0.5,53.0,100.0,5.8603754,100.619606,0.0,0.0
2024-06-17 18:00:00+00:00,24.55,98.51418,30.037998,0.4,51.0,100.0,5.506941,78.6901,0.0,0.0
2024-06-17 19:00:00+00:00,24.2,97.040085,29.479725,0.2,51.0,100.0,4.379589,80.53775,0.0,0.0
2024-06-17 20:00:00+00:00,24.0,95.87169,29.089394,0.0,3.0,100.0,4.0249224,79.69521,0.0,0.0
2024-06-17 21:00:00+00:00,23.8,96.44697,28.73434,0.0,3.0,100.0,4.68,90.0,0.0,0.0
2024-06-17 22:00:00+00:00,23.6,97.02694,28.473103,0.0,3.0,100.0,4.6938252,94.39862,1.0,24.281332
2024-06-17 23:00:00+00:00,23.7,96.15305,28.537346,0.0,3.0,100.0,4.73506,81.25392,1.0,57.356403
2024-06-18 00:00:00+00:00,23.75,95.8641,28.436169,0.2,51.0,100.0,5.771239,86.423744,1.0,115.89673
2024-06-18 01:00:00+00:00,23.85,95.00129,28.718155,0.4,51.0,100.0,4.32,90.0,1.0,103.629295
2024-06-18 02:00:00+00:00,24.1,94.43796,28.944218,0.5,53.0,100.0,5.0911684,81.86999,1.0,92.67165
2024-06-18 03:00:00+00:00,24.4,93.88195,29.290836,0.9,53.0,100.0,5.5887027,104.93147,1.0,131.25574
2024-06-18 04:00:00+00:00,24.95,91.395836,29.75159,0.5,53.0,100.0,6.6087217,119.357666,1.0,241.754
2024-06-18 05:00:00+00:00,25.35,90.872086,30.449306,0.3,51.0,100.0,5.815978,111.801476,1.0,282.15714
2024-06-18 06:00:00+00:00,25.85,92.00032,31.153267,0.8,53.0,100.0,7.4128532,119.05451,1.0,327.05115
2024-06-18 07:00:00+00:00,25.6,93.374405,31.01664,2.9,63.0,100.0,6.638072,102.5288,1.0,157.15416
2024-06-18 08:00:00+00:00,25.45,94.77539,31.000095,1.1,55.0,100.0,6.162207,96.70974,1.0,62.00312
2024-06-18 09:00:00+00:00,25.15,95.619644,30.700474,0.7,53.0,100.0,5.506941,78.6901,1.0,33.612343
2024-06-18 10:00:00+00:00,24.8,96.473,30.276043,0.5,53.0,100.0,5.1544156,102.09474,1.0,19.824324
2024-06-18 11:00:00+00:00,24.4,97.04445,29.756706,0.2,51.0,100.0,4.6938252,94.39862,0.0,0.0
2024-06-18 12:00:00+00:00,24.05,97.62322,29.308044,0.1,51.0,100.0,4.32,90.0,0.0,0.0
2024-06-18 13:00:00+00:00,23.8,97.61881,28.902359,0.5,53.0,100.0,4.3498964,114.44395,0.0,0.0
2024-06-18 14:00:00+00:00,23.7,97.91217,28.848679,0.3,51.0,100.0,3.8268526,131.18582,0.0,0.0
2024-06-18 15:00:00+00:00,23.65,97.91139,28.94823,0.6,53.0,100.0,2.5959969,123.690094,0.0,0.0
2024-06-18 16:00:00+00:00,23.4,98.204094,28.651741,0.6,53.0,100.0,2.0991426,120.96369,0.0,0.0
2024-06-18 17:00:00+00:00,23.35,98.500854,28.625206,0.2,51.0,100.0,1.9386592,111.801476,0.0,0.0
2024-06-18 18:00:00+00:00,23.35,98.500854,28.640228,0.0,3.0,100.0,1.835647,101.3099,0.0,0.0
2024-06-18 19:00:00+00:00,23.5,97.90905,28.804714,0.0,3.0,100.0,1.9386592,111.801476,0.0,0.0
2024-06-18 20:00:00+00:00,23.55,97.90987,28.932365,0.0,3.0,100.0,1.609969,116.56499,0.0,0.0
2024-06-18 21:00:00+00:00,23.55,98.20609,28.844826,0.0,3.0,100.0,2.4149535,116.56499,0.0,0.0
2024-06-18 22:00:00+00:00,23.75,97.61793,28.984196,0.0,3.0,100.0,3.2399998,90.0,1.0,27.080011
2024-06-18 23:00:00+00:00,24.15,97.03899,29.655704,0.0,3.0,100.0,2.6208394,105.945465,1.0,69.99429
2024-06-19 00:00:00+00:00,25.0,94.191025,30.650791,0.0,3.0,100.0,3.096837,144.46223,1.0,147.32509
2024-06-19 01:00:00+00:00,26.45,88.264206,32.063564,0.1,51.0,100.0,4.8433046,138.01286,1.0,265.87436
2024-06-19 02:00:00+00:00,28.6,82.12699,34.98639,0.2,51.0,42.0,5.04,90.0,1.0,630.4574
2024-06-19 03:00:00+00:00,30.1,78.0456,37.859264,0.3,51.0,100.0,5.6233797,129.80553,1.0,785.5303
2024-06-19 04:00:00+00:00,30.65,74.07032,36.60887,0.4,51.0,100.0,7.5685663,177.27374,1.0,491.64764
2024-06-19 05:00:00+00:00,30.1,74.20078,35.818104,0.1,51.0,100.0,6.9527545,158.74942,1.0,234.00789
2024-06-19 06:00:00+00:00,29.4,77.021774,35.06655,1.3,61.0,100.0,7.0911775,156.0375,1.0,271.78064
2024-06-19 07:00:00+00:00,29.55,77.73529,35.67272,0.0,3.0,100.0,5.315336,151.69934,1.0,286.78265
2024-06-19 08:00:00+00:00,30.0,75.747856,36.093906,0.0,3.0,80.0,5.506941,168.69011,1.0,282.1392
2024-06-19 09:00:00+00:00,30.2,75.10609,36.11588,0.0,3.0,86.0,6.9527545,158.74942,1.0,244.20729
2024-06-19 10:00:00+00:00,29.3,81.2422,35.643475,0.0,3.0,100.0,6.1094027,135.0001,1.0,102.48917
2024-06-19 11:00:00+00:00,27.7,87.06337,33.77379,0.0,3.0,100.0,6.1305785,139.76372,0.0,0.0
2024-06-19 12:00:00+00:00,26.9,90.163414,32.845535,0.0,3.0,100.0,6.1094027,135.0001,0.0,0.0
2024-06-19 13:00:00+00:00,27.0,92.339264,33.31613,0.0,3.0,100.0,5.8603754,137.4896,0.0,0.0
2024-06-19 14:00:00+00:00,26.3,94.80753,32.631317,0.0,3.0,100.0,4.6102495,141.34016,0.0,0.0
2024-06-19 15:00:00+00:00,25.5,97.06828,31.497639,0.0,3.0,98.0,5.0911684,135.0001,0.0,0.0
2024-06-19 16:00:00+00:00,25.2,98.52133,31.193771,0.0,3.0,99.0,4.8965297,143.97253,0.0,0.0
2024-06-19 17:00:00+00:00,24.75,99.70171,30.553719,0.0,3.0,100.0,5.0911684,171.86998,0.0,0.0
2024-06-19 18:00:00+00:00,24.5,100.0,30.175724,0.0,3.0,100.0,5.0911684,188.13002,0.0,0.0
2024-06-19 19:00:00+00:00,25.6,100.0,32.36072,0.0,3.0,100.0,2.5959969,236.3099,0.0,0.0
2024-06-19 20:00:00+00:00,24.7,99.10715,30.632797,0.0,3.0,100.0,3.5455887,203.9625,0.0,0.0
2024-06-19 21:00:00+00:00,24.35,99.40244,30.041954,0.0,3.0,100.0,3.8939953,213.6901,0.0,0.0
2024-06-19 22:00:00+00:00,25.25,98.22855,31.488194,0.0,3.0,97.0,3.219938,206.56499,1.0,54.377434
2024-06-19 23:00:00+00:00,26.2,94.80375,32.97107,0.0,3.0,98.0,1.1384199,198.43504,1.0,198.92773
2024-06-20 00:00:00+00:00,27.55,87.83036,34.198753,0.0,3.0,100.0,2.1897945,350.53775,1.0,335.80255
2024-06-20 01:00:00+00:00,29.15,80.50312,35.919525,0.0,3.0,100.0,1.8,180.0,1.0,443.94806
2024-06-20 02:00:00+00:00,31.1,72.8373,37.866734,0.0,3.0,100.0,6.638072,220.60121,1.0,693.0477
2024-06-20 03:00:00+00:00,33.0,63.305767,40.17042,0.0,3.0,92.0,6.638072,229.39879,1.0,801.2381
2024-06-20 04:00:00+00:00,34.05,58.282753,41.479355,0.0,3.0,97.0,7.653705,221.18582,1.0,894.35736
2024-06-20 05:00:00+00:00,34.85,56.247417,42.411026,0.1,51.0,100.0,8.404285,223.26433,1.0,897.774
2024-06-20 06:00:00+00:00,35.0,54.954624,41.860645,0.1,51.0,100.0,8.14587,224.9999,1.0,777.28546
2024-06-20 07:00:00+00:00,34.8,56.235546,40.96473,0.1,51.0,100.0,8.699793,204.44394,1.0,636.1631
2024-06-20 08:00:00+00:00,34.1,59.879814,39.685432,0.1,51.0,100.0,8.707238,172.87508,1.0,470.04605
2024-06-20 09:00:00+00:00,31.9,71.69166,37.619137,0.0,3.0,100.0,12.24,151.92761,1.0,229.09483
2024-06-20 10:00:00+00:00,30.15,80.15732,36.176067,0.0,3.0,100.0,11.119281,150.9455,1.0,96.86887
2024-06-20 11:00:00+00:00,28.65,84.859055,34.890915,0.0,3.0,100.0,7.289445,147.09476,0.0,0.0
2024-06-20 12:00:00+00:00,27.8,87.85148,34.10541,0.0,3.0,100.0,5.692099,145.30478,0.0,0.0
2024-06-20 13:00:00+00:00,27.95,89.43913,34.780663,0.1,51.0,100.0,4.198285,149.03632,0.0,0.0
2024-06-20 14:00:00+00:00,27.25,91.53568,33.856087,0.0,3.0,100.0,4.3349743,138.36655,0.0,0.0
2024-06-20 15:00:00+00:00,26.75,92.60037,33.152016,0.0,3.0,100.0,4.3498964,155.55606,0.0,0.0
2024-06-20 16:00:00+00:00,26.2,94.80375,32.4877,0.0,3.0,100.0,4.452954,165.96373,0.0,0.0
2024-06-20 17:00:00+00:00,26.05,93.954575,32.253834,0.0,3.0,98.0,3.671294,168.69011,0.0,0.0
2024-06-20 18:00:00+00:00,26.1,93.6771,32.43932,0.0,3.0,93.0,2.7416782,203.19862,0.0,0.0
2024-06-20 19:00:00+00:00,25.1,96.76978,30.891453,0.0,0.0,7.0,4.510787,208.61037,0.0,0.0
2024-06-20 20:00:00+00:00,25.05,96.19103,30.809746,0.0,3.0,96.0,4.072935,224.9999,0.0,0.0
2024-06-20 21:00:00+00:00,24.95,96.18821,30.745235,0.0,3.0,100.0,3.396233,212.00534,0.0,0.0
2024-06-20 22:00:00+00:00,25.5,95.34557,31.645226,0.0,3.0,100.0,2.7416782,203.19862,1.0,70.99235
2024-06-20 23:00:00+00:00,26.8,92.05438,33.61351,0.0,3.0,100.0,1.2979984,123.690094,1.0,232.72763
2024-06-21 00:00:00+00:00,28.35,85.84069,35.207672,0.0,3.0,100.0,2.5959969,123.690094,1.0,437.3977
2024-06-21 01:00:00+00:00,30.65,78.123924,37.926132,0.0,2.0,64.0,3.096837,144.46223,1.0,627.7186
2024-06-21 02:00:00+00:00,32.15,71.5241,40.30137,0.0,1.0,23.0,4.3498964,155.55606,1.0,784.7587
2024-06-21 03:00:00+00:00,33.55,62.30237,41.296135,0.0,2.0,56.0,5.5887027,165.06853,1.0,839.87335
2024-06-21 04:00:00+00:00,34.85,54.590508,42.19619,0.0,3.0,92.0,7.208994,182.86235,1.0,904.558
2024-06-21 05:00:00+00:00,35.4,52.322147,42.00485,0.0,2.0,78.0,10.239453,190.1246,1.0,868.3565
2024-06-21 06:00:00+00:00,35.4,52.953354,41.736256,0.0,2.0,72.0,11.792404,192.33908,1.0,822.19855
2024-06-21 07:00:00+00:00,35.1,55.639248,41.14049,0.0,3.0,95.0,11.570515,185.35573,1.0,680.3829
2024-06-21 08:00:00+00:00,34.25,62.63843,40.073036,0.0,3.0,100.0,11.252519,172.64772,1.0,475.38544
2024-06-21 09:00:00+00:00,32.7,69.13313,38.424988,0.0,3.0,100.0,12.904882,157.01126,1.0,301.30716
2024-06-21 10:00:00+00:00,30.55,78.80427,36.200928,0.0,3.0,100.0,14.168641,152.78398,1.0,116.26941
2024-06-21 11:00:00+00:00,28.95,82.65784,34.737503,0.0,3.0,100.0,9.693296,158.19853,0.0,0.0
2024-06-21 12:00:00+00:00,27.6,88.6208,34.017605,0.0,3.0,100.0,4.6938257,147.52882,0.0,0.0
2024-06-21 13:00:00+00:00,27.65,90.750946,34.46034,0.0,3.0,100.0,4.1046314,142.12495,0.0,0.0
2024-06-21 14:00:00+00:00,26.85,93.71114,33.374905,0.0,3.0,100.0,4.8965297,143.97253,0.0,0.0
2024-06-21 15:00:00+00:00,27.35,89.12937,33.834785,0.0,3.0,100.0,3.5455887,156.0375,0.0,0.0
2024-06-21 16:00:00+00:00,27.15,89.91306,33.929504,0.0,3.0,100.0,1.2979984,146.3099,0.0,0.0
2024-06-21 17:00:00+00:00,25.6,96.493614,31.752983,0.0,3.0,100.0,4.0249224,153.43501,0.0,0.0
2024-06-21 18:00:00+00:00,25.35,97.35509,31.489582,0.0,3.0,100.0,3.671294,168.69011,0.0,0.0
2024-06-21 19:00:00+00:00,25.75,95.35405,32.40449,0.0,3.0,97.0,0.35999998,360.0,0.0,0.0
2024-06-21 20:00:00+00:00,25.65,96.207726,32.223846,0.0,3.0,91.0,1.1384199,251.56496,0.0,0.0
2024-06-21 21:00:00+00:00,25.3,97.64506,31.758595,0.0,3.0,82.0,1.484318,194.03627,0.0,0.0
2024-06-21 22:00:00+00:00,25.4,97.93827,31.91056,0.0,1.0,20.0,1.8,233.13002,1.0,68.579254
2024-06-21 23:00:00+00:00,26.9,92.33382,33.667194,0.0,0.0,16.0,2.3051248,141.34016,1.0,232.92093
2024-06-22 00:00:00+00:00,28.7,85.36809,35.989548,0.0,0.0,13.0,0.8049845,26.564985,1.0,441.1615
2024-06-22 01:00:00+00:00,30.7,79.52428,38.277176,0.0,2.0,62.0,3.319036,130.60121,1.0,642.4849
2024-06-22 02:00:00+00:00,32.55,70.34011,40.770035,0.0,0.0,16.0,4.73506,188.74608,1.0,795.64044
2024-06-22 03:00:00+00:00,34.1,58.643433,40.95428,0.0,3.0,96.0,10.390226,194.03627,1.0,888.94037
2024-06-22 04:00:00+00:00,34.95,55.107124,41.847183,0.0,3.0,94.0,11.503113,200.13638,1.0,934.99994
2024-06-22 05:00:00+00:00,35.45,54.41008,42.139736,0.0,3.0,94.0,14.118243,199.35909,1.0,927.44867
2024-06-22 06:00:00+00:00,35.5,53.937042,41.655502,0.0,3.0,100.0,14.8257065,209.0545,1.0,838.50146
2024-06-22 07:00:00+00:00,35.3,56.019672,41.39033,0.0,3.0,100.0,12.397806,205.82094,1.0,678.63367
2024-06-22 08:00:00+00:00,34.85,58.293667,40.137363,0.0,3.0,100.0,11.879999,180.0,1.0,477.22644
2024-06-22 09:00:00+00:00,32.6,68.910484,38.055065,0.0,3.0,100.0,14.039999,157.3801,1.0,282.98123
2024-06-22 10:00:00+00:00,30.85,77.00858,36.44595,0.0,3.0,100.0,14.05845,166.67546,1.0,101.62057
2024-06-22 11:00:00+00:00,29.55,80.078674,35.627743,0.0,3.0,100.0,7.928178,177.39749,0.0,0.0
2024-06-22 12:00:00+00:00,28.65,83.61028,34.942295,0.0,3.0,100.0,5.771239,176.42374,0.0,0.0
2024-06-22 13:00:00+00:00,28.3,89.2014,35.26686,0.0,3.0,99.0,4.6938257,147.52882,0.0,0.0
2024-06-22 14:00:00+00:00,27.75,90.48943,34.50877,0.0,3.0,100.0,4.6938257,147.52882,0.0,0.0
2024-06-22 15:00:00+00:00,27.15,92.621506,33.79892,0.0,3.0,100.0,4.510787,151.38963,0.0,0.0
2024-06-22 16:00:00+00:00,27.7,88.104225,34.306656,0.0,3.0,100.0,3.396233,147.99466,0.0,0.0
2024-06-22 17:00:00+00:00,27.3,89.656975,33.96419,0.0,3.0,100.0,2.5455842,171.86998,0.0,0.0
2024-06-22 18:00:00+00:00,26.6,92.8682,33.094334,0.0,3.0,95.0,3.2599385,186.3401,0.0,0.0
2024-06-22 19:00:00+00:00,26.5,93.41717,33.098675,0.0,3.0,99.0,2.5455842,188.13002,0.0,0.0
2024-06-22 20:00:00+00:00,26.25,94.80564,33.031033,0.0,3.0,100.0,1.2979984,236.3099,0.0,0.0
2024-06-22 21:00:00+00:00,25.6,96.781624,31.888721,0.0,3.0,100.0,3.319036,192.5288,0.0,0.0
2024-06-22 22:00:00+00:00,25.85,97.0758,32.50164,0.0,3.0,100.0,2.1897945,170.53775,1.0,68.93385
2024-06-22 23:00:00+00:00,27.3,92.355675,34.622616,0.0,3.0,100.0,0.35999998,90.0,1.0,228.92233
2024-06-23 00:00:00+00:00,29.0,86.15735,36.43769,0.0,3.0,100.0,1.9386592,111.801476,1.0,437.6876
2024-06-23 01:00:00+00:00,31.2,76.38242,38.522804,0.0,3.0,100.0,3.7585104,163.30067,1.0,634.7191
2024-06-23 02:00:00+00:00,33.05,63.884243,39.98647,0.0,3.0,99.0,7.289444,200.22495,1.0,783.88745
2024-06-23 03:00:00+00:00,34.3,57.13366,40.748447,0.0,3.0,100.0,11.298495,210.65059,1.0,873.4033
2024-06-23 04:00:00+00:00,34.95,55.437527,41.5061,0.0,3.0,100.0,13.479583,214.11452,1.0,925.98236
2024-06-23 05:00:00+00:00,35.4,54.8871,41.965466,0.0,3.0,99.0,14.33234,205.27768,1.0,899.9963
2024-06-23 06:00:00+00:00,34.45,57.683075,40.226425,0.4,51.0,100.0,16.965895,197.28159,1.0,818.55444
2024-06-23 07:00:00+00:00,34.35,58.875904,39.988552,0.0,3.0,100.0,14.154915,187.30566,1.0,655.72906
2024-06-23 08:00:00+00:00,33.1,66.01469,38.46871,0.0,3.0,100.0,13.441071,172.30405,1.0,430.98233
2024-06-23 09:00:00+00:00,32.15,70.47544,38.14514,0.0,3.0,100.0,10.105681,175.91446,1.0,255.81467
2024-06-23 10:00:00+00:00,31.1,77.27281,38.323517,0.0,3.0,100.0,4.3498964,204.44394,1.0,91.43511
2024-06-23 11:00:00+00:00,29.65,78.91319,35.92737,0.0,3.0,97.0,5.8603754,190.6196,0.0,0.0
2024-06-23 12:00:00+00:00,28.4,85.085335,34.867798,0.0,3.0,100.0,4.802999,167.00539,0.0,0.0
2024-06-23 13:00:00+00:00,28.5,84.34165,34.600086,0.0,3.0,99.0,7.0911775,156.0375,0.0,0.0
2024-06-23 14:00:00+00:00,27.95,87.3445,34.270905,0.0,3.0,100.0,5.815978,158.19853,0.0,0.0
2024-06-23 15:00:00+00:00,27.25,90.99436,33.76251,0.0,3.0,100.0,4.510787,151.38963,0.0,0.0
2024-06-23 16:00:00+00:00,26.7,93.704346,33.225204,0.0,3.0,100.0,4.198285,149.03632,0.0,0.0
2024-06-23 17:00:00+00:00,26.2,95.65304,32.57323,0.0,3.0,100.0,4.5536795,161.56496,0.0,0.0
2024-06-23 18:00:00+00:00,25.9,96.78872,32.186382,0.0,3.0,100.0,4.6938252,175.60138,0.0,0.0
2024-06-23 19:00:00+00:00,25.75,97.073654,32.106472,0.0,3.0,100.0,3.7585104,163.30067,0.0,0.0
2024-06-23 20:00:00+00:00,26.35,94.80941,32.963787,0.0,3.0,98.0,2.9024127,209.7448,0.0,0.0
2024-06-23 21:00:00+00:00,25.65,96.49488,31.93864,0.0,3.0,100.0,3.319036,220.60121,0.0,0.0
2024-06-23 22:00:00+00:00,26.15,95.936134,32.548695,0.0,3.0,100.0,4.379589,170.53775,1.0,66.55302
2024-06-23 23:00:00+00:00,27.2,91.261566,34.15396,0.0,3.0,100.0,1.484318,165.96373,1.0,203.84799
2024-06-24 00:00:00+00:00,28.75,83.62134,35.7167,0.0,3.0,100.0,1.609969,206.56499,1.0,379.79504
2024-06-24 01:00:00+00:00,31.05,74.79695,37.697865,0.0,3.0,100.0,5.495161,211.60745,1.0,622.4485
2024-06-24 02:00:00+00:00,32.55,64.73717,38.623558,0.0,2.0,59.0,9.290511,215.53777,1.0,716.06067
2024-06-24 03:00:00+00:00,33.85,60.540787,40.694717,0.0,0.0,8.0,10.883676,214.21576,1.0,867.24756
2024-06-24 04:00:00+00:00,34.6,57.890244,41.335213,0.0,0.0,10.0,13.0447235,207.97939,1.0,896.7235
2024-06-24 05:00:00+00:00,34.7,57.227432,40.895786,0.0,3.0,95.0,15.141414,198.00426,1.0,851.88184
2024-06-24 06:00:00+00:00,34.3,57.304703,39.87815,0.5,53.0,100.0,11.592895,205.76927,1.0,655.48364
2024-06-24 07:00:00+00:00,33.9,59.301678,38.998077,0.0,3.0,100.0,12.864649,197.92801,1.0,563.8319
2024-06-24 08:00:00+00:00,32.35,66.65194,37.6982,0.5,53.0,100.0,11.043261,199.0257,1.0,377.72314
2024-06-24 09:00:00+00:00,31.6,72.27808,38.206505,0.0,3.0,100.0,5.4477882,187.59456,1.0,144.39435
2024-06-24 10:00:00+00:00,30.95,78.85944,38.476162,0.0,3.0,100.0,3.2599385,173.6599,1.0,85.73085
2024-06-24 11:00:00+00:00,29.3,84.92585,36.235073,0.0,3.0,100.0,5.6233797,140.19447,0.0,0.0
2024-06-24 12:00:00+00:00,28.65,88.70378,35.740562,0.0,3.0,82.0,5.0528407,94.08554,0.0,0.0
2024-06-24 13:00:00+00:00,28.3,91.59842,35.658936,0.0,3.0,100.0,4.198285,120.96369,0.0,0.0
2024-06-24 14:00:00+00:00,27.8,89.95907,34.61006,0.0,3.0,100.0,4.1046314,142.12495,0.0,0.0
2024-06-24 15:00:00+00:00,27.05,92.891136,33.889797,2.1,61.0,100.0,2.968636,14.036275,0.0,0.0
2024-06-24 16:00:00+00:00,25.9,93.11015,31.226707,1.1,55.0,100.0,8.350138,7.4313188,0.0,0.0
2024-06-24 17:00:00+00:00,25.7,93.37915,31.442055,1.8,61.0,100.0,4.8433046,221.98714,0.0,0.0
2024-06-24 18:00:00+00:00,25.75,94.222496,31.990803,0.2,51.0,100.0,2.3051248,38.65983,0.0,0.0
2024-06-24 19:00:00+00:00,25.45,94.77539,31.478752,0.3,51.0,100.0,2.8799999,270.0,0.0,0.0
2024-06-24 20:00:00+00:00,25.95,89.55818,31.742134,0.1,51.0,99.0,2.5455842,135.0001,0.0,0.0
2024-06-24 21:00:00+00:00,25.05,94.47632,30.832485,0.0,3.0,88.0,2.6208394,164.05453,0.0,0.0
2024-06-24 22:00:00+00:00,25.7,91.99171,31.653248,0.0,3.0,100.0,2.3051248,128.65984,1.0,61.3843
2024-06-24 23:00:00+00:00,26.3,90.391594,32.59018,0.0,3.0,100.0,1.2979984,146.3099,1.0,192.81201
2024-06-25 00:00:00+00:00,27.25,86.2472,33.414494,0.0,3.0,99.0,2.8116899,140.19447,1.0,320.6575
2024-06-25 01:00:00+00:00,29.7,78.68624,36.549183,0.1,51.0,45.0,1.9386592,158.19853,1.0,540.2526
2024-06-25 02:00:00+00:00,31.3,71.798965,38.78939,0.2,51.0,44.0,3.8773184,201.80147,1.0,747.4465
2024-06-25 03:00:00+00:00,33.05,63.884243,40.21964,0.0,2.0,68.0,8.473393,192.26476,1.0,832.94763
2024-06-25 04:00:00+00:00,33.95,60.203583,41.05871,0.0,2.0,76.0,12.074766,190.3048,1.0,927.18085
2024-06-25 05:00:00+00:00,34.25,57.981796,41.112396,0.0,2.0,63.0,11.542478,183.57626,1.0,881.47784
2024-06-25 06:00:00+00:00,33.75,59.800854,40.35522,0.0,2.0,69.0,11.298495,202.47948,1.0,798.68365
2024-06-25 07:00:00+00:00,34.25,57.464504,40.6385,0.0,3.0,91.0,5.3999996,216.86998,1.0,605.2958
2024-06-25 08:00:00+00:00,32.85,60.861977,38.8641,0.2,51.0,100.0,1.8,143.13002,1.0,391.7789
2024-06-25 09:00:00+00:00,31.3,71.16219,37.740765,0.5,53.0,100.0,4.0249224,349.69522,1.0,198.20148
2024-06-25 10:00:00+00:00,27.05,84.186325,31.200829,0.7,53.0,93.0,14.003029,342.03076,1.0,80.00672
2024-06-25 11:00:00+00:00,26.45,84.37523,31.763641,0.1,51.0,100.0,3.7064266,150.9455,0.0,0.0
2024-06-25 12:00:00+00:00,25.9,91.180534,31.722675,0.0,3.0,100.0,3.4152596,198.43504,0.0,0.0
2024-06-25 13:00:00+00:00,25.85,88.214806,29.704632,1.6,61.0,100.0,14.345898,287.52567,0.0,0.0
2024-06-25 14:00:00+00:00,25.0,93.908485,30.40728,0.1,51.0,100.0,4.5536795,341.56494,0.0,0.0
2024-06-25 15:00:00+00:00,24.85,92.22046,30.278248,0.0,3.0,100.0,2.52,270.0,0.0,0.0
2024-06-25 16:00:00+00:00,25.35,87.642136,30.535183,0.0,3.0,100.0,2.7416782,203.19862,0.0,0.0
2024-06-25 17:00:00+00:00,25.45,88.98329,31.055614,0.0,3.0,100.0,1.2979984,303.6901,0.0,0.0
2024-06-25 18:00:00+00:00,25.55,88.72332,31.375084,0.0,1.0,28.0,0.0,270.0,0.0,0.0
2024-06-25 19:00:00+00:00,25.4,90.05851,30.934006,0.0,3.0,90.0,2.4149535,116.56499,0.0,0.0
2024-06-25 20:00:00+00:00,25.45,89.79126,30.964886,0.0,3.0,93.0,2.5455842,188.13002,0.0,0.0
2024-06-25 21:00:00+00:00,25.45,90.60565,31.056816,0.0,3.0,96.0,2.5455842,188.13002,0.0,0.0
2024-06-25 22:00:00+00:00,25.2,95.05029,31.311787,0.0,3.0,100.0,1.4399999,270.0,1.0,44.940548
2024-06-25 23:00:00+00:00,25.7,90.07962,31.717842,0.0,3.0,100.0,0.35999998,180.0,1.0,69.04289
2024-06-26 00:00:00+00:00,26.2,89.30858,32.383644,0.0,3.0,100.0,0.71999997,90.0,1.0,164.63463
2024-06-26 01:00:00+00:00,27.3,86.7683,33.49641,0.0,3.0,100.0,3.2599385,96.340096,1.0,190.65579
2024-06-26 02:00:00+00:00,27.95,84.03216,34.463287,0.1,51.0,96.0,1.5273507,135.0001,1.0,250.26707
2024-06-26 03:00:00+00:00,29.05,78.8301,35.384205,0.1,51.0,88.0,2.7416782,113.19862,1.0,477.5171
2024-06-26 04:00:00+00:00,30.15,74.20897,36.991234,0.1,51.0,70.0,4.198285,120.96369,1.0,665.088
2024-06-26 05:00:00+00:00,31.4,68.27466,38.429935,0.0,2.0,79.0,5.495161,121.60746,1.0,729.0605
2024-06-26 06:00:00+00:00,32.1,64.64381,38.005737,0.0,3.0,83.0,8.39657,120.96369,1.0,630.8036
2024-06-26 07:00:00+00:00,31.5,64.32525,35.8447,0.5,53.0,55.0,12.413477,150.46132,1.0,521.6449
2024-06-26 08:00:00+00:00,30.7,70.00145,35.773785,0.0,1.0,25.0,9.585739,145.71307,1.0,333.23956
2024-06-26 09:00:00+00:00,30.85,71.506645,36.772434,0.0,3.0,98.0,5.991594,122.73522,1.0,269.69318
2024-06-26 10:00:00+00:00,30.0,79.66536,36.89362,0.0,3.0,100.0,3.9763298,95.19434,1.0,91.054405
2024-06-26 11:00:00+00:00,28.45,88.42673,35.306614,0.0,3.0,99.0,5.4477882,82.40546,0.0,0.0
2024-06-26 12:00:00+00:00,28.05,89.44655,34.830837,0.0,3.0,86.0,5.0142193,68.96242,0.0,0.0
2024-06-26 13:00:00+00:00,27.7,86.54698,34.265133,0.2,51.0,100.0,2.3051248,321.34018,0.0,0.0
2024-06-26 14:00:00+00:00,26.9,93.71341,33.605118,0.1,51.0,100.0,3.8939953,326.3099,0.0,0.0
2024-06-26 15:00:00+00:00,26.7,94.26199,33.421196,0.1,51.0,100.0,3.319036,310.60123,0.0,0.0
2024-06-26 16:00:00+00:00,26.4,94.81131,32.87658,0.1,51.0,100.0,4.072935,315.0001,0.0,0.0
2024-06-26 17:00:00+00:00,26.15,94.801895,32.495857,0.2,51.0,100.0,3.8268526,318.81415,0.0,0.0
2024-06-26 18:00:00+00:00,25.75,95.35405,31.81615,0.0,3.0,99.0,4.39436,325.0079,0.0,0.0
2024-06-26 19:00:00+00:00,25.55,95.34729,31.426842,0.0,3.0,91.0,4.802999,347.00537,0.0,0.0
2024-06-26 20:00:00+00:00,26.6,92.043045,33.26005,0.0,2.0,60.0,1.4399999,270.0,0.0,0.0
2024-06-26 21:00:00+00:00,26.35,93.13236,32.8052,0.0,3.0,97.0,2.6208394,285.94547,0.0,0.0
2024-06-26 22:00:00+00:00,26.2,94.80375,32.71382,0.0,1.0,41.0,2.9024127,299.74478,1.0,67.89085
2024-06-26 23:00:00+00:00,26.95,92.61093,34.003468,0.0,1.0,29.0,0.8049845,333.43503,1.0,229.96053
2024-06-27 00:00:00+00:00,28.15,85.05985,34.96112,0.0,3.0,100.0,1.2979984,123.690094,1.0,420.2514
2024-06-27 01:00:00+00:00,29.45,81.26088,36.561047,0.0,0.0,8.0,2.1897945,9.462248,1.0,636.4291
2024-06-27 02:00:00+00:00,30.9,73.89187,38.875732,0.0,3.0,88.0,1.2979984,236.3099,1.0,746.609
2024-06-27 03:00:00+00:00,32.65,63.60987,39.179413,0.0,2.0,70.0,9.114471,189.0902,1.0,791.4422
2024-06-27 04:00:00+00:00,31.9,63.832436,37.493427,0.0,3.0,87.0,11.019764,231.63248,1.0,731.97687
2024-06-27 05:00:00+00:00,32.65,63.042576,39.255585,0.0,3.0,88.0,8.891343,238.24055,1.0,769.4739
2024-06-27 06:00:00+00:00,33.25,61.316032,39.943054,0.0,3.0,83.0,7.289444,249.77505,1.0,707.2178
2024-06-27 07:00:00+00:00,34.15,57.269543,40.903152,0.0,3.0,100.0,5.8048253,240.2552,1.0,682.7218
2024-06-27 08:00:00+00:00,32.95,60.520535,38.296093,0.0,3.0,100.0,6.379216,196.38962,1.0,404.1449
2024-06-27 09:00:00+00:00,32.1,66.206375,38.61802,0.1,51.0,100.0,1.4399999,270.0,1.0,127.65485
2024-06-27 10:00:00+00:00,29.25,82.204605,35.606277,1.3,61.0,100.0,6.725354,15.524177,1.0,78.84513
2024-06-27 11:00:00+00:00,27.95,92.1191,35.215664,0.0,3.0,100.0,3.6179552,5.7105074,0.0,0.0
2024-06-27 12:00:00+00:00,27.5,94.017334,34.698338,0.0,3.0,100.0,3.6,360.0,0.0,0.0
2024-06-27 13:00:00+00:00,27.45,86.782005,33.473526,0.8,53.0,99.0,5.1165614,320.7106,0.0,0.0
2024-06-27 14:00:00+00:00,27.0,88.309204,33.11424,0.0,3.0,97.0,3.8268526,318.81415,0.0,0.0
2024-06-27 15:00:00+00:00,27.55,84.49226,33.974346,0.0,3.0,100.0,0.8049845,333.43503,0.0,0.0
2024-06-27 16:00:00+00:00,27.3,87.02753,33.838425,0.0,3.0,100.0,1.1384199,341.56494,0.0,0.0
2024-06-27 17:00:00+00:00,27.05,89.638794,33.613163,0.0,3.0,100.0,2.0991426,329.03632,0.0,0.0
2024-06-27 18:00:00+00:00,26.2,94.80375,32.817745,0.0,3.0,99.0,2.1897945,279.46225,0.0,0.0
2024-06-27 19:00:00+00:00,26.5,96.80278,33.608837,0.0,3.0,100.0,1.835647,281.3099,0.0,0.0
2024-06-27 20:00:00+00:00,25.55,99.407776,32.256332,0.0,3.0,99.0,2.2768397,251.56496,0.0,0.0
2024-06-27 21:00:00+00:00,25.1,100.0,31.57026,0.0,3.0,100.0,2.3051248,218.65984,0.0,0.0
2024-06-27 22:00:00+00:00,25.95,99.115395,33.058605,0.0,3.0,100.0,1.1384199,251.56496,1.0,57.003426
2024-06-27 23:00:00+00:00,26.9,93.99149,33.944687,0.0,3.0,100.0,1.8,360.0,1.0,193.53593
2024-06-28 00:00:00+00:00,27.95,87.60397,34.986973,0.1,51.0,100.0,1.1384199,161.56496,1.0,342.90552
2024-06-28 01:00:00+00:00,29.65,79.61853,36.183304,0.3,51.0,100.0,4.802999,192.99461,1.0,594.83057
2024-06-28 02:00:00+00:00,31.25,68.859924,36.608746,0.1,51.0,100.0,9.531505,190.88548,1.0,615.0854
2024-06-28 03:00:00+00:00,31.55,66.095535,36.283257,0.1,51.0,100.0,11.252519,187.35228,1.0,531.8666
2024-06-28 04:00:00+00:00,31.95,64.612595,36.68835,0.0,3.0,100.0,11.212135,185.52745,1.0,545.7495
2024-06-28 05:00:00+00:00,31.95,65.978935,37.45848,0.0,3.0,100.0,11.966953,186.91113,1.0,656.37836
2024-06-28 06:00:00+00:00,32.2,64.858025,37.621925,0.0,3.0,100.0,11.879999,180.0,1.0,625.19745
2024-06-28 07:00:00+00:00,32.05,65.99915,37.191372,0.1,51.0,100.0,12.964998,181.59111,1.0,567.7672
2024-06-28 08:00:00+00:00,31.3,69.69557,36.386024,0.0,3.0,100.0,11.720751,169.3804,1.0,405.07416
2024-06-28 09:00:00+00:00,30.85,72.79472,36.10001,0.0,3.0,100.0,11.966954,164.2913,1.0,253.76073
2024-06-28 10:00:00+00:00,29.75,77.53345,35.562935,0.0,3.0,100.0,8.12197,167.19574,1.0,98.94464
2024-06-28 11:00:00+00:00,28.5,81.3843,34.318165,0.0,3.0,100.0,6.28713,156.3706,0.0,0.0
2024-06-28 12:00:00+00:00,27.65,85.77252,33.619686,0.0,3.0,100.0,5.4833565,156.80138,0.0,0.0
2024-06-28 13:00:00+00:00,27.55,88.091835,33.77634,0.0,3.0,100.0,5.315336,151.69934,0.0,0.0
2024-06-28 14:00:00+00:00,27.2,90.72147,33.551147,0.0,3.0,100.0,5.154415,155.22488,0.0,0.0
2024-06-28 15:00:00+00:00,26.65,93.424286,33.107876,0.0,3.0,100.0,4.198285,149.03632,0.0,0.0
2024-06-28 16:00:00+00:00,26.1,94.799995,32.1695,0.0,3.0,100.0,5.495161,148.39255,0.0,0.0
2024-06-28 17:00:00+00:00,26.6,92.043045,32.902176,0.0,3.0,100.0,3.8939953,146.3099,0.0,0.0
2024-06-28 18:00:00+00:00,25.7,95.35233,31.64508,0.0,3.0,100.0,5.00128,149.74365,0.0,0.0
2024-06-28 19:00:00+00:00,26.85,91.784035,33.636253,0.0,3.0,100.0,1.484318,75.96373,0.0,0.0
2024-06-28 20:00:00+00:00,26.45,94.81313,33.217968,0.0,3.0,96.0,2.3051248,38.65983,0.0,0.0
2024-06-28 21:00:00+00:00,25.95,98.529495,33.082256,0.0,3.0,83.0,0.5091169,315.0001,0.0,0.0
2024-06-28 22:00:00+00:00,25.75,100.0,32.75606,0.0,3.0,100.0,1.609969,116.56499,1.0,66.07678
2024-06-28 23:00:00+00:00,27.1,94.00009,34.09592,0.0,3.0,87.0,3.0758414,69.44387,1.0,217.85492
2024-06-29 00:00:00+00:00,29.0,82.66366,35.60283,0.1,51.0,98.0,4.3349743,175.23645,1.0,404.90427
2024-06-29 01:00:00+00:00,30.65,68.13007,34.857216,0.1,51.0,39.0,13.358861,194.03627,1.0,508.0553
2024-06-29 02:00:00+00:00,31.6,65.12304,35.896862,0.0,2.0,70.0,16.279802,198.03438,1.0,681.02856
2024-06-29 03:00:00+00:00,32.3,63.156406,37.3008,0.1,51.0,73.0,16.73516,198.8248,1.0,794.7737
2024-06-29 04:00:00+00:00,31.9,65.772064,37.218292,0.3,51.0,99.0,15.188415,185.44025,1.0,747.3205
2024-06-29 05:00:00+00:00,31.95,64.80627,37.042286,0.0,3.0,99.0,16.981165,184.86443,1.0,762.73004
2024-06-29 06:00:00+00:00,31.5,68.702255,36.770252,0.1,51.0,92.0,16.93531,182.4366,1.0,705.4397
2024-06-29 07:00:00+00:00,31.2,69.469536,36.036495,0.1,51.0,97.0,16.203999,181.273,1.0,594.51105
2024-06-29 08:00:00+00:00,30.0,75.298225,34.720364,1.1,55.0,100.0,14.471821,185.7105,1.0,343.87366
2024-06-29 09:00:00+00:00,29.2,80.27075,34.703106,0.0,3.0,100.0,10.483357,164.05453,1.0,131.72427
2024-06-29 10:00:00+00:00,28.55,82.857216,34.224957,0.0,3.0,100.0,8.854829,153.43501,1.0,66.64628
2024-06-29 11:00:00+00:00,27.7,85.52221,33.44989,0.0,3.0,100.0,6.989936,145.49142,0.0,0.0
2024-06-29 12:00:00+00:00,27.15,88.058624,33.013638,0.0,3.0,100.0,5.991594,147.26479,0.0,0.0
2024-06-29 13:00:00+00:00,27.25,90.18766,33.16289,0.0,3.0,100.0,7.928177,140.52757,0.0,0.0
2024-06-29 14:00:00+00:00,26.75,93.984985,33.342884,0.0,3.0,100.0,4.198285,149.03632,0.0,0.0
2024-06-29 15:00:00+00:00,26.9,92.60832,33.46924,0.0,3.0,100.0,3.8939953,146.3099,0.0,0.0
2024-06-29 16:00:00+00:00,27.1,91.526665,33.50741,0.0,3.0,100.0,5.00128,149.74365,0.0,0.0
2024-06-29 17:00:00+00:00,26.25,94.80564,32.455914,0.0,3.0,100.0,5.2416787,164.05453,0.0,0.0
2024-06-29 18:00:00+00:00,26.4,93.690765,32.724506,0.0,3.0,100.0,4.198285,149.03632,0.0,0.0
2024-06-29 19:00:00+00:00,26.25,93.40534,32.405212,0.0,3.0,100.0,4.452954,165.96373,0.0,0.0
2024-06-29 20:00:00+00:00,26.25,91.74885,32.271584,0.0,3.0,100.0,4.0249224,153.43501,0.0,0.0
2024-06-29 21:00:00+00:00,25.3,95.33881,30.965332,0.0,3.0,100.0,5.154415,155.22488,0.0,0.0
2024-06-29 22:00:00+00:00,26.55,92.04021,32.838955,0.0,3.0,100.0,3.7585104,163.30067,1.0,63.733524
2024-06-29 23:00:00+00:00,27.65,85.26268,33.669327,0.0,3.0,100.0,4.6938252,184.39862,1.0,189.83907
2024-06-30 00:00:00+00:00,28.75,79.49734,34.489605,0.0,3.0,100.0,6.151683,200.55612,1.0,357.81104
2024-06-30 01:00:00+00:00,30.25,72.692154,35.437874,0.0,3.0,100.0,9.693296,201.80147,1.0,557.8862
2024-06-30 02:00:00+00:00,31.6,65.12304,36.330215,0.0,3.0,94.0,13.584932,212.00534,1.0,685.46826
2024-06-30 03:00:00+00:00,32.8,60.124966,37.94291,0.0,1.0,43.0,14.480773,214.8754,1.0,793.8348
2024-06-30 04:00:00+00:00,33.65,58.36481,39.633583,0.1,51.0,97.0,14.182355,203.9625,1.0,884.1184
2024-06-30 05:00:00+00:00,33.75,58.9143,39.455288,0.0,3.0,100.0,17.163355,189.65982,1.0,874.0215
2024-06-30 06:00:00+00:00,32.95,63.863197,38.38935,0.1,51.0,96.0,17.057314,187.27492,1.0,722.685
2024-06-30 07:00:00+00:00,33.0,66.19037,38.842926,0.7,53.0,96.0,15.937878,198.43504,1.0,658.9916
2024-06-30 08:00:00+00:00,32.6,64.3628,37.268055,0.0,3.0,99.0,14.118243,199.35909,1.0,478.67444
2024-06-30 09:00:00+00:00,31.45,72.68135,37.451866,0.0,3.0,100.0,9.36,180.0,1.0,231.35823
2024-06-30 10:00:00+00:00,30.65,75.40058,36.905933,0.2,51.0,100.0,6.924738,171.02745,1.0,102.27834
2024-06-30 11:00:00+00:00,29.5,76.35059,34.471546,0.0,3.0,100.0,11.631956,158.19853,0.0,0.0
2024-06-30 12:00:00+00:00,28.3,80.8749,33.570637,0.0,3.0,100.0,8.707238,172.87508,0.0,0.0
2024-06-30 13:00:00+00:00,28.05,84.54503,33.966717,0.0,3.0,100.0,6.519877,173.6599,0.0,0.0
2024-06-30 14:00:00+00:00,27.4,88.604935,33.683846,0.0,3.0,100.0,4.6938252,175.60138,0.0,0.0
2024-06-30 15:00:00+00:00,27.1,90.44574,33.359825,0.0,3.0,100.0,5.0911684,171.86998,0.0,0.0
2024-06-30 16:00:00+00:00,26.75,92.325584,33.114193,0.0,3.0,94.0,4.379589,170.53775,0.0,0.0
2024-06-30 17:00:00+00:00,26.5,93.41717,32.82052,0.0,3.0,100.0,4.452954,165.96373,0.0,0.0
2024-06-30 18:00:00+00:00,26.2,93.96107,32.33329,0.0,3.0,100.0,4.829907,153.43501,0.0,0.0
2024-06-30 19:00:00+00:00,26.05,93.67486,32.04244,0.0,3.0,100.0,4.8965297,143.97253,0.0,0.0
2024-06-30 20:00:00+00:00,25.9,93.94801,31.88375,0.0,3.0,100.0,4.510787,151.38963,0.0,0.0
2024-06-30 21:00:00+00:00,25.55,94.77922,31.311085,0.0,3.0,99.0,5.154415,155.22488,0.0,0.0
2024-06-30 22:00:00+00:00,26.85,92.05721,33.55417,0.0,3.0,100.0,2.2768397,161.56496,1.0,58.446663
2024-06-30 23:00:00+00:00,27.95,84.78661,34.257042,0.0,3.0,100.0,3.6179552,174.2895,1.0,198.6419
2024-07-01 00:00:00+00:00,29.3,77.23698,34.743748,0.0,3.0,87.0,8.39657,210.96368,1.0,379.84763
2024-07-01 01:00:00+00:00,30.95,71.09964,36.20194,0.2,51.0,100.0,10.587917,197.81898,1.0,576.1184
2024-07-01 02:00:00+00:00,31.35,69.497536,36.47939,0.0,3.0,100.0,15.281989,195.01842,1.0,708.2659
2024-07-01 03:00:00+00:00,31.35,69.497536,36.185856,0.5,53.0,96.0,14.685176,191.30989,1.0,609.2779
2024-07-01 04:00:00+00:00,32.75,64.01154,38.3693,0.0,3.0,94.0,15.379206,196.31393,1.0,767.7341
2024-07-01 05:00:00+00:00,33.8,60.529655,39.959347,0.0,2.0,53.0,15.745627,190.53912,1.0,852.4441
2024-07-01 06:00:00+00:00,34.15,59.181915,39.973595,0.0,1.0,23.0,17.298738,192.01146,1.0,820.1292
2024-07-01 07:00:00+00:00,33.6,61.210575,38.65649,0.0,0.0,12.0,17.581125,190.6196,1.0,655.36444
2024-07-01 08:00:00+00:00,32.9,64.80956,37.68298,0.0,3.0,80.0,16.215992,182.54475,1.0,507.59985
2024-07-01 09:00:00+00:00,32.0,69.001656,36.921528,0.0,3.0,100.0,15.124284,181.36389,1.0,314.94528
2024-07-01 10:00:00+00:00,31.0,71.746284,36.24493,0.0,3.0,100.0,11.542478,176.42374,1.0,113.96608
2024-07-01 11:00:00+00:00,29.65,75.919495,34.77084,0.0,3.0,100.0,10.829958,158.5522,0.0,0.0
2024-07-01 12:00:00+00:00,28.9,79.04474,34.25649,0.0,3.0,100.0,9.0,163.73972,0.0,0.0
2024-07-01 13:00:00+00:00,28.3,83.3231,34.220627,0.0,3.0,100.0,6.489992,160.55988,0.0,0.0
2024-07-01 14:00:00+00:00,27.8,86.29923,33.787884,0.0,3.0,100.0,6.489992,160.55988,0.0,0.0
2024-07-01 15:00:00+00:00,27.5,87.826096,33.301548,0.0,3.0,100.0,7.771331,166.60748,0.0,0.0
2024-07-01 16:00:00+00:00,27.2,89.117966,33.25401,0.0,3.0,99.0,5.815978,158.19853,0.0,0.0
2024-07-01 17:00:00+00:00,27.15,89.379776,33.30609,0.0,3.0,88.0,5.1165614,140.71062,0.0,0.0
2024-07-01 18:00:00+00:00,26.95,90.70506,33.10536,0.0,3.0,93.0,5.3517847,137.72638,0.0,0.0
2024-07-01 19:00:00+00:00,26.25,93.96327,32.488445,0.0,3.0,99.0,4.3349743,138.36655,0.0,0.0
2024-07-01 20:00:00+00:00,25.65,95.06646,31.458122,0.0,3.0,98.0,5.495161,148.39255,0.0,0.0
2024-07-01 21:00:00+00:00,25.9,94.228745,31.889603,0.0,3.0,99.0,4.6938257,147.52882,0.0,0.0
2024-07-01 22:00:00+00:00,26.8,91.50859,33.00673,0.0,3.0,99.0,5.00128,149.74365,1.0,58.979294
2024-07-01 23:00:00+00:00,28.5,81.14201,34.308296,0.0,3.0,100.0,6.130579,176.6336,1.0,221.69447
2024-07-02 00:00:00+00:00,29.6,76.1385,34.87215,0.0,3.0,99.0,9.793058,197.10281,1.0,417.7008
2024-07-02 01:00:00+00:00,31.15,67.41481,35.416363,0.0,3.0,95.0,14.24163,200.72563,1.0,606.7951
2024-07-02 02:00:00+00:00,32.05,62.162487,36.333645,0.0,3.0,95.0,17.22742,206.02953,1.0,754.83093
2024-07-02 03:00:00+00:00,32.7,60.28325,37.613663,0.0,2.0,77.0,17.917007,202.4428,1.0,868.127
2024-07-02 04:00:00+00:00,33.65,58.36481,39.555943,0.0,1.0,44.0,16.055353,199.65392,1.0,931.9109
2024-07-02 05:00:00+00:00,34.35,56.128593,40.21491,0.0,3.0,100.0,16.516901,196.4601,1.0,913.55286
2024-07-02 06:00:00+00:00,34.65,55.864838,40.21387,0.0,3.0,100.0,16.946787,192.26476,1.0,821.1476
2024-07-02 07:00:00+00:00,34.6,55.35352,39.46965,0.0,3.0,100.0,16.516901,196.4601,1.0,678.4263
2024-07-02 08:00:00+00:00,33.9,60.192398,38.75464,0.0,3.0,92.0,14.917212,188.32556,1.0,520.7684
2024-07-02 09:00:00+00:00,33.3,62.433872,38.436634,0.0,2.0,66.0,11.570515,185.35573,1.0,326.2247
2024-07-02 10:00:00+00:00,31.95,66.97031,37.1877,0.0,1.0,49.0,10.446206,178.02512,1.0,132.12207
2024-07-02 11:00:00+00:00,30.35,72.70928,35.387905,0.0,0.0,2.0,11.165805,159.22766,0.0,0.0
2024-07-02 12:00:00+00:00,29.3,77.46773,34.536507,0.0,0.0,5.0,10.041354,165.4655,0.0,0.0
2024-07-02 13:00:00+00:00,29.0,82.174805,35.04477,0.0,1.0,32.0,7.69592,169.21574,0.0,0.0
2024-07-02 14:00:00+00:00,28.65,82.86875,34.632973,0.0,0.0,8.0,7.2,180.0,0.0,0.0
2024-07-02 15:00:00+00:00,28.0,85.04454,34.006714,0.0,0.0,3.0,6.130579,183.3664,0.0,0.0
2024-07-02 16:00:00+00:00,27.3,88.071075,33.393337,0.0,0.0,3.0,5.0911684,171.86998,0.0,0.0
2024-07-02 17:00:00+00:00,26.65,91.49953,32.854725,0.0,0.0,19.0,4.3349743,175.23645,0.0,0.0
2024-07-02 18:00:00+00:00,26.25,93.683914,32.29832,0.0,0.0,2.0,5.4119864,176.186,0.0,0.0
2024-07-02 19:00:00+00:00,27.45,87.300575,33.966194,0.0,0.0,2.0,2.1897945,189.46225,0.0,0.0
2024-07-02 20:00:00+00:00,27.25,89.38721,33.847393,0.0,0.0,0.0,2.5455842,171.86998,0.0,0.0
2024-07-02 21:00:00+00:00,26.9,91.786995,33.66842,0.0,0.0,0.0,1.835647,191.30989,0.0,0.0
2024-07-02 22:00:00+00:00,26.55,95.0986,33.589466,0.0,0.0,0.0,1.1384199,251.56496,1.0,59.536476
2024-07-02 23:00:00+00:00,27.55,92.64254,35.08023,0.0,0.0,0.0,0.35999998,180.0,1.0,220.634
2024-07-03 00:00:00+00:00,28.9,83.63795,36.05499,0.0,0.0,16.0,1.0182338,135.0001,1.0,424.01376
2024-07-03 01:00:00+00:00,30.85,74.98668,37.905632,0.0,0.0,3.0,2.5455842,135.0001,1.0,637.4935
2024-07-03 02:00:00+00:00,32.35,68.45654,40.56938,0.0,0.0,6.0,1.609969,116.56499,1.0,784.13403
2024-07-03 03:00:00+00:00,33.9,60.55194,42.417946,0.0,0.0,4.0,2.1897945,99.46225,1.0,882.8517
2024-07-03 04:00:00+00:00,35.3,52.612156,43.16947,0.0,0.0,1.0,5.00128,120.256355,1.0,944.16266
2024-07-03 05:00:00+00:00,36.2,46.151566,42.734444,0.0,0.0,10.0,8.0899935,147.72438,1.0,928.39716
2024-07-03 06:00:00+00:00,36.05,46.674885,41.31569,0.0,0.0,14.0,11.792404,167.66092,1.0,796.3799
2024-07-03 07:00:00+00:00,35.5,49.43863,40.068073,0.0,1.0,20.0,14.471821,174.2895,1.0,681.2325
2024-07-03 08:00:00+00:00,34.65,53.89087,38.91572,0.0,0.0,3.0,14.081478,175.60138,1.0,524.3015
2024-07-03 09:00:00+00:00,33.55,59.934494,38.239643,0.0,0.0,5.0,12.620554,176.72958,1.0,332.67307
2024-07-03 10:00:00+00:00,32.1,67.60063,37.565956,0.0,0.0,12.0,10.239453,169.8754,1.0,138.60693
2024-07-03 11:00:00+00:00,30.55,73.17806,36.300343,0.0,1.0,24.0,7.628263,160.70985,0.0,0.0
2024-07-03 12:00:00+00:00,29.5,79.36244,35.49481,0.0,1.0,40.0,7.5685663,154.65387,0.0,0.0
2024-07-03 13:00:00+00:00,29.65,77.518875,35.477146,0.0,0.0,15.0,7.5685663,154.65387,0.0,0.0
2024-07-03 14:00:00+00:00,28.4,85.338104,34.919655,0.0,0.0,17.0,4.6800003,157.3801,0.0,0.0
2024-07-03 15:00:00+00:00,27.5,91.550674,34.195126,0.0,0.0,13.0,4.896529,162.89719,0.0,0.0
2024-07-03 16:00:00+00:00,26.85,94.268196,33.47276,0.0,0.0,7.0,4.6938252,175.60138,0.0,0.0
2024-07-03 17:00:00+00:00,26.5,96.51659,33.262283,0.0,0.0,2.0,3.9763298,185.19434,0.0,0.0
2024-07-03 18:00:00+00:00,26.0,98.530045,32.549904,0.0,0.0,0.0,4.73506,188.74608,0.0,0.0
2024-07-03 19:00:00+00:00,25.6,99.70358,32.023045,0.0,0.0,0.0,4.68,180.0,0.0,0.0
2024-07-03 20:00:00+00:00,25.35,99.70303,31.59793,0.0,0.0,11.0,4.73506,171.25392,0.0,0.0
2024-07-03 21:00:00+00:00,25.05,100.0,31.139084,0.0,0.0,4.0,4.6938252,184.39862,0.0,0.0
2024-07-03 22:00:00+00:00,26.3,99.70517,33.532814,0.0,0.0,3.0,2.4149535,206.56499,1.0,63.12362
2024-07-03 23:00:00+00:00,27.45,93.46186,34.80541,0.0,0.0,0.0,1.8,180.0,1.0,218.155
2024-07-04 00:00:00+00:00,29.0,84.39471,36.358124,0.0,0.0,0.0,0.8049845,153.43501,1.0,441.28046
2024-07-04 01:00:00+00:00,30.8,75.20114,38.08138,0.0,0.0,0.0,1.0182338,315.0001,1.0,637.6853
2024-07-04 02:00:00+00:00,32.75,62.314785,39.81807,0.0,0.0,0.0,4.3349743,265.23645,1.0,801.5656
2024-07-04 03:00:00+00:00,34.7,50.442703,41.436615,0.0,0.0,0.0,5.0528407,265.91446,1.0,912.1917
2024-07-04 04:00:00+00:00,36.1,45.018024,43.222897,0.0,0.0,0.0,3.6179552,264.2895,1.0,958.441
2024-07-04 05:00:00+00:00,37.0,42.7215,44.783215,0.0,0.0,1.0,0.35999998,360.0,1.0,937.3327
2024-07-04 06:00:00+00:00,37.6,42.108006,44.395214,0.0,0.0,7.0,4.3349743,85.23644,1.0,854.6851
2024-07-04 07:00:00+00:00,37.7,43.4302,43.556274,0.0,1.0,46.0,7.172949,107.52566,1.0,708.88965
2024-07-04 08:00:00+00:00,36.95,47.334507,41.86401,0.0,1.0,37.0,7.653705,131.18582,1.0,483.18442
2024-07-04 09:00:00+00:00,35.95,51.99025,41.432114,0.0,0.0,10.0,6.489992,146.3099,1.0,318.21628
2024-07-04 10:00:00+00:00,34.1,59.524265,39.49138,0.0,0.0,2.0,9.585739,145.71307,1.0,134.06331
2024-07-04 11:00:00+00:00,32.4,65.4823,37.73336,0.0,0.0,2.0,10.009036,142.3057,0.0,0.0
2024-07-04 12:00:00+00:00,30.95,74.33938,37.13317,0.0,0.0,1.0,7.653705,138.81418,0.0,0.0
2024-07-04 13:00:00+00:00,30.8,76.54768,37.29923,0.0,0.0,0.0,7.145796,139.08571,0.0,0.0
2024-07-04 14:00:00+00:00,29.9,82.039604,36.780132,0.0,0.0,0.0,5.991594,147.26479,0.0,0.0
2024-07-04 15:00:00+00:00,29.1,86.421074,36.292168,0.0,0.0,0.0,4.3498964,155.55606,0.0,0.0
2024-07-04 16:00:00+00:00,28.35,90.26328,35.539345,0.0,0.0,0.0,4.379589,170.53775,0.0,0.0
2024-07-04 17:00:00+00:00,28.2,90.786705,35.457397,0.0,0.0,0.0,3.671294,168.69011,0.0,0.0
2024-07-04 18:00:00+00:00,28.8,89.239006,36.42397,0.0,0.0,2.0,2.6208394,195.94547,0.0,0.0
2024-07-04 19:00:00+00:00,27.85,92.658195,35.145412,0.0,0.0,0.0,3.4152596,198.43504,0.0,0.0
2024-07-04 20:00:00+00:00,28.15,93.2203,35.819714,0.0,0.0,0.0,2.8116899,219.80553,0.0,0.0
2024-07-04 21:00:00+00:00,27.05,95.96266,34.18667,0.0,0.0,1.0,3.5455887,246.0375,0.0,0.0
2024-07-04 22:00:00+00:00,27.65,95.69853,35.459766,0.0,0.0,3.0,1.609969,243.43501,1.0,66.79408
2024-07-04 23:00:00+00:00,28.95,88.72729,36.9177,0.0,0.0,2.0,0.5091169,224.9999,1.0,238.53052
2024-07-05 00:00:00+00:00,30.2,83.535225,38.332027,0.0,0.0,1.0,0.35999998,90.0,1.0,450.05786
2024-07-05 01:00:00+00:00,32.0,74.72843,40.011105,0.0,0.0,0.0,1.484318,75.96373,1.0,648.0587
2024-07-05 02:00:00+00:00,33.55,66.69263,42.24832,0.0,0.0,9.0,2.1897945,80.53775,1.0,799.5562
2024-07-05 03:00:00+00:00,34.55,59.449272,42.78193,0.0,0.0,11.0,3.6179552,84.2895,1.0,847.5932
2024-07-05 04:00:00+00:00,35.3,55.191326,43.3239,0.0,0.0,8.0,5.5887027,75.068535,1.0,904.83215
2024-07-05 05:00:00+00:00,35.9,52.446228,43.410202,0.0,0.0,12.0,7.771331,76.60749,1.0,893.0938
2024-07-05 06:00:00+00:00,36.4,51.024757,43.445705,0.0,0.0,11.0,8.311245,85.03035,1.0,807.9408
2024-07-05 07:00:00+00:00,36.95,48.484756,43.10641,0.0,0.0,11.0,8.473393,102.26476,1.0,680.38086
2024-07-05 08:00:00+00:00,36.8,48.446255,41.68216,0.0,0.0,10.0,10.086427,124.82456,1.0,508.58264
2024-07-05 09:00:00+00:00,35.6,53.640175,40.486866,0.0,0.0,1.0,11.457958,136.27295,1.0,333.4791
2024-07-05 10:00:00+00:00,33.7,61.415127,38.7316,0.0,0.0,1.0,12.738099,132.70937,1.0,139.86266
2024-07-05 11:00:00+00:00,31.9,66.960434,37.180157,0.0,0.0,0.0,9.931042,136.46873,0.0,0.0
2024-07-05 12:00:00+00:00,30.3,75.12199,36.435238,0.0,0.0,0.0,5.904439,127.568665,0.0,0.0
2024-07-05 13:00:00+00:00,30.1,80.3877,37.0473,0.0,1.0,20.0,4.802999,102.99462,0.0,0.0
2024-07-05 14:00:00+00:00,29.45,85.19166,36.566673,0.0,1.0,23.0,5.3517847,109.653915,0.0,0.0
2024-07-05 15:00:00+00:00,29.0,85.650475,35.903824,0.0,0.0,9.0,5.1165614,140.71062,0.0,0.0
2024-07-05 16:00:00+00:00,29.2,83.671036,36.132336,0.0,0.0,2.0,3.96,180.0,0.0,0.0
2024-07-05 17:00:00+00:00,28.1,89.45023,35.059826,0.0,0.0,3.0,4.0249224,190.3048,0.0,0.0
2024-07-05 18:00:00+00:00,27.3,92.629395,34.122604,0.0,0.0,0.0,4.0249224,190.3048,0.0,0.0
2024-07-05 19:00:00+00:00,27.15,94.839355,34.263893,0.0,0.0,0.0,3.219938,206.56499,0.0,0.0
2024-07-05 20:00:00+00:00,26.35,97.66319,33.24277,0.0,0.0,0.0,3.319036,229.39879,0.0,0.0
2024-07-05 21:00:00+00:00,26.1,98.823364,32.947567,0.0,0.0,0.0,3.396233,212.00534,0.0,0.0
2024-07-05 22:00:00+00:00,26.55,99.11932,33.903652,0.0,0.0,0.0,2.3051248,218.65984,1.0,64.41579
2024-07-05 23:00:00+00:00,28.2,88.93074,35.629208,0.0,0.0,0.0,0.8049845,296.56497,1.0,234.66235
2024-07-06 00:00:00+00:00,29.95,80.36829,37.22541,0.0,0.0,0.0,1.835647,11.3098955,1.0,450.3304
2024-07-06 01:00:00+00:00,32.15,68.418365,39.20975,0.0,0.0,0.0,1.484318,165.96373,1.0,647.127
2024-07-06 02:00:00+00:00,34.25,53.79282,40.446674,0.0,0.0,0.0,5.6002855,224.9999,1.0,801.8682
2024-07-06 03:00:00+00:00,35.7,47.43916,41.49481,0.0,1.0,24.0,9.686609,221.98714,1.0,905.121
2024-07-06 04:00:00+00:00,36.6,44.876984,42.21978,0.0,0.0,18.0,10.464797,206.56499,1.0,882.6238
2024-07-06 05:00:00+00:00,36.75,45.3264,42.409153,0.0,1.0,22.0,12.181625,198.9705,1.0,887.24896
2024-07-06 06:00:00+00:00,36.75,47.425194,42.517834,0.0,0.0,13.0,13.207634,197.44728,1.0,832.81555
2024-07-06 07:00:00+00:00,36.1,47.97573,40.7233,0.0,0.0,8.0,14.241629,196.14441,1.0,679.48425
2024-07-06 08:00:00+00:00,35.35,52.30974,39.57555,0.0,0.0,4.0,14.05845,182.93561,1.0,502.45926
2024-07-06 09:00:00+00:00,34.2,56.599506,38.32992,0.0,0.0,11.0,14.917212,171.67444,1.0,322.2115
2024-07-06 10:00:00+00:00,32.5,62.447216,36.8727,0.0,0.0,10.0,13.493999,170.78905,1.0,136.57631
2024-07-06 11:00:00+00:00,31.15,66.01459,35.61305,0.0,0.0,2.0,11.384199,161.56496,0.0,0.0
2024-07-06 12:00:00+00:00,29.9,73.068054,34.747066,0.0,0.0,1.0,10.931203,162.75845,0.0,0.0
2024-07-06 13:00:00+00:00,29.5,77.26651,35.021465,0.0,0.0,1.0,8.759178,170.53775,0.0,0.0
2024-07-06 14:00:00+00:00,28.6,82.371666,34.67825,0.0,0.0,2.0,5.8603754,169.3804,0.0,0.0
2024-07-06 15:00:00+00:00,27.75,87.32696,34.15026,0.0,0.0,0.0,4.3498964,155.55606,0.0,0.0
2024-07-06 16:00:00+00:00,27.1,90.71493,33.47795,0.0,0.0,0.0,4.510787,151.38963,0.0,0.0
2024-07-06 17:00:00+00:00,26.4,93.690765,32.62268,0.0,0.0,1.0,4.896529,162.89719,0.0,0.0
2024-07-06 18:00:00+00:00,25.85,95.07362,31.786453,0.0,0.0,0.0,5.506941,168.69011,0.0,0.0
2024-07-06 19:00:00+00:00,26.1,95.08255,32.42652,0.0,0.0,0.0,3.96,180.0,0.0,0.0
2024-07-06 20:00:00+00:00,26.15,97.082214,33.09949,0.0,0.0,0.0,1.5273507,224.9999,0.0,0.0
2024-07-06 21:00:00+00:00,25.05,100.0,31.325542,0.0,3.0,98.0,3.4152596,288.43503,0.0,0.0
2024-07-06 22:00:00+00:00,25.55,99.703514,32.034985,0.0,3.0,98.0,4.0249224,296.56497,1.0,65.09602
2024-07-06 23:00:00+00:00,27.3,90.45924,34.201622,0.0,0.0,15.0,1.609969,333.43503,1.0,229.35461
2024-07-07 00:00:00+00:00,28.9,81.91927,35.703564,0.0,0.0,4.0,1.8,360.0,1.0,446.9533
2024-07-07 01:00:00+00:00,30.8,74.094894,37.9838,0.0,0.0,0.0,0.8049845,63.435013,1.0,645.0636
2024-07-07 02:00:00+00:00,32.7,65.15481,40.4571,0.0,0.0,5.0,2.6208394,164.05453,1.0,792.2911
2024-07-07 03:00:00+00:00,34.65,52.926968,41.563286,0.0,0.0,8.0,5.3999996,180.0,1.0,878.08923
2024-07-07 04:00:00+00:00,36.1,47.831112,42.785946,0.0,0.0,19.0,7.9932976,172.23492,1.0,928.3088
2024-07-07 05:00:00+00:00,35.75,46.73813,40.2858,0.0,0.0,19.0,16.808569,170.13426,1.0,872.5357
2024-07-07 06:00:00+00:00,35.1,51.003883,40.157215,0.0,1.0,20.0,13.237039,202.38017,1.0,741.16345
2024-07-07 07:00:00+00:00,35.5,50.6455,40.542995,0.0,1.0,35.0,13.441071,187.69595,1.0,692.3905
2024-07-07 08:00:00+00:00,34.7,54.3907,39.185566,0.0,1.0,24.0,12.371645,188.3658,1.0,498.95197
2024-07-07 09:00:00+00:00,33.55,60.293568,38.451653,0.4,51.0,40.0,11.609651,172.87508,1.0,299.68353
2024-07-07 10:00:00+00:00,32.55,62.832966,37.567516,0.0,0.0,17.0,9.726665,177.87895,1.0,122.92126
2024-07-07 11:00:00+00:00,31.3,65.847176,36.15622,0.0,0.0,6.0,9.114471,170.9098,0.0,0.0
2024-07-07 12:00:00+00:00,29.8,73.93037,35.388645,0.0,0.0,4.0,6.28713,166.75948,0.0,0.0
2024-07-07 13:00:00+00:00,30.0,77.34004,35.8834,0.0,0.0,10.0,8.557102,157.75093,0.0,0.0
2024-07-07 14:00:00+00:00,29.2,81.47101,35.585606,0.0,0.0,3.0,5.5887027,165.06853,0.0,0.0
2024-07-07 15:00:00+00:00,28.5,85.34808,35.038822,0.0,0.0,0.0,5.0142193,158.96242,0.0,0.0
2024-07-07 16:00:00+00:00,27.85,88.3783,34.38282,0.0,0.0,0.0,4.829907,153.43501,0.0,0.0
2024-07-07 17:00:00+00:00,27.2,90.4525,33.619785,0.0,0.0,0.0,4.452954,165.96373,0.0,0.0
2024-07-07 18:00:00+00:00,26.6,92.31738,32.818676,0.0,0.0,0.0,4.6938252,175.60138,0.0,0.0
2024-07-07 19:00:00+00:00,26.1,92.84259,32.05674,0.0,0.0,0.0,4.6938252,184.39862,0.0,0.0
2024-07-07 20:00:00+00:00,26.15,92.84515,32.2961,0.0,0.0,0.0,3.6179552,174.2895,0.0,0.0
2024-07-07 21:00:00+00:00,25.7,95.06825,31.872314,0.0,0.0,0.0,3.219938,206.56499,0.0,0.0
2024-07-07 22:00:00+00:00,26.25,94.24333,32.786274,0.0,0.0,0.0,2.52,270.0,1.0,59.530922
2024-07-07 23:00:00+00:00,27.45,89.137,34.46623,0.0,0.0,0.0,0.35999998,270.0,1.0,221.16232
2024-07-08 00:00:00+00:00,29.15,80.02599,35.997765,0.0,0.0,0.0,0.8049845,243.43501,1.0,439.91925
2024-07-08 01:00:00+00:00,31.3,71.16219,38.30672,0.0,0.0,12.0,0.8049845,153.43501,1.0,638.47144
2024-07-08 02:00:00+00:00,33.0,59.989876,40.0901,0.0,0.0,16.0,1.484318,194.03627,1.0,768.6556
2024-07-08 03:00:00+00:00,34.75,51.534557,42.229187,0.0,0.0,13.0,1.08,180.0,1.0,876.1097
2024-07-08 04:00:00+00:00,36.0,45.959404,42.75808,0.0,1.0,22.0,4.379589,170.53775,1.0,902.03766
2024-07-08 05:00:00+00:00,35.9,45.65473,40.98737,0.0,1.0,22.0,12.605142,181.63654,1.0,865.6947
2024-07-08 06:00:00+00:00,34.7,49.383255,39.13143,0.0,0.0,13.0,16.075521,214.04597,1.0,809.007
2024-07-08 07:00:00+00:00,36.05,47.962788,41.30746,0.0,1.0,22.0,10.315115,209.24873,1.0,683.1912
2024-07-08 08:00:00+00:00,34.95,48.70304,38.044384,0.0,1.0,29.0,14.561099,188.53069,1.0,465.67352
2024-07-08 09:00:00+00:00,33.4,55.063908,37.179573,0.0,1.0,27.0,12.287555,185.04236,1.0,283.5749
2024-07-08 10:00:00+00:00,32.3,61.10582,36.714256,0.0,1.0,22.0,10.853866,174.2895,1.0,113.78838
2024-07-08 11:00:00+00:00,31.35,65.26712,35.978687,0.0,3.0,90.0,10.24578,161.56496,0.0,0.0
2024-07-08 12:00:00+00:00,30.25,70.550026,35.037525,0.0,3.0,92.0,10.24578,161.56496,0.0,0.0
2024-07-08 13:00:00+00:00,29.05,79.53785,35.62015,0.0,0.0,3.0,1.8,323.13,0.0,0.0
2024-07-08 14:00:00+00:00,28.5,85.095505,35.399807,0.0,0.0,6.0,2.3051248,128.65984,0.0,0.0
2024-07-08 15:00:00+00:00,28.15,85.31301,34.362144,0.0,0.0,5.0,5.634891,153.43501,0.0,0.0
2024-07-08 16:00:00+00:00,27.6,86.79572,33.829643,0.0,0.0,0.0,4.379589,170.53775,0.0,0.0
2024-07-08 17:00:00+00:00,26.65,91.227455,32.717068,0.0,0.0,0.0,5.0528407,175.91446,0.0,0.0
2024-07-08 18:00:00+00:00,26.1,93.12002,32.036926,0.0,0.0,0.0,5.0528407,175.91446,0.0,0.0
2024-07-08 19:00:00+00:00,25.85,93.94581,31.77467,0.0,0.0,0.0,4.6938252,175.60138,0.0,0.0
2024-07-08 20:00:00+00:00,25.3,95.62443,31.118977,0.0,0.0,0.0,4.32,180.0,0.0,0.0
2024-07-08 21:00:00+00:00,24.95,97.63894,30.785,0.0,0.0,0.0,4.2136917,199.9832,0.0,0.0
2024-07-08 22:00:00+00:00,25.95,97.366745,32.56968,0.0,0.0,1.0,3.096837,215.53777,1.0,60.183514
2024-07-08 23:00:00+00:00,27.1,90.9848,33.863224,0.0,0.0,0.0,2.0991426,239.0363,1.0,211.50574
2024-07-09 00:00:00+00:00,28.65,81.160866,35.240437,0.0,0.0,5.0,1.4399999,270.0,1.0,438.97382
2024-07-09 01:00:00+00:00,30.35,71.63176,36.50762,0.0,0.0,12.0,2.7416782,156.80138,1.0,631.8753
2024-07-09 02:00:00+00:00,32.05,63.67306,39.061985,0.0,0.0,5.0,3.319036,167.4712,1.0,795.82996
2024-07-09 03:00:00+00:00,33.8,56.5047,41.277832,0.0,3.0,96.0,3.6,216.86998,1.0,886.6594
2024-07-09 04:00:00+00:00,35.3,47.191372,41.61301,0.0,2.0,78.0,6.1305785,229.76372,1.0,901.0986
2024-07-09 05:00:00+00:00,36.15,43.679962,41.94725,0.0,3.0,99.0,8.0899935,212.27562,1.0,896.27423
2024-07-09 06:00:00+00:00,36.45,42.57461,41.45021,0.0,3.0,100.0,10.028439,201.03758,1.0,809.986
2024-07-09 07:00:00+00:00,36.5,42.070377,40.7647,0.0,3.0,100.0,11.165805,200.77234,1.0,707.13
2024-07-09 08:00:00+00:00,36.4,43.879913,40.012928,0.0,3.0,98.0,11.440978,167.27565,1.0,526.9185
2024-07-09 09:00:00+00:00,33.9,52.900803,37.392258,0.0,3.0,99.0,13.441071,187.69595,1.0,294.7664
2024-07-09 10:00:00+00:00,33.05,58.050873,37.53996,0.0,3.0,100.0,9.6932955,164.93146,1.0,127.906425
2024-07-09 11:00:00+00:00,31.55,63.95028,35.619263,0.0,3.0,100.0,13.441071,159.62349,0.0,0.0
2024-07-09 12:00:00+00:00,30.35,68.89533,34.723915,0.0,3.0,100.0,11.792404,167.66092,0.0,0.0
2024-07-09 13:00:00+00:00,29.7,73.0341,34.806828,0.0,3.0,98.0,8.28,180.0,0.0,0.0
2024-07-09 14:00:00+00:00,28.85,77.17038,34.599327,0.0,3.0,98.0,4.32,180.0,0.0,0.0
2024-07-09 15:00:00+00:00,28.15,81.34073,34.071537,0.0,3.0,91.0,4.0249224,169.6952,0.0,0.0
2024-07-09 16:00:00+00:00,27.8,83.51572,33.734905,0.0,3.0,100.0,4.379589,170.53775,0.0,0.0
2024-07-09 17:00:00+00:00,27.35,87.29176,33.481174,0.0,3.0,100.0,4.379589,170.53775,0.0,0.0
2024-07-09 18:00:00+00:00,26.6,92.592415,32.89773,0.0,3.0,100.0,4.379589,170.53775,0.0,0.0
2024-07-09 19:00:00+00:00,26.1,92.56586,32.09429,0.0,3.0,100.0,4.2136917,199.9832,0.0,0.0
2024-07-09 20:00:00+00:00,25.75,92.547195,31.52221,0.0,3.0,100.0,4.198285,210.96368,0.0,0.0
2024-07-09 21:00:00+00:00,25.1,93.63131,30.427116,0.0,3.0,100.0,5.315336,208.30066,0.0,0.0
2024-07-09 22:00:00+00:00,26.2,92.29539,32.462513,0.0,2.0,56.0,2.5959969,213.6901,1.0,60.852856
2024-07-09 23:00:00+00:00,27.85,82.52904,33.893986,0.0,1.0,38.0,2.968636,194.03627,1.0,232.08958
2024-07-10 00:00:00+00:00,29.55,73.22784,35.53897,0.0,1.0,37.0,1.8,180.0,1.0,449.0101
2024-07-10 01:00:00+00:00,31.4,67.06161,37.71894,0.0,0.0,14.0,1.835647,168.69011,1.0,647.92914
2024-07-10 02:00:00+00:00,33.6,54.1222,39.6124,0.0,1.0,42.0,5.00128,210.25635,1.0,804.6259
2024-07-10 03:00:00+00:00,35.5,44.85931,41.13782,0.0,2.0,58.0,6.9247384,207.89717,1.0,900.3413
2024-07-10 04:00:00+00:00,36.6,42.355263,42.187996,0.0,1.0,26.0,8.891344,201.37068,1.0,921.44214
2024-07-10 05:00:00+00:00,37.1,41.719234,42.792263,0.0,1.0,42.0,9.178235,191.30989,1.0,903.21246
2024-07-10 06:00:00+00:00,37.05,42.21759,42.295197,0.0,2.0,60.0,9.9571085,192.5288,1.0,811.9134
2024-07-10 07:00:00+00:00,36.55,44.322197,41.009335,0.0,2.0,64.0,11.901798,176.53185,1.0,676.736
2024-07-10 08:00:00+00:00,35.1,50.850246,38.486088,0.0,2.0,53.0,15.986595,172.23492,1.0,479.6172
2024-07-10 09:00:00+00:00,33.85,57.199135,37.6991,0.0,2.0,69.0,16.199999,180.0,1.0,324.40814
2024-07-10 10:00:00+00:00,32.4,64.129234,36.759205,0.0,3.0,100.0,15.124284,178.63611,1.0,128.42458
2024-07-10 11:00:00+00:00,31.05,68.207306,35.850887,0.0,2.0,53.0,11.013882,168.69011,0.0,0.0
2024-07-10 12:00:00+00:00,29.9,72.84981,35.16265,0.0,3.0,99.0,7.8625183,164.05453,0.0,0.0
2024-07-10 13:00:00+00:00,29.65,74.34903,34.972282,0.0,3.0,100.0,7.8954163,155.77226,0.0,0.0
2024-07-10 14:00:00+00:00,28.8,78.0921,34.35837,0.0,3.0,100.0,6.28713,156.3706,0.0,0.0
2024-07-10 15:00:00+00:00,28.1,82.312355,34.090942,0.0,3.0,100.0,4.2136917,160.0168,0.0,0.0
2024-07-10 16:00:00+00:00,27.25,87.28298,33.34003,0.0,3.0,100.0,4.2136917,160.0168,0.0,0.0
2024-07-10 17:00:00+00:00,26.8,89.35362,32.85816,0.0,3.0,100.0,4.2136917,160.0168,0.0,0.0
2024-07-10 18:00:00+00:00,26.3,92.026,32.28295,0.0,1.0,28.0,4.73506,171.25392,0.0,0.0
2024-07-10 19:00:00+00:00,27.0,87.783676,33.310337,0.0,3.0,91.0,2.0364676,224.9999,0.0,0.0
2024-07-10 20:00:00+00:00,26.6,89.60592,32.793407,0.0,2.0,70.0,2.6208394,254.05453,0.0,0.0
2024-07-10 21:00:00+00:00,25.1,95.61805,30.73742,0.0,1.0,25.0,4.6938252,184.39862,0.0,0.0
2024-07-10 22:00:00+00:00,26.05,92.563225,32.128437,0.0,2.0,73.0,3.4152596,198.43504,1.0,58.29841
2024-07-10 23:00:00+00:00,27.75,85.27272,34.353146,0.0,2.0,53.0,1.1384199,198.43504,1.0,223.86893
2024-07-11 00:00:00+00:00,29.55,77.273865,36.192413,0.0,1.0,26.0,1.2979984,56.309914,1.0,439.52472
2024-07-11 01:00:00+00:00,31.45,70.139366,38.309887,0.0,1.0,23.0,1.2979984,123.690094,1.0,637.9298
2024-07-11 02:00:00+00:00,33.05,63.316395,40.386646,0.0,1.0,25.0,2.3051248,231.34016,1.0,732.29724
2024-07-11 03:00:00+00:00,34.85,52.658714,41.494694,0.1,51.0,13.0,5.4119864,273.814,1.0,824.1876
2024-07-11 04:00:00+00:00,36.25,46.30472,42.740818,0.0,0.0,18.0,5.7599998,270.0,1.0,867.7792
2024-07-11 05:00:00+00:00,37.35,42.55555,43.91363,0.0,1.0,31.0,6.28713,246.3706,1.0,907.1899
2024-07-11 06:00:00+00:00,38.2,40.144203,43.64582,0.0,1.0,43.0,9.511088,209.4758,1.0,813.8331
2024-07-11 07:00:00+00:00,35.45,48.537193,39.509975,0.2,51.0,91.0,16.071491,195.59286,1.0,673.95526
2024-07-11 08:00:00+00:00,35.7,48.45496,39.26909,0.1,51.0,99.0,13.698934,176.98727,1.0,476.94458
2024-07-11 09:00:00+00:00,34.1,56.91594,38.093178,0.0,2.0,71.0,15.856356,182.60251,1.0,288.192
2024-07-11 10:00:00+00:00,33.35,58.120617,38.109642,0.0,3.0,100.0,9.107359,198.43504,1.0,107.64747
2024-07-11 11:00:00+00:00,32.2,60.534336,37.046757,0.0,3.0,100.0,6.8399997,180.0,0.0,0.0
2024-07-11 12:00:00+00:00,31.3,64.67118,36.39275,0.0,3.0,100.0,6.2145634,169.99208,0.0,0.0
2024-07-11 13:00:00+00:00,31.1,69.65839,36.858482,0.0,3.0,100.0,6.2145634,169.99208,0.0,0.0
2024-07-11 14:00:00+00:00,30.25,74.004585,36.192764,0.0,3.0,100.0,5.8603754,169.3804,0.0,0.0
2024-07-11 15:00:00+00:00,29.3,79.808334,35.71724,0.0,3.0,98.0,4.2136917,160.0168,0.0,0.0
2024-07-11 16:00:00+00:00,28.85,83.632385,35.436893,0.0,3.0,97.0,4.6800003,157.3801,0.0,0.0
2024-07-11 17:00:00+00:00,28.1,88.92302,34.990295,0.0,3.0,100.0,4.0249224,169.6952,0.0,0.0
2024-07-11 18:00:00+00:00,27.65,90.750946,34.53131,0.0,3.0,99.0,3.6179552,185.7105,0.0,0.0
2024-07-11 19:00:00+00:00,27.0,93.1643,33.588295,0.0,2.0,68.0,4.6938252,184.39862,0.0,0.0
2024-07-11 20:00:00+00:00,26.65,93.702095,33.069275,0.0,2.0,72.0,4.6938252,184.39862,0.0,0.0
2024-07-11 21:00:00+00:00,26.45,93.97195,32.819035,0.0,2.0,78.0,4.3498964,204.44394,0.0,0.0
2024-07-11 22:00:00+00:00,27.5,91.01028,34.53426,0.0,3.0,100.0,2.0991426,210.96368,1.0,58.968742
2024-07-11 23:00:00+00:00,28.85,83.632385,35.85689,0.0,3.0,100.0,1.8,180.0,1.0,209.836
2024-07-12 00:00:00+00:00,30.45,75.369156,37.22822,0.0,3.0,100.0,2.4149535,153.43501,1.0,398.26724
2024-07-12 01:00:00+00:00,32.1,66.206375,38.34399,0.0,3.0,100.0,3.319036,167.4712,1.0,585.9889
2024-07-12 02:00:00+00:00,33.7,59.433483,40.389294,0.0,3.0,100.0,3.7585104,196.69933,1.0,712.9541
2024-07-12 03:00:00+00:00,35.25,50.734974,41.594715,0.0,3.0,100.0,5.3517847,222.27362,1.0,798.1615
2024-07-12 04:00:00+00:00,36.4,45.234253,42.147465,0.0,3.0,94.0,7.7043357,217.40543,1.0,826.2723
2024-07-12 05:00:00+00:00,37.15,42.761482,42.760895,0.0,3.0,95.0,7.4128532,209.0545,1.0,795.91364
2024-07-12 06:00:00+00:00,38.25,39.19104,44.004765,0.0,3.0,96.0,6.5693827,189.46225,1.0,810.97144
2024-07-12 07:00:00+00:00,38.3,37.908794,42.285423,0.0,3.0,100.0,11.304229,170.83772,1.0,674.85016
2024-07-12 08:00:00+00:00,35.2,48.32585,38.2694,0.0,3.0,100.0,15.124284,181.36389,1.0,357.01007
2024-07-12 09:00:00+00:00,34.25,54.608746,38.20637,0.0,3.0,100.0,13.75558,173.99109,1.0,215.07103
2024-07-12 10:00:00+00:00,32.85,62.336487,37.53217,0.0,3.0,100.0,12.682018,173.4803,1.0,65.01806
2024-07-12 11:00:00+00:00,32.1,63.493137,37.113758,0.0,3.0,100.0,8.669949,175.23645,0.0,0.0
2024-07-12 12:00:00+00:00,31.2,67.42463,36.493896,0.0,3.0,100.0,7.4128532,150.9455,0.0,0.0
2024-07-12 13:00:00+00:00,30.5,73.82579,36.229733,0.0,3.0,100.0,8.225035,156.80139,0.0,0.0
2024-07-12 14:00:00+00:00,29.9,76.63908,36.112022,0.1,51.0,85.0,5.154415,155.22488,0.0,0.0
2024-07-12 15:00:00+00:00,29.0,81.688484,35.534084,0.0,3.0,100.0,3.8773184,158.19853,0.0,0.0
2024-07-12 16:00:00+00:00,28.5,84.843575,35.136524,0.0,3.0,100.0,3.8773184,158.19853,0.0,0.0
2024-07-12 17:00:00+00:00,28.45,83.83685,34.825523,0.0,3.0,100.0,4.510787,151.38963,0.0,0.0
2024-07-12 18:00:00+00:00,27.65,89.41695,34.246708,0.0,3.0,100.0,4.39436,145.0079,0.0,0.0
2024-07-12 19:00:00+00:00,27.4,89.93079,33.968357,0.0,3.0,96.0,3.8939953,146.3099,0.0,0.0
2024-07-12 20:00:00+00:00,27.05,92.06852,33.606186,0.0,2.0,56.0,4.2136917,160.0168,0.0,0.0
2024-07-12 21:00:00+00:00,26.7,92.8733,33.097775,0.0,2.0,52.0,4.379589,170.53775,0.0,0.0
2024-07-12 22:00:00+00:00,27.75,88.895905,34.798073,0.0,3.0,100.0,1.2979984,146.3099,1.0,49.728012
2024-07-12 23:00:00+00:00,28.9,83.14371,35.852486,0.0,3.0,99.0,1.9386592,158.19853,1.0,208.8121
2024-07-13 00:00:00+00:00,30.45,76.49485,37.398197,0.0,3.0,90.0,2.4149535,153.43501,1.0,413.19733
2024-07-13 01:00:00+00:00,32.55,66.691666,39.32289,0.0,3.0,85.0,2.1897945,170.53775,1.0,614.5184
2024-07-13 02:00:00+00:00,34.5,54.669437,41.29131,0.0,1.0,33.0,3.319036,192.5288,1.0,786.664
2024-07-13 03:00:00+00:00,36.2,45.044426,42.92323,0.0,1.0,34.0,2.5959969,213.6901,1.0,884.9713
2024-07-13 04:00:00+00:00,37.6,40.228012,43.750763,0.0,2.0,63.0,6.28713,203.6294,1.0,930.76025
2024-07-13 05:00:00+00:00,38.3,37.908794,43.53736,0.0,3.0,100.0,10.24578,198.43504,1.0,906.2691
2024-07-13 06:00:00+00:00,38.55,36.831104,42.61364,0.0,3.0,100.0,13.358861,194.03627,1.0,795.6873
2024-07-13 07:00:00+00:00,38.15,38.688488,41.529327,0.0,3.0,97.0,14.618837,189.92618,1.0,644.43713
2024-07-13 08:00:00+00:00,37.05,42.346382,39.7689,0.0,3.0,100.0,15.546833,174.68555,1.0,461.95056
2024-07-13 09:00:00+00:00,34.5,56.84003,38.89615,0.0,3.0,100.0,14.618837,170.07382,1.0,202.15749
2024-07-13 10:00:00+00:00,34.1,58.120426,39.283264,0.0,3.0,100.0,9.227524,159.44388,1.0,97.06213
2024-07-13 11:00:00+00:00,32.7,61.56239,37.43525,0.0,3.0,100.0,10.787993,154.2901,0.0,0.0
2024-07-13 12:00:00+00:00,31.25,69.06569,36.601967,0.0,3.0,100.0,9.0,143.13002,0.0,0.0
2024-07-13 13:00:00+00:00,27.35,88.337746,32.475426,0.6,53.0,100.0,12.181625,161.0295,0.0,0.0
2024-07-13 14:00:00+00:00,26.4,86.16623,31.681156,0.1,51.0,100.0,5.1919937,236.3099,0.0,0.0
2024-07-13 15:00:00+00:00,26.0,89.293526,31.857159,0.0,3.0,100.0,2.0991426,239.0363,0.0,0.0
2024-07-13 16:00:00+00:00,26.45,85.912415,32.33074,0.0,3.0,99.0,1.08,270.0,0.0,0.0
2024-07-13 17:00:00+00:00,26.0,90.64231,31.9684,0.0,3.0,100.0,2.4149535,296.56497,0.0,0.0
2024-07-13 18:00:00+00:00,26.5,88.532974,32.717266,0.0,3.0,98.0,1.1384199,288.43503,0.0,0.0
2024-07-13 19:00:00+00:00,26.55,89.870346,32.890907,0.0,3.0,100.0,1.609969,243.43501,0.0,0.0
2024-07-13 20:00:00+00:00,26.65,90.68534,33.10553,0.0,3.0,100.0,1.9386592,291.80148,0.0,0.0
2024-07-13 21:00:00+00:00,26.65,92.045906,33.50061,0.0,3.0,99.0,0.35999998,270.0,0.0,0.0
2024-07-13 22:00:00+00:00,26.5,94.53398,33.48665,0.0,3.0,100.0,0.8049845,243.43501,1.0,53.700493
2024-07-13 23:00:00+00:00,27.65,88.88815,34.66211,0.0,3.0,100.0,1.08,360.0,1.0,204.89168
2024-07-14 00:00:00+00:00,29.15,81.22348,36.066517,0.0,1.0,37.0,1.484318,165.96373,1.0,407.35934
2024-07-14 01:00:00+00:00,31.8,74.25798,39.38371,0.0,3.0,96.0,2.0991426,30.963696,1.0,629.4612
2024-07-14 02:00:00+00:00,33.2,68.01422,41.384995,0.0,1.0,31.0,3.8773184,21.801476,1.0,762.99835
2024-07-14 03:00:00+00:00,34.35,61.01292,42.624153,0.0,3.0,99.0,4.510787,28.610369,1.0,853.72156
2024-07-14 04:00:00+00:00,35.25,55.509384,43.30236,0.0,3.0,92.0,4.8965297,53.972538,1.0,884.1791
2024-07-14 05:00:00+00:00,35.9,50.5944,43.19799,0.0,0.0,9.0,4.829907,63.435013,1.0,834.3836
2024-07-14 06:00:00+00:00,36.95,45.516273,43.7842,0.0,3.0,89.0,5.00128,59.743652,1.0,817.6515
2024-07-14 07:00:00+00:00,37.9,43.746376,43.430683,0.0,3.0,93.0,10.195057,137.86247,1.0,709.7604
2024-07-14 08:00:00+00:00,36.05,49.579098,40.335663,0.1,51.0,98.0,11.681987,123.690094,1.0,420.7658
2024-07-14 09:00:00+00:00,35.5,51.10467,39.91462,0.0,3.0,99.0,10.805998,150.01845,1.0,265.42496
2024-07-14 10:00:00+00:00,34.45,54.65732,38.935326,0.0,3.0,94.0,10.97262,131.00899,1.0,131.55911
2024-07-14 11:00:00+00:00,32.8,57.99264,37.174168,0.0,3.0,99.0,9.449572,130.36446,0.0,0.0
2024-07-14 12:00:00+00:00,31.65,60.77715,36.06863,0.0,3.0,99.0,7.928177,129.47243,0.0,0.0
2024-07-14 13:00:00+00:00,29.45,76.57111,35.765793,0.1,51.0,99.0,2.4149535,63.435013,0.0,0.0
2024-07-14 14:00:00+00:00,29.55,75.904,36.019238,0.0,3.0,100.0,1.1384199,18.435053,0.0,0.0
2024-07-14 15:00:00+00:00,28.15,86.58866,34.713932,0.0,3.0,100.0,4.379589,9.462248,0.0,0.0
2024-07-14 16:00:00+00:00,27.5,90.47267,34.131077,0.0,3.0,100.0,4.39436,34.9921,0.0,0.0
2024-07-14 17:00:00+00:00,27.2,91.80448,33.897842,0.0,3.0,100.0,3.7064266,60.94549,0.0,0.0
2024-07-14 18:00:00+00:00,27.45,89.9343,34.1504,0.0,3.0,99.0,3.219938,63.435013,0.0,0.0
2024-07-14 19:00:00+00:00,27.6,89.41322,34.403797,0.0,3.0,98.0,2.7416782,23.198618,0.0,0.0
2024-07-14 20:00:00+00:00,25.75,96.78519,31.878979,0.0,3.0,100.0,5.0911684,351.87,0.0,0.0
2024-07-14 21:00:00+00:00,26.85,93.989296,33.75185,0.0,3.0,100.0,2.5455842,351.87,0.0,0.0
2024-07-14 22:00:00+00:00,26.5,98.244804,33.82699,0.0,2.0,76.0,1.5273507,315.0001,1.0,54.38825
2024-07-14 23:00:00+00:00,27.9,89.17118,34.874184,0.0,2.0,68.0,2.7416782,293.1986,1.0,216.98604
2024-07-15 00:00:00+00:00,29.35,76.78485,35.575592,0.0,2.0,73.0,2.8116899,309.8055,1.0,427.22665
2024-07-15 01:00:00+00:00,30.9,67.56807,37.222527,0.0,1.0,44.0,0.0,270.0,1.0,641.01373
2024-07-15 02:00:00+00:00,32.3,58.935497,38.999405,0.0,2.0,57.0,1.5273507,44.999897,1.0,801.0266
2024-07-15 03:00:00+00:00,33.6,53.958714,40.922344,0.0,3.0,100.0,2.2768397,108.43504,1.0,914.43097
2024-07-15 04:00:00+00:00,34.6,51.341423,41.919132,0.0,3.0,100.0,4.379589,189.46225,1.0,940.00757
2024-07-15 05:00:00+00:00,35.8,47.898106,42.494946,0.0,3.0,100.0,6.28713,203.6294,1.0,876.76636
2024-07-15 06:00:00+00:00,36.15,46.700985,41.879528,0.0,2.0,59.0,7.386582,133.02507,1.0,739.3158
2024-07-15 07:00:00+00:00,35.25,53.075214,40.237118,0.0,1.0,27.0,15.256526,109.290146,1.0,674.733
2024-07-15 08:00:00+00:00,33.45,63.968254,38.40807,0.0,1.0,42.0,15.315873,119.57774,1.0,453.9295
2024-07-15 09:00:00+00:00,32.85,64.992165,37.714867,0.0,3.0,97.0,14.578888,110.22495,1.0,315.8038
2024-07-15 10:00:00+00:00,31.35,68.878876,36.2946,0.0,3.0,100.0,12.015589,98.61557,1.0,122.356514
2024-07-15 11:00:00+00:00,30.15,72.2419,35.46776,0.0,3.0,100.0,7.92,90.0,0.0,0.0
2024-07-15 12:00:00+00:00,29.4,75.428505,35.22477,0.0,3.0,100.0,4.452954,75.96373,0.0,0.0
2024-07-15 13:00:00+00:00,29.3,76.77734,35.268913,0.0,3.0,100.0,4.3498964,65.55606,0.0,0.0
2024-07-15 14:00:00+00:00,28.55,82.61116,35.031357,0.0,3.0,100.0,3.096837,54.46224,0.0,0.0
2024-07-15 15:00:00+00:00,28.7,79.017166,34.924732,0.0,3.0,100.0,2.16,360.0,0.0,0.0
2024-07-15 16:00:00+00:00,27.0,89.63511,33.20413,0.0,3.0,99.0,4.3349743,311.63345,0.0,0.0
2024-07-15 17:00:00+00:00,26.6,91.49651,32.80543,0.0,3.0,100.0,4.1046314,285.25516,0.0,0.0
2024-07-15 18:00:00+00:00,26.7,91.2305,32.996304,0.0,3.0,100.0,3.7064266,299.0545,0.0,0.0
2024-07-15 19:00:00+00:00,26.2,92.84774,32.338398,0.0,3.0,97.0,3.8939953,303.6901,0.0,0.0
2024-07-15 20:00:00+00:00,25.7,95.06825,31.709705,0.0,3.0,84.0,4.3349743,274.76355,0.0,0.0
2024-07-15 21:00:00+00:00,26.45,91.487434,32.7326,0.0,2.0,76.0,2.9024127,277.1249,0.0,0.0
2024-07-15 22:00:00+00:00,26.65,91.227455,33.05411,0.0,1.0,36.0,2.7416782,336.8014,1.0,51.663197
2024-07-15 23:00:00+00:00,28.2,81.10422,34.39342,0.0,2.0,52.0,2.16,360.0,1.0,214.55193
2024-07-16 00:00:00+00:00,29.7,72.380325,35.65726,0.0,1.0,41.0,1.8,323.13,1.0,416.50186
2024-07-16 01:00:00+00:00,30.7,68.54965,36.473934,0.0,3.0,100.0,3.2599385,353.6599,1.0,515.25226
2024-07-16 02:00:00+00:00,32.1,63.303127,39.135643,0.0,3.0,95.0,1.4399999,360.0,1.0,754.62213
2024-07-16 03:00:00+00:00,33.65,55.457947,41.089573,0.0,0.0,4.0,0.8049845,153.43501,1.0,844.50494
2024-07-16 04:00:00+00:00,34.7,51.056995,42.425934,0.0,0.0,2.0,1.8,143.13002,1.0,925.86847
2024-07-16 05:00:00+00:00,35.5,48.697197,42.632202,0.0,2.0,56.0,4.32,90.0,1.0,887.62305
2024-07-16 06:00:00+00:00,36.15,47.1268,42.580677,0.0,2.0,74.0,1.2979984,56.309914,1.0,677.2159
2024-07-16 07:00:00+00:00,33.55,57.472904,37.511295,0.5,53.0,86.0,14.57889,122.90524,1.0,475.86606
2024-07-16 08:00:00+00:00,31.1,67.00221,35.6129,0.1,51.0,35.0,11.901798,183.46815,1.0,268.4586
2024-07-16 09:00:00+00:00,32.35,60.568005,37.91432,0.0,0.0,19.0,2.5455842,171.86998,1.0,263.57666
2024-07-16 10:00:00+00:00,32.05,63.482513,37.450176,0.0,1.0,21.0,5.8048253,119.74479,1.0,122.119644
2024-07-16 11:00:00+00:00,31.2,66.42207,36.52291,0.0,2.0,51.0,6.1305785,130.23628,0.0,0.0
2024-07-16 12:00:00+00:00,30.25,74.004585,36.356873,0.4,51.0,29.0,4.73506,98.74608,0.0,0.0
2024-07-16 13:00:00+00:00,27.3,83.20984,32.911648,0.2,51.0,78.0,4.198285,59.03632,0.0,0.0
2024-07-16 14:00:00+00:00,26.8,86.46311,32.737114,0.1,51.0,44.0,2.6208394,195.94547,0.0,0.0
2024-07-16 15:00:00+00:00,26.15,90.92385,32.12226,0.0,0.0,18.0,3.2599385,263.6599,0.0,0.0
2024-07-16 16:00:00+00:00,25.8,92.54989,31.680862,0.0,0.0,9.0,3.671294,281.3099,0.0,0.0
2024-07-16 17:00:00+00:00,26.75,87.50023,32.764927,0.0,0.0,4.0,2.7416782,246.80138,0.0,0.0
2024-07-16 18:00:00+00:00,26.85,87.24759,32.91434,0.0,0.0,7.0,2.6208394,285.94547,0.0,0.0
2024-07-16 19:00:00+00:00,26.85,87.24759,33.028847,0.0,0.0,4.0,1.835647,281.3099,0.0,0.0
2024-07-16 20:00:00+00:00,26.7,88.548996,33.105953,0.0,0.0,5.0,0.71999997,180.0,0.0,0.0
2024-07-16 21:00:00+00:00,26.55,90.13909,33.053066,0.0,1.0,23.0,0.71999997,270.0,0.0,0.0
2024-07-16 22:00:00+00:00,26.45,90.94317,32.92467,0.0,1.0,30.0,1.1384199,288.43503,1.0,55.858433
2024-07-16 23:00:00+00:00,27.2,88.32555,33.67097,0.0,1.0,47.0,2.2768397,288.43503,1.0,222.359
2024-07-17 00:00:00+00:00,28.5,84.091644,35.44297,0.0,0.0,2.0,1.08,270.0,1.0,438.8671
2024-07-17 01:00:00+00:00,30.6,73.84232,37.268707,0.0,0.0,5.0,2.7416782,113.19862,1.0,636.9044
2024-07-17 02:00:00+00:00,32.65,60.45333,39.19498,0.1,51.0,12.0,4.39436,145.0079,1.0,780.7526
2024-07-17 03:00:00+00:00,34.85,49.87323,41.287605,0.0,0.0,13.0,4.6102495,128.65984,1.0,856.0963
2024-07-17 04:00:00+00:00,36.3,45.759922,42.69479,0.0,0.0,16.0,5.495161,121.60746,1.0,858.9897
2024-07-17 05:00:00+00:00,37.35,42.68498,43.75489,0.0,1.0,22.0,6.696387,126.25393,1.0,889.6101
2024-07-17 06:00:00+00:00,37.8,41.024593,43.00122,0.0,1.0,25.0,10.514218,141.95291,1.0,802.323
2024-07-17 07:00:00+00:00,37.3,41.900158,41.658894,0.0,1.0,29.0,9.793059,143.97253,1.0,628.60364
2024-07-17 08:00:00+00:00,35.15,48.754612,38.19586,0.1,51.0,13.0,15.683776,170.75397,1.0,421.4014
2024-07-17 09:00:00+00:00,35.2,48.619892,38.46139,0.0,0.0,17.0,14.205182,171.25392,1.0,315.48557
2024-07-17 10:00:00+00:00,33.75,53.832504,37.398254,0.1,51.0,13.0,12.979984,176.82024,1.0,128.24406
2024-07-17 11:00:00+00:00,32.5,56.536697,36.180492,0.0,0.0,7.0,11.367109,169.04597,0.0,0.0
2024-07-17 12:00:00+00:00,31.25,61.61356,35.42431,0.0,0.0,4.0,9.0,163.73972,0.0,0.0
2024-07-17 13:00:00+00:00,31.3,61.438457,35.63172,0.0,0.0,4.0,7.92,180.0,0.0,0.0
2024-07-17 14:00:00+00:00,30.3,65.64309,35.125557,0.0,0.0,0.0,5.1544156,167.90526,0.0,0.0
2024-07-17 15:00:00+00:00,28.9,75.12369,34.344845,0.0,0.0,0.0,4.6800003,157.3801,0.0,0.0
2024-07-17 16:00:00+00:00,28.0,79.395584,33.44601,0.0,0.0,0.0,4.896529,162.89719,0.0,0.0
2024-07-17 17:00:00+00:00,27.15,84.70327,32.731876,0.0,0.0,0.0,5.0528407,175.91446,0.0,0.0
2024-07-17 18:00:00+00:00,26.55,87.48282,32.197254,0.0,0.0,0.0,4.39436,214.9921,0.0,0.0
2024-07-17 19:00:00+00:00,26.3,88.78261,32.060867,0.0,0.0,0.0,3.6179552,264.2895,0.0,0.0
2024-07-17 20:00:00+00:00,25.55,92.25947,31.196754,0.0,0.0,0.0,3.9763298,275.19434,0.0,0.0
2024-07-17 21:00:00+00:00,25.65,90.34721,31.271858,0.0,0.0,1.0,3.0758414,249.44386,0.0,0.0
2024-07-17 22:00:00+00:00,25.75,94.50426,32.142883,0.0,0.0,0.0,1.484318,255.96373,1.0,53.101524
2024-07-17 23:00:00+00:00,27.9,80.3407,34.017906,0.0,0.0,1.0,0.71999997,270.0,1.0,219.95049
2024-07-18 00:00:00+00:00,29.95,70.28389,35.960842,0.0,0.0,0.0,0.35999998,180.0,1.0,437.9619
2024-07-18 01:00:00+00:00,32.2,61.452168,38.09662,0.0,0.0,5.0,1.2979984,146.3099,1.0,639.39404
2024-07-18 02:00:00+00:00,34.65,47.89061,40.403175,0.0,0.0,1.0,2.8116899,230.19447,1.0,801.4787
2024-07-18 03:00:00+00:00,36.65,37.929413,42.02445,0.0,0.0,0.0,3.8939953,236.3099,1.0,913.68726
2024-07-18 04:00:00+00:00,38.1,33.142815,43.272346,0.0,0.0,0.0,5.154415,204.77512,1.0,962.48865
2024-07-18 05:00:00+00:00,39.2,30.271772,43.809612,0.0,0.0,0.0,7.2359104,185.7105,1.0,946.76385
2024-07-18 06:00:00+00:00,39.65,29.641752,43.420895,0.0,0.0,1.0,10.08,180.0,1.0,864.3803
2024-07-18 07:00:00+00:00,39.65,29.364782,41.996834,0.0,0.0,4.0,14.081478,184.39862,1.0,724.2496
2024-07-18 08:00:00+00:00,38.95,31.067928,40.25122,0.0,0.0,7.0,15.629972,187.94337,1.0,534.0631
2024-07-18 09:00:00+00:00,37.4,38.132557,39.31431,0.0,0.0,9.0,15.856356,182.60251,1.0,324.1101
2024-07-18 10:00:00+00:00,35.3,48.64569,38.455624,0.0,0.0,8.0,15.328561,170.53775,1.0,128.59097
2024-07-18 11:00:00+00:00,33.3,57.24174,37.203922,0.0,0.0,6.0,13.708391,166.32867,0.0,0.0
2024-07-18 12:00:00+00:00,32.0,62.338688,36.82906,0.0,0.0,6.0,8.225035,156.80139,0.0,0.0
2024-07-18 13:00:00+00:00,31.75,64.764755,36.997356,0.0,0.0,8.0,7.072878,165.2564,0.0,0.0
2024-07-18 14:00:00+00:00,30.65,68.74591,36.23536,0.0,0.0,1.0,4.5536795,161.56496,0.0,0.0
2024-07-18 15:00:00+00:00,29.6,73.89728,35.226284,0.0,0.0,0.0,5.154415,155.22488,0.0,0.0
2024-07-18 16:00:00+00:00,28.75,78.31878,34.410313,0.0,0.0,0.0,5.5887027,165.06853,0.0,0.0
2024-07-18 17:00:00+00:00,27.85,82.28257,33.49178,0.0,0.0,0.0,5.506941,191.30989,0.0,0.0
2024-07-18 18:00:00+00:00,27.45,82.481865,33.01583,0.0,0.0,0.0,4.510787,208.61037,0.0,0.0
2024-07-18 19:00:00+00:00,27.15,83.19273,32.681683,0.0,0.0,0.0,4.1046314,217.87505,0.0,0.0
2024-07-18 20:00:00+00:00,26.85,84.92637,32.453884,0.0,0.0,0.0,3.8268526,228.81418,0.0,0.0
2024-07-18 21:00:00+00:00,27.1,84.444534,32.95585,0.0,0.0,0.0,2.7416782,246.80138,0.0,0.0
2024-07-18 22:00:00+00:00,26.4,93.690765,33.00472,0.0,0.0,0.0,2.2768397,251.56496,1.0,53.865433
2024-07-18 23:00:00+00:00,28.7,79.017166,35.165485,0.0,0.0,0.0,0.5091169,224.9999,1.0,223.42122
2024-07-19 00:00:00+00:00,30.65,70.62277,36.976086,0.0,0.0,0.0,1.4399999,90.0,1.0,437.05975
2024-07-19 01:00:00+00:00,32.8,62.51217,39.015903,0.0,0.0,0.0,2.6208394,105.945465,1.0,636.2076
2024-07-19 02:00:00+00:00,34.8,53.123615,41.67945,0.0,0.0,0.0,2.4149535,116.56499,1.0,797.29785
2024-07-19 03:00:00+00:00,36.9,43.74621,43.698826,0.0,0.0,0.0,3.319036,130.60121,1.0,905.4211
2024-07-19 04:00:00+00:00,38.6,36.731777,44.977413,0.0,0.0,0.0,3.9763298,174.80566,1.0,949.35547
2024-07-19 05:00:00+00:00,39.2,33.959408,44.417217,0.0,0.0,18.0,8.287822,214.3804,1.0,931.01044
2024-07-19 06:00:00+00:00,38.2,35.511997,41.71011,0.0,1.0,41.0,14.578888,200.22495,1.0,817.5485
2024-07-19 07:00:00+00:00,38.1,36.371964,41.81551,0.0,1.0,21.0,8.654986,196.9276,1.0,634.9151
2024-07-19 08:00:00+00:00,38.3,36.65077,41.324463,0.0,1.0,30.0,9.885262,190.49142,1.0,505.09494
2024-07-19 09:00:00+00:00,37.2,40.61455,40.298084,0.0,1.0,22.0,10.853866,185.7105,1.0,312.71628
2024-07-19 10:00:00+00:00,36.2,45.59506,40.476086,0.0,0.0,6.0,6.638072,167.4712,1.0,128.91438
2024-07-19 11:00:00+00:00,34.3,53.160168,38.18537,0.0,0.0,6.0,12.57426,156.3706,0.0,0.0
2024-07-19 12:00:00+00:00,32.45,62.81146,37.75939,0.0,0.0,4.0,7.289444,159.77505,0.0,0.0
2024-07-19 13:00:00+00:00,31.75,65.34931,37.366684,0.0,0.0,7.0,5.1919937,123.690094,0.0,0.0
2024-07-19 14:00:00+00:00,30.6,73.84232,36.838535,0.0,0.0,2.0,5.1919937,146.3099,0.0,0.0
2024-07-19 15:00:00+00:00,30.0,77.56986,36.46469,0.0,0.0,14.0,4.802999,167.00539,0.0,0.0
2024-07-19 16:00:00+00:00,30.35,72.49266,36.794434,0.0,1.0,28.0,1.2979984,213.6901,0.0,0.0
2024-07-19 17:00:00+00:00,28.9,81.433914,35.37402,0.0,0.0,11.0,3.6,216.86998,0.0,0.0
2024-07-19 18:00:00+00:00,28.0,86.83214,34.567265,0.0,0.0,10.0,3.8939953,213.6901,0.0,0.0
2024-07-19 19:00:00+00:00,27.95,87.864105,34.702972,0.0,2.0,50.0,3.319036,220.60121,0.0,0.0
2024-07-19 20:00:00+00:00,26.85,92.88096,33.374947,0.0,1.0,39.0,4.198285,210.96368,0.0,0.0
2024-07-19 21:00:00+00:00,27.15,92.89622,34.05809,0.0,1.0,32.0,2.968636,255.96373,0.0,0.0
2024-07-19 22:00:00+00:00,26.55,97.37834,33.662598,0.0,3.0,91.0,2.52,270.0,1.0,54.659866
2024-07-19 23:00:00+00:00,29.1,80.01936,35.79716,0.0,0.0,15.0,1.609969,206.56499,1.0,223.9721
2024-07-20 00:00:00+00:00,30.9,68.793495,36.861893,0.0,1.0,24.0,3.0547013,135.0001,1.0,438.61792
2024-07-20 01:00:00+00:00,32.45,64.33146,38.45373,0.0,1.0,37.0,4.3349743,131.63345,1.0,626.2018
2024-07-20 02:00:00+00:00,34.0,57.406017,40.861317,0.0,0.0,15.0,4.0249224,116.56499,1.0,782.28
2024-07-20 03:00:00+00:00,35.3,52.140503,42.658287,0.0,0.0,9.0,4.3349743,85.23644,1.0,885.6503
2024-07-20 04:00:00+00:00,36.4,47.908688,43.23838,0.0,0.0,18.0,6.9247384,62.10283,1.0,891.58826
2024-07-20 05:00:00+00:00,37.6,43.535168,44.05125,0.0,0.0,19.0,8.311245,72.34979,1.0,893.57806
2024-07-20 06:00:00+00:00,38.55,40.36032,43.795067,0.0,1.0,38.0,11.013882,78.6901,1.0,785.9959
2024-07-20 07:00:00+00:00,38.95,39.859566,43.504005,0.0,1.0,35.0,12.605142,91.63654,1.0,673.4819
2024-07-20 08:00:00+00:00,38.2,39.297295,42.3578,0.0,1.0,43.0,4.8965297,126.027466,1.0,467.39584
2024-07-20 09:00:00+00:00,38.75,39.325424,43.270473,0.0,1.0,32.0,4.3349743,94.76356,1.0,288.53537
2024-07-20 10:00:00+00:00,36.35,46.190884,40.458935,0.0,1.0,23.0,9.178235,154.44008,1.0,110.211136
2024-07-20 11:00:00+00:00,34.75,52.475594,39.326942,0.0,0.0,12.0,8.654986,106.9276,0.0,0.0
2024-07-20 12:00:00+00:00,33.3,58.459087,38.399616,0.0,0.0,7.0,6.9899354,101.88863,0.0,0.0
2024-07-20 13:00:00+00:00,31.8,65.751755,37.585014,0.0,0.0,5.0,4.6938252,85.60138,0.0,0.0
2024-07-20 14:00:00+00:00,30.95,70.67714,37.08178,0.0,0.0,5.0,4.1046314,74.74483,0.0,0.0
2024-07-20 15:00:00+00:00,30.05,77.34739,36.508717,0.0,0.0,0.0,4.8433046,48.01287,0.0,0.0
2024-07-20 16:00:00+00:00,29.35,79.10659,35.608463,0.0,0.0,17.0,4.8433046,41.98713,0.0,0.0
2024-07-20 17:00:00+00:00,28.65,83.85873,35.14543,0.0,0.0,2.0,4.6102495,38.65983,0.0,0.0
2024-07-20 18:00:00+00:00,28.15,87.10355,34.738224,0.0,0.0,0.0,4.6800003,22.61991,0.0,0.0
2024-07-20 19:00:00+00:00,27.65,90.48277,34.341976,0.0,0.0,3.0,4.68,360.0,0.0,0.0
2024-07-20 20:00:00+00:00,27.25,93.17653,33.98013,0.0,1.0,25.0,4.896529,342.8972,0.0,0.0
2024-07-20 21:00:00+00:00,27.55,89.94142,34.21023,0.0,0.0,4.0,3.96,360.0,0.0,0.0
2024-07-20 22:00:00+00:00,27.85,93.20572,35.47985,0.0,0.0,9.0,1.609969,26.564985,1.0,51.785873
2024-07-20 23:00:00+00:00,29.25,81.9615,36.237797,0.0,0.0,15.0,2.16,360.0,1.0,208.28685
2024-07-21 00:00:00+00:00,30.65,74.954865,37.16522,0.0,0.0,3.0,4.68,360.0,1.0,404.52533
2024-07-21 01:00:00+00:00,32.3,66.84046,38.991077,0.0,0.0,10.0,1.835647,11.3098955,1.0,590.0415
2024-07-21 02:00:00+00:00,33.95,60.024567,41.5748,0.0,0.0,9.0,1.08,90.0,1.0,753.1679
2024-07-21 03:00:00+00:00,35.3,54.699463,43.067654,0.0,0.0,11.0,3.8773184,111.801476,1.0,856.46204
2024-07-21 04:00:00+00:00,36.3,50.392662,43.324387,0.0,0.0,10.0,8.39657,120.96369,1.0,889.6028
2024-07-21 05:00:00+00:00,36.45,49.38386,42.40013,0.0,0.0,10.0,13.049689,114.44395,1.0,842.3486
2024-07-21 06:00:00+00:00,36.1,49.89076,41.181923,0.0,0.0,7.0,15.937878,108.43504,1.0,765.9006
2024-07-21 07:00:00+00:00,35.65,49.926414,39.792984,0.0,0.0,6.0,18.792551,106.699326,1.0,697.3131
2024-07-21 08:00:00+00:00,34.25,54.444717,37.841995,0.0,0.0,14.0,16.965895,107.281586,1.0,503.0736
2024-07-21 09:00:00+00:00,33.9,53.06116,37.188107,0.0,1.0,21.0,15.042659,111.03758,1.0,333.86227
2024-07-21 10:00:00+00:00,32.6,54.702953,35.683807,0.0,0.0,18.0,13.684735,116.56499,1.0,134.53973
2024-07-21 11:00:00+00:00,31.3,59.24258,35.644253,0.0,0.0,11.0,5.4477882,97.59455,0.0,0.0
2024-07-21 12:00:00+00:00,30.1,66.80315,35.13857,0.0,0.0,13.0,4.1046314,105.25517,0.0,0.0
2024-07-21 13:00:00+00:00,30.1,70.52269,35.803642,0.0,0.0,3.0,3.319036,102.5288,0.0,0.0
2024-07-21 14:00:00+00:00,29.1,79.3081,35.293865,0.0,0.0,3.0,4.379589,80.53775,0.0,0.0
2024-07-21 15:00:00+00:00,29.0,78.120674,35.016857,0.0,0.0,8.0,4.0249224,100.30479,0.0,0.0
2024-07-21 16:00:00+00:00,29.05,77.20002,35.322117,0.0,2.0,60.0,1.609969,26.564985,0.0,0.0
2024-07-21 17:00:00+00:00,28.4,80.16596,34.576027,0.0,1.0,47.0,2.2768397,251.56496,0.0,0.0
2024-07-21 18:00:00+00:00,28.05,81.57185,34.207222,0.0,1.0,35.0,2.1897945,279.46225,0.0,0.0
2024-07-21 19:00:00+00:00,27.6,84.497536,33.867817,0.0,1.0,29.0,2.0991426,300.96368,0.0,0.0
2024-07-21 20:00:00+00:00,27.3,86.7683,33.704117,0.0,0.0,1.0,1.835647,281.3099,0.0,0.0
2024-07-21 21:00:00+00:00,26.05,92.287125,32.05368,0.0,0.0,0.0,3.7064266,299.0545,0.0,0.0
2024-07-21 22:00:00+00:00,26.15,95.084335,32.73499,0.0,0.0,1.0,2.4149535,296.56497,1.0,52.58429
2024-07-21 23:00:00+00:00,28.1,83.05251,34.49693,0.0,2.0,61.0,2.0991426,329.03632,1.0,213.26408
2024-07-22 00:00:00+00:00,29.75,75.70894,36.111485,0.0,2.0,57.0,2.5455842,351.87,1.0,433.13947
2024-07-22 01:00:00+00:00,31.8,64.003044,37.685017,0.0,2.0,52.0,2.0991426,59.03632,1.0,626.6433
2024-07-22 02:00:00+00:00,33.15,58.4244,39.154026,0.0,1.0,29.0,2.3051248,128.65984,1.0,647.08777
2024-07-22 03:00:00+00:00,34.45,53.680077,40.783295,0.0,2.0,58.0,3.319036,139.39879,1.0,721.6347
2024-07-22 04:00:00+00:00,35.35,50.60754,41.612644,0.0,0.0,19.0,3.8939953,123.6901,1.0,718.20636
2024-07-22 05:00:00+00:00,35.85,49.0824,41.632183,0.0,1.0,24.0,6.130579,93.366394,1.0,684.7137
2024-07-22 06:00:00+00:00,36.05,50.178543,41.988224,0.0,1.0,25.0,11.367109,100.95402,1.0,775.4049
2024-07-22 07:00:00+00:00,34.65,56.368126,39.69461,0.2,51.0,38.0,14.345898,107.52566,1.0,609.8333
2024-07-22 08:00:00+00:00,34.15,54.74899,37.610527,0.0,0.0,15.0,16.946787,102.26476,1.0,460.13916
2024-07-22 09:00:00+00:00,33.25,55.52909,36.52556,0.0,0.0,9.0,15.745627,100.53913,1.0,303.28818
2024-07-22 10:00:00+00:00,32.0,60.855396,35.693844,0.0,0.0,3.0,14.332341,101.59215,1.0,129.10454
2024-07-22 11:00:00+00:00,30.7,68.75541,35.436787,0.0,0.0,11.0,10.587917,107.818985,0.0,0.0
2024-07-22 12:00:00+00:00,30.2,71.81977,35.585403,0.0,1.0,39.0,7.2359104,95.7105,0.0,0.0
2024-07-22 13:00:00+00:00,29.8,74.81889,35.17369,0.0,1.0,22.0,8.647496,92.385895,0.0,0.0
2024-07-22 14:00:00+00:00,29.45,76.79987,35.30895,0.0,2.0,73.0,5.771239,86.423744,0.0,0.0
2024-07-22 15:00:00+00:00,29.1,77.20741,34.90777,0.2,51.0,59.0,5.0142193,68.96242,0.0,0.0
2024-07-22 16:00:00+00:00,28.65,79.01028,34.59954,0.2,51.0,75.0,3.8268526,41.185837,0.0,0.0
2024-07-22 17:00:00+00:00,28.0,83.78747,34.208317,0.0,3.0,88.0,3.6179552,5.7105074,0.0,0.0
2024-07-22 18:00:00+00:00,27.35,88.07523,33.58441,0.0,2.0,70.0,4.3498964,335.55606,0.0,0.0
2024-07-22 19:00:00+00:00,26.5,92.587135,32.65614,0.0,1.0,22.0,4.896529,342.8972,0.0,0.0
2024-07-22 20:00:00+00:00,26.1,93.39822,32.106,0.0,1.0,34.0,4.802999,347.00537,0.0,0.0
2024-07-22 21:00:00+00:00,25.85,94.50823,31.866375,0.0,1.0,27.0,4.510787,331.38962,0.0,0.0
2024-07-22 22:00:00+00:00,26.5,92.86309,32.883636,0.0,0.0,11.0,3.563818,315.0001,1.0,49.59657
2024-07-22 23:00:00+00:00,28.05,83.29489,34.04683,0.0,0.0,11.0,4.8433046,318.01288,1.0,215.30495
2024-07-23 00:00:00+00:00,29.75,73.48119,35.356453,0.0,2.0,70.0,5.506941,11.3098955,1.0,417.46802
2024-07-23 01:00:00+00:00,32.15,61.441124,36.92869,0.0,2.0,71.0,8.14587,44.999897,1.0,592.7342
2024-07-23 02:00:00+00:00,33.85,54.511448,39.1122,0.0,3.0,94.0,6.9153743,51.34017,1.0,693.8252
2024-07-23 03:00:00+00:00,35.15,49.19982,40.54264,0.0,1.0,49.0,9.83268,66.2505,1.0,828.3934
2024-07-23 04:00:00+00:00,35.5,48.697197,40.51337,0.1,51.0,46.0,13.570615,68.19853,1.0,833.88416
2024-07-23 05:00:00+00:00,35.9,48.069035,40.95894,0.1,51.0,22.0,15.141414,71.99575,1.0,851.2051
2024-07-23 06:00:00+00:00,36.0,48.678814,40.907978,0.0,0.0,16.0,16.24394,77.19574,1.0,799.2259
2024-07-23 07:00:00+00:00,34.4,55.139694,38.434193,0.2,51.0,22.0,19.06301,79.11452,1.0,628.1344
2024-07-23 08:00:00+00:00,33.55,57.472904,37.03635,0.1,51.0,52.0,18.35647,78.6901,1.0,493.15997
2024-07-23 09:00:00+00:00,32.2,63.704838,35.98123,0.0,2.0,57.0,17.771753,83.019035,1.0,280.7221
2024-07-23 10:00:00+00:00,31.25,67.43445,35.771797,0.0,3.0,91.0,12.9249525,77.125,1.0,112.37671
2024-07-23 11:00:00+00:00,30.35,70.77983,35.262207,0.0,3.0,90.0,10.041354,75.46551,0.0,0.0
2024-07-23 12:00:00+00:00,29.8,73.0511,35.21383,0.0,3.0,93.0,6.6087217,60.64234,0.0,0.0
2024-07-23 13:00:00+00:00,28.0,79.873405,33.98795,0.1,51.0,99.0,1.609969,333.43503,0.0,0.0
2024-07-23 14:00:00+00:00,27.9,81.79778,33.64052,0.1,51.0,100.0,4.6102495,321.34018,0.0,0.0
2024-07-23 15:00:00+00:00,27.85,81.54711,33.600693,0.2,51.0,80.0,4.1046314,322.12494,0.0,0.0
2024-07-23 16:00:00+00:00,27.5,84.234764,33.23134,0.1,51.0,70.0,5.1165614,320.7106,0.0,0.0
2024-07-23 17:00:00+00:00,26.9,87.513275,32.55599,0.0,3.0,84.0,5.8603754,317.4896,0.0,0.0
2024-07-23 18:00:00+00:00,27.05,86.2282,32.44622,0.0,3.0,100.0,7.2,323.13,0.0,0.0
2024-07-23 19:00:00+00:00,26.95,85.447464,32.302723,0.0,3.0,100.0,6.4096174,321.8427,0.0,0.0
2024-07-23 20:00:00+00:00,26.65,85.9319,31.957645,0.0,3.0,100.0,5.8603754,317.4896,0.0,0.0
2024-07-23 21:00:00+00:00,26.8,83.654724,31.988522,0.0,3.0,100.0,5.3999996,323.13004,0.0,0.0
2024-07-23 22:00:00+00:00,27.2,81.221725,32.223087,0.3,51.0,100.0,6.1094027,315.0001,1.0,23.257368
2024-07-23 23:00:00+00:00,27.5,81.01568,32.337433,1.4,61.0,99.0,8.435069,309.8055,1.0,52.10782
2024-07-24 00:00:00+00:00,28.4,78.73956,33.088303,0.0,3.0,95.0,11.165805,339.22766,1.0,162.6813
2024-07-24 01:00:00+00:00,31.4,62.584557,34.513973,0.1,51.0,90.0,17.902534,15.154131,1.0,492.79163
2024-07-24 02:00:00+00:00,32.3,58.58041,34.850414,0.0,1.0,47.0,20.730501,20.323217,1.0,460.82837
2024-07-24 03:00:00+00:00,33.9,53.544773,37.6536,0.2,51.0,64.0,19.33639,24.179106,1.0,785.5856
2024-07-24 04:00:00+00:00,34.7,51.36659,38.20449,0.2,51.0,49.0,20.172853,34.82457,1.0,732.46564
2024-07-24 05:00:00+00:00,32.4,62.612896,36.991425,1.6,61.0,87.0,14.4,36.86999,1.0,611.7951
2024-07-24 06:00:00+00:00,33.15,57.89967,36.171757,0.2,51.0,100.0,19.969458,33.97659,1.0,488.8575
2024-07-24 07:00:00+00:00,31.95,62.703644,34.75985,0.8,53.0,100.0,24.569836,50.94686,1.0,571.9414
2024-07-24 08:00:00+00:00,30.2,71.60525,34.260838,0.3,51.0,100.0,16.09969,26.564985,1.0,183.23615
2024-07-24 09:00:00+00:00,29.25,78.389595,34.020752,0.8,53.0,100.0,13.910169,349.5626,1.0,119.52739
2024-07-24 10:00:00+00:00,28.8,79.030975,33.711117,0.3,51.0,100.0,11.609651,352.87506,1.0,41.92278
2024-07-24 11:00:00+00:00,28.25,80.8685,33.08985,0.1,51.0,100.0,11.440978,347.27563,0.0,0.0
2024-07-24 12:00:00+00:00,27.65,83.000916,32.31809,0.5,53.0,100.0,11.966954,344.2913,0.0,0.0
2024-07-24 13:00:00+00:00,26.9,91.24299,32.058933,2.5,63.0,100.0,12.413477,330.4613,0.0,0.0
2024-07-24 14:00:00+00:00,26.65,90.41537,31.52179,1.0,55.0,100.0,12.57426,336.3706,0.0,0.0
2024-07-24 15:00:00+00:00,26.55,89.3349,30.637081,0.4,51.0,100.0,16.62249,342.34976,0.0,0.0
2024-07-24 16:00:00+00:00,26.25,89.848854,30.308819,1.1,55.0,100.0,15.941944,353.517,0.0,0.0
2024-07-24 17:00:00+00:00,26.05,90.64562,30.07734,0.7,53.0,100.0,15.941944,353.517,0.0,0.0
2024-07-24 18:00:00+00:00,25.95,90.367714,29.56522,0.3,51.0,100.0,18.11841,339.04413,0.0,0.0
2024-07-24 19:00:00+00:00,26.0,89.56185,28.761543,2.3,61.0,100.0,23.540806,336.5713,0.0,0.0
2024-07-24 20:00:00+00:00,25.95,90.63896,28.816448,9.2,65.0,100.0,23.469128,355.60138,0.0,0.0
2024-07-24 21:00:00+00:00,25.95,92.28159,29.452301,4.0,63.0,100.0,20.418695,9.13011,0.0,0.0
2024-07-24 22:00:00+00:00,26.1,92.56586,30.331753,3.0,63.0,100.0,16.299694,353.6599,1.0,11.818124
2024-07-24 23:00:00+00:00,26.3,92.026,30.029266,2.1,61.0,100.0,20.188908,3.0664318,1.0,29.855839
2024-07-25 00:00:00+00:00,26.5,92.03738,30.257374,1.5,61.0,100.0,20.892412,1.9748993,1.0,107.30619
2024-07-25 01:00:00+00:00,26.3,90.933556,28.46737,11.3,65.0,100.0,30.009838,349.63373,1.0,132.0649
2024-07-25 02:00:00+00:00,26.3,91.75183,29.159477,3.8,63.0,100.0,25.929996,358.40887,1.0,146.40756
2024-07-25 03:00:00+00:00,26.7,92.8733,30.062965,9.3,65.0,100.0,25.189713,30.963696,1.0,157.96872
2024-07-25 04:00:00+00:00,27.05,93.7202,30.274082,17.5,65.0,100.0,28.467327,32.082153,1.0,301.31516
2024-07-25 05:00:00+00:00,26.75,92.051544,29.39978,5.9,63.0,100.0,29.620802,20.637625,1.0,84.723625
2024-07-25 06:00:00+00:00,26.5,93.41717,29.89952,8.3,65.0,100.0,24.482647,19.767267,1.0,79.24201
2024-07-25 07:00:00+00:00,27.05,92.616234,31.288769,3.8,63.0,100.0,20.570463,32.85573,1.0,132.38783
2024-07-25 08:00:00+00:00,26.85,92.88096,31.024319,1.1,55.0,100.0,20.316889,29.744795,1.0,81.990524
2024-07-25 09:00:00+00:00,26.55,93.697586,30.124504,2.5,63.0,100.0,23.740902,40.695446,1.0,25.477043
2024-07-25 10:00:00+00:00,26.45,93.41479,30.564339,1.6,61.0,100.0,19.35314,46.507374,1.0,33.04587
2024-07-25 11:00:00+00:00,26.45,93.97195,31.408588,0.6,53.0,100.0,14.021525,48.122223,0.0,0.0
2024-07-25 12:00:00+00:00,26.35,95.09147,31.772938,2.3,61.0,100.0,11.298495,59.349415,0.0,0.0
2024-07-25 13:00:00+00:00,25.75,94.78678,31.212017,12.7,65.0,100.0,8.0899935,32.275623,0.0,0.0
2024-07-25 14:00:00+00:00,25.8,95.92577,31.874084,6.0,63.0,100.0,5.0142193,21.037588,0.0,0.0
2024-07-25 15:00:00+00:00,26.0,95.64671,30.925137,3.8,63.0,100.0,13.570615,68.19853,0.0,0.0
2024-07-25 16:00:00+00:00,25.9,96.5013,31.220272,7.2,63.0,100.0,11.090103,76.865974,0.0,0.0
2024-07-25 17:00:00+00:00,25.65,96.207726,30.896614,2.2,61.0,100.0,10.239453,79.87539,0.0,0.0
2024-07-25 18:00:00+00:00,25.65,96.207726,30.689484,2.2,61.0,100.0,11.659777,81.11942,0.0,0.0
2024-07-25 19:00:00+00:00,25.8,96.78638,31.35474,0.4,51.0,100.0,9.255571,76.50425,0.0,0.0
2024-07-25 20:00:00+00:00,25.85,97.65458,31.741264,0.1,51.0,100.0,7.8625183,74.054535,0.0,0.0
2024-07-25 21:00:00+00:00,25.7,96.78398,30.878265,0.9,53.0,100.0,11.384198,124.69522,0.0,0.0
2024-07-25 22:00:00+00:00,25.85,96.21326,30.914795,1.8,61.0,100.0,12.387348,125.537766,1.0,16.018026
2024-07-25 23:00:00+00:00,25.95,95.93019,31.254955,2.8,63.0,100.0,10.966713,113.19862,1.0,25.446423
2024-07-26 00:00:00+00:00,26.3,94.80753,31.643452,1.1,55.0,100.0,11.384198,124.69522,1.0,79.00018
2024-07-26 01:00:00+00:00,26.8,95.10747,32.05967,1.7,61.0,100.0,14.512064,150.2552,1.0,85.41674
2024-07-26 02:00:00+00:00,26.95,93.99362,32.17829,0.6,53.0,100.0,14.48972,153.43501,1.0,104.13081
2024-07-26 03:00:00+00:00,27.8,89.42806,32.90627,0.5,53.0,100.0,15.315873,156.44772,1.0,269.93118
2024-07-26 04:00:00+00:00,28.35,89.46866,34.169353,0.7,53.0,100.0,13.044722,140.59937,1.0,354.08105
2024-07-26 05:00:00+00:00,27.75,90.48943,33.150505,2.9,63.0,100.0,14.007655,154.09355,1.0,229.53624
2024-07-26 06:00:00+00:00,27.3,92.355675,32.627617,1.4,61.0,100.0,14.039999,157.3801,1.0,137.46802
2024-07-26 07:00:00+00:00,27.25,92.0798,32.528675,3.6,63.0,100.0,13.905509,158.74942,1.0,79.96949
2024-07-26 08:00:00+00:00,27.1,92.61884,32.227837,4.7,63.0,100.0,14.707222,158.45895,1.0,37.49206
2024-07-26 09:00:00+00:00,26.9,92.88351,31.887302,4.5,63.0,100.0,14.973577,152.81897,1.0,40.56695
2024-07-26 10:00:00+00:00,26.9,93.15945,32.139107,2.3,61.0,100.0,13.479583,145.88548,1.0,22.983667
2024-07-26 11:00:00+00:00,26.6,93.14468,31.564411,4.2,63.0,100.0,13.979871,168.11136,0.0,0.0
2024-07-26 12:00:00+00:00,26.6,93.4219,31.781223,4.9,63.0,100.0,12.72283,154.8852,0.0,0.0
2024-07-26 13:00:00+00:00,26.35,93.13236,30.886372,2.7,63.0,100.0,15.778518,152.8504,0.0,0.0
2024-07-26 14:00:00+00:00,26.1,93.6771,30.440182,1.2,55.0,100.0,16.45007,156.80139,0.0,0.0
2024-07-26 15:00:00+00:00,25.85,93.10766,30.370071,2.5,63.0,100.0,13.661038,161.56496,0.0,0.0
2024-07-26 16:00:00+00:00,25.65,95.06646,30.662773,5.1,63.0,100.0,10.948973,136.33215,0.0,0.0
2024-07-26 17:00:00+00:00,25.9,93.94801,30.499466,10.5,65.0,100.0,14.003029,162.03076,0.0,0.0
2024-07-26 18:00:00+00:00,25.7,93.100235,30.770737,3.2,63.0,100.0,9.227524,159.44388,0.0,0.0
2024-07-26 19:00:00+00:00,25.5,94.212036,30.530678,2.6,63.0,100.0,9.504272,142.69597,0.0,0.0
2024-07-26 20:00:00+00:00,25.7,94.2204,30.678524,1.7,61.0,100.0,10.739832,140.44037,0.0,0.0
2024-07-26 21:00:00+00:00,26.0,93.11508,30.629898,0.2,51.0,100.0,13.570615,158.19853,0.0,0.0
2024-07-26 22:00:00+00:00,26.05,93.117584,30.859844,0.2,51.0,100.0,12.55879,152.70052,1.0,16.286701
2024-07-26 23:00:00+00:00,26.45,92.860535,31.676792,0.5,53.0,100.0,11.269782,153.43501,1.0,45.02864
2024-07-27 00:00:00+00:00,26.6,93.69983,31.83271,0.6,53.0,100.0,12.599998,143.13002,1.0,135.88899
2024-07-27 01:00:00+00:00,26.85,93.989296,32.475384,0.5,53.0,100.0,11.298495,149.34941,1.0,90.00381
2024-07-27 02:00:00+00:00,27.15,92.621506,32.58285,1.4,61.0,99.0,12.849528,168.69011,1.0,169.24266
2024-07-27 03:00:00+00:00,28.7,84.86418,33.845673,0.7,53.0,100.0,15.034041,163.30067,1.0,515.8433
2024-07-27 04:00:00+00:00,28.4,84.08088,33.1402,0.9,53.0,100.0,15.725037,164.05453,1.0,427.1398
2024-07-27 05:00:00+00:00,28.35,83.82589,33.355095,0.9,53.0,100.0,13.450708,164.47583,1.0,333.9502
2024-07-27 06:00:00+00:00,28.25,84.817726,33.19358,0.6,53.0,100.0,14.332341,168.40785,1.0,342.6825
2024-07-27 07:00:00+00:00,27.8,90.760735,33.567368,1.0,55.0,100.0,11.966953,158.83867,1.0,234.34705
2024-07-27 08:00:00+00:00,27.6,88.09596,32.938564,0.1,51.0,100.0,11.631956,158.19853,1.0,134.22014
2024-07-27 09:00:00+00:00,27.6,88.6208,33.135895,0.3,51.0,100.0,10.739832,140.44037,1.0,100.92261
2024-07-27 10:00:00+00:00,26.95,92.336555,32.896767,0.8,53.0,100.0,8.161764,131.42357,1.0,69.91651
2024-07-27 11:00:00+00:00,26.45,92.58445,32.310684,0.1,51.0,100.0,6.696387,126.25393,0.0,0.0
2024-07-27 12:00:00+00:00,26.55,92.31467,32.42957,0.0,3.0,99.0,6.792466,122.00535,0.0,0.0
2024-07-27 13:00:00+00:00,26.0,93.67253,31.710186,0.2,51.0,100.0,6.6087217,119.357666,0.0,0.0
2024-07-27 14:00:00+00:00,25.9,95.0754,31.857254,0.1,51.0,100.0,5.5887027,104.93147,0.0,0.0
2024-07-27 15:00:00+00:00,25.85,95.3574,31.705479,0.0,3.0,100.0,6.28713,103.24053,0.0,0.0
2024-07-27 16:00:00+00:00,26.0,94.51419,31.957092,0.0,3.0,100.0,5.5887027,104.93147,0.0,0.0
2024-07-27 17:00:00+00:00,25.95,95.64512,31.76981,0.0,3.0,100.0,7.208994,87.13766,0.0,0.0
2024-07-27 18:00:00+00:00,26.0,96.2174,32.1161,0.1,51.0,100.0,5.8603754,100.619606,0.0,0.0
2024-07-27 19:00:00+00:00,25.8,97.36386,32.056988,0.4,51.0,100.0,4.896529,107.10281,0.0,0.0
2024-07-27 20:00:00+00:00,25.9,97.076866,32.101208,0.1,51.0,100.0,5.506941,78.6901,0.0,0.0
2024-07-27 21:00:00+00:00,25.65,98.23379,31.832058,0.0,3.0,82.0,5.4119864,86.186005,0.0,0.0
2024-07-27 22:00:00+00:00,25.8,97.07472,31.943272,0.0,3.0,97.0,5.4477882,82.40546,1.0,28.985462
2024-07-27 23:00:00+00:00,26.4,93.96982,32.580826,0.0,3.0,100.0,5.4119864,93.814,1.0,100.84212
2024-07-28 00:00:00+00:00,27.15,88.58503,33.04985,0.4,51.0,79.0,6.193674,125.537766,1.0,211.41278
2024-07-28 01:00:00+00:00,27.55,90.744415,33.894176,0.0,2.0,51.0,6.830519,108.43504,1.0,388.63232
2024-07-28 02:00:00+00:00,28.9,85.38808,35.366016,0.2,51.0,100.0,9.290511,125.537766,1.0,647.79126
2024-07-28 03:00:00+00:00,28.35,82.83407,33.655117,4.1,63.0,70.0,10.483357,164.05453,1.0,397.64008
2024-07-28 04:00:00+00:00,29.15,82.681114,35.594757,0.3,51.0,52.0,6.12,118.072395,1.0,529.62317
2024-07-28 05:00:00+00:00,29.35,80.5289,35.98113,2.0,61.0,79.0,10.308831,102.09474,1.0,707.27875
2024-07-28 06:00:00+00:00,29.2,82.68693,35.847046,0.7,53.0,68.0,6.489992,93.17977,1.0,559.30664
2024-07-28 07:00:00+00:00,30.35,77.620705,37.348873,0.2,51.0,26.0,6.297428,120.963684,1.0,581.6105
2024-07-28 08:00:00+00:00,29.7,78.68624,35.441895,0.4,51.0,62.0,9.531505,100.88548,1.0,473.0577
2024-07-28 09:00:00+00:00,28.6,83.356834,34.74976,0.1,51.0,48.0,6.28713,113.62939,1.0,188.93971
2024-07-28 10:00:00+00:00,28.1,85.81641,34.415874,0.4,51.0,58.0,5.154415,155.22488,1.0,99.8169
2024-07-28 11:00:00+00:00,26.5,93.139755,32.952557,1.2,55.0,61.0,3.319036,12.528798,0.0,0.0
2024-07-28 12:00:00+00:00,26.35,91.75473,32.106525,0.1,51.0,19.0,6.28713,346.75946,0.0,0.0
2024-07-28 13:00:00+00:00,25.4,93.926125,31.204422,0.0,1.0,28.0,3.5455887,336.0375,0.0,0.0
2024-07-28 14:00:00+00:00,25.15,95.048485,30.956203,0.0,0.0,3.0,3.319036,319.39877,0.0,0.0
2024-07-28 15:00:00+00:00,24.9,96.47558,30.625153,0.0,0.0,13.0,3.8773184,291.80148,0.0,0.0
2024-07-28 16:00:00+00:00,25.1,95.04668,30.810646,0.0,1.0,21.0,3.7585104,286.6993,0.0,0.0
2024-07-28 17:00:00+00:00,25.0,93.62668,30.428135,0.0,0.0,13.0,4.198285,300.96368,0.0,0.0
2024-07-28 18:00:00+00:00,25.05,93.34806,30.449474,0.0,0.0,13.0,4.39436,304.9921,0.0,0.0
2024-07-28 19:00:00+00:00,25.25,93.63819,30.741333,0.0,1.0,33.0,4.829907,296.56497,0.0,0.0
2024-07-28 20:00:00+00:00,25.5,94.77733,31.251366,0.0,3.0,100.0,5.00128,300.25635,0.0,0.0
2024-07-28 21:00:00+00:00,26.0,93.393456,31.723038,0.0,3.0,86.0,6.297428,300.96368,0.0,0.0
2024-07-28 22:00:00+00:00,26.25,93.96327,32.191807,0.0,3.0,100.0,6.3690495,312.70938,1.0,21.05871
2024-07-28 23:00:00+00:00,26.85,90.42885,32.644474,0.1,51.0,100.0,7.145796,319.0857,1.0,64.899925
2024-07-29 00:00:00+00:00,27.65,86.02849,33.43286,0.2,51.0,26.0,6.9899354,348.11136,1.0,191.78247
2024-07-29 01:00:00+00:00,28.65,85.11075,35.40126,0.0,1.0,47.0,4.0249224,10.304792,1.0,543.81573
2024-07-29 02:00:00+00:00,29.4,83.44637,36.431366,0.0,3.0,81.0,6.3690495,47.290634,1.0,657.6683
2024-07-29 03:00:00+00:00,30.45,74.92296,36.88605,0.2,51.0,99.0,11.570515,84.644264,1.0,772.3189
2024-07-29 04:00:00+00:00,30.15,71.81102,34.871433,0.0,3.0,84.0,11.570515,95.355736,1.0,487.01694
2024-07-29 05:00:00+00:00,31.1,68.83147,37.620205,0.0,1.0,32.0,10.799999,90.0,1.0,810.6763
2024-07-29 06:00:00+00:00,31.15,68.22657,37.09535,0.0,2.0,70.0,13.039754,96.340096,1.0,763.47296
2024-07-29 07:00:00+00:00,30.75,69.80169,36.11999,0.0,3.0,100.0,13.679999,90.0,1.0,655.8895
2024-07-29 08:00:00+00:00,30.15,72.2419,34.88946,0.1,51.0,92.0,11.885453,88.264336,1.0,469.36548
2024-07-29 09:00:00+00:00,29.15,76.75479,34.059994,0.4,51.0,93.0,10.948973,99.46225,1.0,226.80519
2024-07-29 10:00:00+00:00,27.9,82.78196,33.229084,0.4,51.0,97.0,8.311245,94.96966,1.0,76.68069
2024-07-29 11:00:00+00:00,26.55,90.67873,32.77451,0.5,53.0,99.0,3.0758414,110.55613,0.0,0.0
2024-07-29 12:00:00+00:00,26.2,92.29539,32.488914,1.6,61.0,94.0,2.4149535,206.56499,0.0,0.0
2024-07-29 13:00:00+00:00,26.0,94.51419,32.04087,0.1,51.0,99.0,5.0142193,248.96242,0.0,0.0
2024-07-29 14:00:00+00:00,25.6,97.35995,31.963211,0.3,51.0,92.0,3.2599385,263.6599,0.0,0.0
2024-07-29 15:00:00+00:00,25.95,97.077934,32.77772,0.3,51.0,96.0,1.4399999,270.0,0.0,0.0
2024-07-29 16:00:00+00:00,26.1,95.36582,32.701088,0.0,3.0,91.0,2.3051248,321.34018,0.0,0.0
2024-07-29 17:00:00+00:00,26.0,95.36248,32.518856,0.1,51.0,100.0,2.4149535,333.43503,0.0,0.0
2024-07-29 18:00:00+00:00,26.0,94.51419,32.348843,0.3,51.0,100.0,2.9024127,352.87506,0.0,0.0
2024-07-29 19:00:00+00:00,25.95,94.79432,32.28927,0.1,51.0,100.0,2.968636,345.9637,0.0,0.0
2024-07-29 20:00:00+00:00,26.0,94.79624,32.48566,0.2,51.0,100.0,2.1897945,350.53775,0.0,0.0
2024-07-29 21:00:00+00:00,26.0,94.79624,32.48566,0.3,51.0,100.0,2.1897945,350.53775,0.0,0.0
2024-07-29 22:00:00+00:00,26.3,91.47835,32.53724,0.1,51.0,96.0,2.5455842,315.0001,1.0,17.138807
2024-07-29 23:00:00+00:00,26.65,89.342415,32.59335,0.0,3.0,98.0,4.3349743,311.63345,1.0,66.59501
2024-07-30 00:00:00+00:00,27.15,87.53494,33.189884,0.1,51.0,33.0,4.3349743,311.63345,1.0,208.03073
2024-07-30 01:00:00+00:00,28.0,82.546684,34.097843,0.2,51.0,38.0,3.2599385,353.6599,1.0,361.52643
2024-07-30 02:00:00+00:00,29.1,77.90217,35.46839,0.3,51.0,53.0,1.835647,78.6901,1.0,570.9419
2024-07-30 03:00:00+00:00,30.05,74.85901,37.118454,0.4,51.0,53.0,4.072935,135.0001,1.0,715.8605
2024-07-30 04:00:00+00:00,30.8,76.09652,38.8815,0.1,51.0,11.0,4.39436,145.0079,1.0,755.89825
2024-07-30 05:00:00+00:00,31.35,75.2878,39.97442,0.2,51.0,25.0,6.28713,156.3706,1.0,832.3063
2024-07-30 06:00:00+00:00,31.55,74.4366,39.87578,0.5,53.0,76.0,4.198285,120.96369,1.0,706.1273
2024-07-30 07:00:00+00:00,28.2,86.33689,34.541462,2.6,63.0,46.0,5.904439,127.568665,1.0,403.17667
2024-07-30 08:00:00+00:00,29.0,84.14546,35.91327,0.2,51.0,40.0,3.6179552,174.2895,1.0,426.49817
2024-07-30 09:00:00+00:00,29.65,81.76774,36.332664,0.2,51.0,87.0,5.904439,142.43134,1.0,286.75748
2024-07-30 10:00:00+00:00,28.5,85.34808,34.896286,1.0,55.0,46.0,5.991594,122.73522,1.0,100.13888
2024-07-30 11:00:00+00:00,27.55,91.55368,34.413776,0.0,3.0,92.0,3.9763298,95.19434,0.0,0.0
2024-07-30 12:00:00+00:00,27.1,91.79864,33.638416,0.1,51.0,87.0,4.3349743,131.63345,0.0,0.0
2024-07-30 13:00:00+00:00,27.3,93.45486,34.3439,0.0,3.0,98.0,3.219938,116.56499,0.0,0.0
2024-07-30 14:00:00+00:00,27.15,93.44782,33.945343,0.2,51.0,55.0,4.2136917,160.0168,0.0,0.0
2024-07-30 15:00:00+00:00,27.1,94.557625,33.882603,0.1,51.0,55.0,5.0142193,158.96242,0.0,0.0
2024-07-30 16:00:00+00:00,26.95,90.97523,33.269756,0.0,1.0,43.0,4.452954,165.96373,0.0,0.0
2024-07-30 17:00:00+00:00,26.75,92.325584,33.138386,0.0,1.0,46.0,4.2136917,160.0168,0.0,0.0
2024-07-30 18:00:00+00:00,26.05,93.117584,32.13325,0.1,51.0,66.0,3.8268526,138.81418,0.0,0.0
2024-07-30 19:00:00+00:00,25.7,93.37915,31.549778,0.0,2.0,77.0,4.1046314,142.12495,0.0,0.0
2024-07-30 20:00:00+00:00,25.2,96.19518,30.87397,0.0,1.0,36.0,5.315336,151.69934,0.0,0.0
2024-07-30 21:00:00+00:00,25.3,97.64506,31.2457,0.0,0.0,13.0,5.00128,149.74365,0.0,0.0
2024-07-30 22:00:00+00:00,26.05,98.82296,32.88908,0.0,1.0,26.0,3.219938,153.43501,1.0,39.233955
2024-07-30 23:00:00+00:00,26.9,93.99149,33.566345,0.1,51.0,12.0,4.39436,145.0079,1.0,179.09662
2024-07-31 00:00:00+00:00,27.75,86.80939,33.8712,0.1,51.0,24.0,5.8048253,172.87508,1.0,380.44754
2024-07-31 01:00:00+00:00,28.6,86.11932,35.52195,0.1,51.0,30.0,3.563818,135.0001,1.0,488.28024
2024-07-31 02:00:00+00:00,29.9,82.52457,37.85496,0.1,51.0,69.0,4.1046314,127.875046,1.0,719.76276
2024-07-31 03:00:00+00:00,30.9,76.337,38.891525,0.1,51.0,86.0,7.172949,162.47433,1.0,826.85455
2024-07-31 04:00:00+00:00,31.45,70.139366,38.15133,0.3,51.0,78.0,9.826088,171.57312,1.0,763.0038
2024-07-31 05:00:00+00:00,32.3,64.87872,38.536766,0.2,51.0,54.0,12.287555,174.95764,1.0,788.92316
2024-07-31 06:00:00+00:00,32.55,64.16068,38.71831,0.1,51.0,32.0,13.75558,173.99109,1.0,789.99713
2024-07-31 07:00:00+00:00,32.5,64.15019,37.895027,0.1,51.0,28.0,14.205182,171.25392,1.0,647.3113
2024-07-31 08:00:00+00:00,32.15,66.019356,36.903522,0.0,1.0,27.0,14.05845,166.67546,1.0,490.66986
2024-07-31 09:00:00+00:00,31.2,73.287384,36.71612,0.0,0.0,4.0,12.224107,166.37299,1.0,291.17273
2024-07-31 10:00:00+00:00,30.1,77.125595,35.883873,0.0,2.0,53.0,9.47012,171.25392,1.0,113.62427
2024-07-31 11:00:00+00:00,28.8,80.69781,34.576576,0.0,3.0,86.0,7.24486,153.43501,0.0,0.0
2024-07-31 12:00:00+00:00,28.0,85.04454,33.844215,0.0,3.0,84.0,7.24486,153.43501,0.0,0.0
2024-07-31 13:00:00+00:00,27.8,88.37429,33.99341,0.0,2.0,69.0,6.9247384,152.10283,0.0,0.0
2024-07-31 14:00:00+00:00,27.3,90.45924,33.58987,0.0,1.0,42.0,5.8048253,150.2552,0.0,0.0
2024-07-31 15:00:00+00:00,26.9,92.33382,33.298996,0.0,0.0,15.0,4.829907,153.43501,0.0,0.0
2024-07-31 16:00:00+00:00,26.3,95.372604,32.656643,0.0,1.0,47.0,4.896529,162.89719,0.0,0.0
2024-07-31 17:00:00+00:00,26.5,93.41717,32.890026,0.0,0.0,13.0,3.9763298,185.19434,0.0,0.0
2024-07-31 18:00:00+00:00,26.45,93.693016,32.944588,0.0,0.0,12.0,3.2599385,186.3401,0.0,0.0
2024-07-31 19:00:00+00:00,26.65,92.870766,33.274475,0.0,0.0,6.0,2.5959969,213.6901,0.0,0.0
2024-07-31 20:00:00+00:00,26.6,93.4219,33.300472,0.0,0.0,3.0,2.3051248,231.34016,0.0,0.0
2024-07-31 21:00:00+00:00,26.0,95.36248,32.492455,0.0,0.0,2.0,2.5959969,213.6901,0.0,0.0
2024-07-31 22:00:00+00:00,25.95,97.077934,32.798428,0.0,0.0,3.0,1.2979984,213.6901,1.0,39.925926
2024-07-31 23:00:00+00:00,26.85,93.989296,34.01808,0.0,0.0,3.0,0.71999997,270.0,1.0,182.64714
2024-08-01 00:00:00+00:00,28.5,85.85524,35.576015,0.0,0.0,17.0,1.8,126.86999,1.0,401.82712
2024-08-01 01:00:00+00:00,30.3,78.3054,37.32126,0.0,0.0,19.0,3.096837,144.46223,1.0,611.69415
2024-08-01 02:00:00+00:00,31.6,71.63896,39.6966,0.1,51.0,16.0,2.1897945,189.46225,1.0,778.50854
2024-08-01 03:00:00+00:00,33.15,64.66899,41.877895,0.1,51.0,10.0,1.484318,194.03627,1.0,856.2158
2024-08-01 04:00:00+00:00,34.35,59.758232,43.264782,0.0,0.0,12.0,2.0991426,149.03632,1.0,895.91943
2024-08-01 05:00:00+00:00,35.0,56.282986,43.547836,0.0,0.0,16.0,2.5959969,146.3099,1.0,868.64777
2024-08-01 06:00:00+00:00,35.25,53.87601,42.925682,0.1,51.0,15.0,3.8939953,146.3099,1.0,796.5657
2024-08-01 07:00:00+00:00,35.2,55.002834,42.02501,0.0,1.0,20.0,5.991594,147.26479,1.0,668.2549
2024-08-01 08:00:00+00:00,33.85,60.902298,39.260487,0.1,51.0,28.0,10.1376915,173.8846,1.0,465.20264
2024-08-01 09:00:00+00:00,32.7,68.52318,38.658264,0.0,0.0,6.0,10.587917,162.18102,1.0,283.70526
2024-08-01 10:00:00+00:00,31.35,77.08248,37.917698,0.0,0.0,3.0,9.826088,151.55717,1.0,112.42985
2024-08-01 11:00:00+00:00,29.95,83.2623,36.85473,0.0,0.0,1.0,7.289445,147.09476,0.0,0.0
2024-08-01 12:00:00+00:00,29.15,88.2234,36.48351,0.0,0.0,1.0,5.3517847,137.72638,0.0,0.0
2024-08-01 13:00:00+00:00,29.05,87.44036,36.3898,0.0,0.0,3.0,4.072935,135.0001,0.0,0.0
2024-08-01 14:00:00+00:00,28.45,90.536194,35.817112,0.0,0.0,2.0,3.8939953,146.3099,0.0,0.0
2024-08-01 15:00:00+00:00,28.0,93.213005,35.406338,0.0,0.0,1.0,3.8773184,158.19853,0.0,0.0
2024-08-01 16:00:00+00:00,27.7,94.85976,35.144753,0.0,0.0,1.0,3.6179552,174.2895,0.0,0.0
2024-08-01 17:00:00+00:00,28.4,92.95929,36.357197,0.0,0.0,0.0,1.835647,191.30989,0.0,0.0
2024-08-01 18:00:00+00:00,28.15,94.04518,35.95665,0.0,0.0,0.0,2.6208394,195.94547,0.0,0.0
2024-08-01 19:00:00+00:00,26.95,97.673416,34.261143,0.0,0.0,0.0,3.319036,192.5288,0.0,0.0
2024-08-01 20:00:00+00:00,27.5,97.396454,35.32164,0.0,0.0,0.0,2.2768397,198.43504,0.0,0.0
2024-08-01 21:00:00+00:00,27.3,98.25511,35.18291,0.0,1.0,20.0,1.609969,206.56499,0.0,0.0
2024-08-01 22:00:00+00:00,26.85,99.41344,34.598785,0.0,2.0,79.0,1.2979984,213.6901,1.0,40.64311
2024-08-01 23:00:00+00:00,28.0,93.487564,35.955276,0.0,2.0,77.0,0.35999998,180.0,1.0,189.27686
2024-08-02 00:00:00+00:00,29.6,84.956505,37.494274,0.0,2.0,51.0,0.5091169,135.0001,1.0,405.86554
2024-08-02 01:00:00+00:00,31.15,80.759026,39.432617,0.0,0.0,11.0,1.08,90.0,1.0,616.4616
2024-08-02 02:00:00+00:00,32.25,76.76472,41.848495,0.0,0.0,18.0,0.8049845,63.435013,1.0,775.37036
2024-08-02 03:00:00+00:00,33.25,70.466835,42.93044,0.0,0.0,14.0,1.5273507,44.999897,1.0,836.37805
2024-08-02 04:00:00+00:00,34.05,66.205124,43.9178,0.0,0.0,18.0,2.0991426,59.03632,1.0,887.79706
2024-08-02 05:00:00+00:00,34.6,63.831753,44.087906,0.0,0.0,10.0,3.2399998,90.0,1.0,847.90717
2024-08-02 06:00:00+00:00,34.95,62.603767,43.83063,0.0,0.0,18.0,5.0528407,94.08554,1.0,780.23267
2024-08-02 07:00:00+00:00,35.0,62.06404,42.83179,0.0,1.0,22.0,5.771239,93.57626,1.0,625.85767
2024-08-02 08:00:00+00:00,34.6,63.457043,41.69793,0.0,1.0,22.0,5.1544156,102.09474,1.0,456.2619
2024-08-02 09:00:00+00:00,34.15,66.225075,41.464508,0.0,0.0,10.0,5.154415,114.775116,1.0,285.70917
2024-08-02 10:00:00+00:00,33.0,75.10619,41.16744,0.0,0.0,7.0,4.6800003,112.61991,1.0,106.40003
2024-08-02 11:00:00+00:00,31.3,83.170456,39.455635,0.0,0.0,4.0,5.315336,118.30067,0.0,0.0
2024-08-02 12:00:00+00:00,30.4,88.32468,38.79078,0.0,0.0,3.0,4.510787,118.61037,0.0,0.0
2024-08-02 13:00:00+00:00,30.15,90.38521,38.84617,0.0,0.0,7.0,3.219938,116.56499,0.0,0.0
2024-08-02 14:00:00+00:00,29.5,92.205154,37.848053,0.0,0.0,4.0,4.0249224,116.56499,0.0,0.0
2024-08-02 15:00:00+00:00,29.3,91.65751,37.458626,0.0,0.0,3.0,3.7585104,106.699326,0.0,0.0
2024-08-02 16:00:00+00:00,29.35,90.595764,37.474,0.0,0.0,10.0,3.219938,116.56499,0.0,0.0
2024-08-02 17:00:00+00:00,29.6,89.298744,37.810818,0.0,1.0,26.0,2.6208394,105.945465,0.0,0.0
2024-08-02 18:00:00+00:00,29.35,90.86093,37.764706,0.0,1.0,32.0,1.484318,165.96373,0.0,0.0
2024-08-02 19:00:00+00:00,29.1,92.183075,37.399677,0.0,1.0,29.0,2.2768397,341.56494,0.0,0.0
2024-08-02 20:00:00+00:00,28.95,93.53155,37.49149,0.0,1.0,20.0,1.1384199,288.43503,0.0,0.0
2024-08-02 21:00:00+00:00,28.75,95.732574,37.342354,0.0,0.0,11.0,1.835647,281.3099,0.0,0.0
2024-08-02 22:00:00+00:00,28.2,98.84143,36.903748,0.0,0.0,16.0,1.08,270.0,1.0,36.78937
2024-08-02 23:00:00+00:00,29.4,92.46879,38.062096,0.0,1.0,48.0,1.609969,296.56497,1.0,183.70435
2024-08-03 00:00:00+00:00,30.65,86.816734,39.353233,0.0,1.0,37.0,2.0991426,329.03632,1.0,402.45828
2024-08-03 01:00:00+00:00,32.25,78.1214,40.84095,0.0,0.0,0.0,1.5273507,315.0001,1.0,622.37476
2024-08-03 02:00:00+00:00,33.65,70.12735,43.11463,0.0,0.0,0.0,1.1384199,18.435053,1.0,787.4352
2024-08-03 03:00:00+00:00,34.7,63.291584,44.24398,0.0,0.0,0.0,2.0991426,59.03632,1.0,882.48627
2024-08-03 04:00:00+00:00,35.4,58.075283,44.776833,0.0,0.0,0.0,2.52,90.0,1.0,927.35675
2024-08-03 05:00:00+00:00,35.9,54.19557,44.630363,0.0,0.0,1.0,2.5959969,123.690094,1.0,876.39996
2024-08-03 06:00:00+00:00,36.4,51.17747,44.495476,0.0,0.0,4.0,2.0991426,149.03632,1.0,791.5542
2024-08-03 07:00:00+00:00,37.15,48.97347,43.770832,0.0,1.0,33.0,5.8603754,79.380394,1.0,649.52924
2024-08-03 08:00:00+00:00,35.35,59.629932,41.689487,0.0,2.0,62.0,8.647496,92.385895,1.0,442.976
2024-08-03 09:00:00+00:00,34.45,67.26274,42.12467,0.0,1.0,37.0,5.4477882,97.59455,1.0,265.62015
2024-08-03 10:00:00+00:00,28.15,84.555534,33.682835,5.1,63.0,100.0,9.605998,12.99463,1.0,71.71416
2024-08-03 11:00:00+00:00,27.9,88.38236,34.38194,0.2,51.0,50.0,5.4119864,356.186,0.0,0.0
2024-08-03 12:00:00+00:00,27.6,90.211815,34.4219,0.0,0.0,1.0,3.319036,347.4712,0.0,0.0
2024-08-03 13:00:00+00:00,27.6,88.88427,34.03151,0.1,51.0,100.0,4.829907,333.43503,0.0,0.0
2024-08-03 14:00:00+00:00,27.55,91.0135,34.47304,0.0,3.0,100.0,3.096837,305.53775,0.0,0.0
2024-08-03 15:00:00+00:00,28.15,87.62114,35.106976,0.0,3.0,100.0,2.6208394,254.05453,0.0,0.0
2024-08-03 16:00:00+00:00,28.55,85.60627,35.6057,0.0,3.0,100.0,1.9386592,291.80148,0.0,0.0
2024-08-03 17:00:00+00:00,27.0,93.44076,33.708416,0.0,0.0,7.0,4.1046314,217.87505,0.0,0.0
2024-08-03 18:00:00+00:00,26.95,92.61093,33.533894,0.0,0.0,6.0,4.0249224,333.43503,0.0,0.0
2024-08-03 19:00:00+00:00,28.15,87.62114,35.065914,0.0,0.0,8.0,2.9024127,29.744795,0.0,0.0
2024-08-03 20:00:00+00:00,26.45,95.09502,32.88745,0.0,0.0,6.0,4.802999,192.99461,0.0,0.0
2024-08-03 21:00:00+00:00,27.55,91.0135,34.514626,0.0,1.0,20.0,2.8116899,219.80553,0.0,0.0
2024-08-03 22:00:00+00:00,27.15,93.44782,34.325054,0.0,0.0,11.0,1.609969,243.43501,1.0,37.476963
2024-08-03 23:00:00+00:00,27.95,92.93669,35.544044,0.0,1.0,23.0,2.0991426,300.96368,1.0,190.38786
2024-08-04 00:00:00+00:00,29.0,85.650475,36.20143,0.0,1.0,41.0,3.0758414,339.44388,1.0,401.53317
2024-08-04 01:00:00+00:00,30.65,79.75196,38.431877,0.0,0.0,0.0,1.0182338,315.0001,1.0,621.4366
2024-08-04 02:00:00+00:00,31.85,75.36623,40.893543,0.0,0.0,0.0,1.484318,75.96373,1.0,787.5521
2024-08-04 03:00:00+00:00,32.85,71.646996,42.46588,0.0,0.0,2.0,3.671294,101.3099,1.0,899.28314
2024-08-04 04:00:00+00:00,33.6,67.294525,43.408615,0.0,0.0,11.0,3.5455887,113.962494,1.0,937.48804
2024-08-04 05:00:00+00:00,34.2,64.88544,43.391872,0.0,1.0,20.0,5.8603754,132.5104,1.0,888.1435
2024-08-04 06:00:00+00:00,34.65,63.467598,43.397766,0.0,0.0,11.0,6.1305785,139.76372,1.0,794.2832
2024-08-04 07:00:00+00:00,34.95,62.603767,42.8506,0.0,1.0,25.0,5.904439,142.43134,1.0,628.2378
2024-08-04 08:00:00+00:00,34.25,65.857025,40.8144,0.0,0.0,9.0,10.296251,126.46933,1.0,440.9791
2024-08-04 09:00:00+00:00,33.2,70.66488,39.853123,0.0,0.0,8.0,10.703569,109.653915,1.0,298.30383
2024-08-04 10:00:00+00:00,32.15,76.97466,39.636555,0.0,0.0,5.0,7.289444,110.22495,1.0,108.68822
2024-08-04 11:00:00+00:00,31.5,78.47388,39.143764,0.0,0.0,1.0,4.6938252,85.60138,0.0,0.0
2024-08-04 12:00:00+00:00,29.1,87.187775,36.4467,0.3,51.0,13.0,4.0249224,296.56497,0.0,0.0
2024-08-04 13:00:00+00:00,26.55,85.92219,31.216167,0.0,1.0,36.0,9.83268,293.7495,0.0,0.0
2024-08-04 14:00:00+00:00,26.9,82.66524,32.432304,0.0,0.0,10.0,2.6208394,285.94547,0.0,0.0
2024-08-04 15:00:00+00:00,26.25,85.377205,31.556347,0.0,2.0,66.0,3.7585104,286.6993,0.0,0.0
2024-08-04 16:00:00+00:00,25.75,89.00654,31.129017,0.0,3.0,98.0,4.1046314,285.25516,0.0,0.0
2024-08-04 17:00:00+00:00,25.35,92.803925,30.927288,0.0,3.0,100.0,4.0249224,296.56497,0.0,0.0
2024-08-04 18:00:00+00:00,25.2,93.63592,30.752224,0.0,3.0,100.0,4.198285,300.96368,0.0,0.0
2024-08-04 19:00:00+00:00,24.9,95.03945,30.3843,0.0,3.0,100.0,4.452954,284.03625,0.0,0.0
2024-08-04 20:00:00+00:00,25.05,93.91072,30.572464,0.0,3.0,100.0,3.9763298,275.19434,0.0,0.0
2024-08-04 21:00:00+00:00,25.55,91.98313,31.312328,0.0,3.0,99.0,2.968636,284.03625,0.0,0.0
2024-08-04 22:00:00+00:00,25.15,96.19384,31.247902,0.0,3.0,100.0,2.1897945,279.46225,1.0,38.18907
2024-08-04 23:00:00+00:00,26.4,90.93997,32.819016,0.0,3.0,100.0,1.2979984,326.3099,1.0,183.25748
2024-08-05 00:00:00+00:00,27.85,85.2828,34.684837,0.0,3.0,100.0,0.0,270.0,1.0,399.36386
2024-08-05 01:00:00+00:00,29.25,80.99533,36.25059,0.0,3.0,89.0,1.1384199,71.564964,1.0,604.4979
2024-08-05 02:00:00+00:00,30.7,75.408424,38.634884,0.0,0.0,19.0,2.968636,75.96373,1.0,773.5438
2024-08-05 03:00:00+00:00,31.5,73.121185,40.05552,0.0,1.0,27.0,5.4477882,82.40546,1.0,888.8577
2024-08-05 04:00:00+00:00,32.45,65.88355,41.269093,0.0,2.0,56.0,2.968636,75.96373,1.0,921.2356
2024-08-05 05:00:00+00:00,33.35,59.7104,41.750927,0.0,0.0,7.0,2.7416782,113.19862,1.0,902.83356
2024-08-05 06:00:00+00:00,33.8,59.102108,41.537487,0.0,0.0,9.0,5.154415,114.775116,1.0,819.88464
2024-08-05 07:00:00+00:00,33.95,60.56308,40.861176,0.0,0.0,15.0,7.7043357,127.40543,1.0,678.4647
2024-08-05 08:00:00+00:00,32.55,69.92629,38.864193,0.0,1.0,33.0,9.107359,108.43504,1.0,466.73447
2024-08-05 09:00:00+00:00,31.85,74.26611,38.363827,0.0,0.0,12.0,9.449572,107.74477,1.0,290.79187
2024-08-05 10:00:00+00:00,30.75,80.235504,37.893944,0.0,0.0,10.0,6.379216,106.38962,1.0,107.97852
2024-08-05 11:00:00+00:00,29.15,88.74297,36.756912,0.0,0.0,2.0,3.9763298,95.19434,0.0,0.0
2024-08-05 12:00:00+00:00,28.25,92.13589,35.57277,0.0,0.0,1.0,4.6938252,94.39862,0.0,0.0
2024-08-05 13:00:00+00:00,28.5,92.69211,36.14684,0.0,0.0,0.0,4.2136917,70.01681,0.0,0.0
2024-08-05 14:00:00+00:00,28.0,93.487564,35.409187,0.0,0.0,0.0,4.1046314,105.25517,0.0,0.0
2024-08-05 15:00:00+00:00,27.6,95.696976,34.99631,0.0,0.0,3.0,4.198285,120.96369,0.0,0.0
2024-08-05 16:00:00+00:00,27.15,96.81793,34.42226,0.0,0.0,5.0,3.8268526,131.18582,0.0,0.0
2024-08-05 17:00:00+00:00,26.65,97.66834,33.6665,0.0,0.0,16.0,3.8939953,123.6901,0.0,0.0
2024-08-05 18:00:00+00:00,27.1,97.676,34.69567,0.0,3.0,100.0,2.0991426,59.03632,0.0,0.0
2024-08-05 19:00:00+00:00,26.05,99.40998,33.004044,0.2,51.0,98.0,2.9024127,7.12493,0.0,0.0
2024-08-05 20:00:00+00:00,26.0,99.7045,33.045357,0.1,51.0,100.0,2.2768397,341.56494,0.0,0.0
2024-08-05 21:00:00+00:00,26.15,99.41038,33.299168,0.0,3.0,100.0,2.0364676,315.0001,0.0,0.0
2024-08-05 22:00:00+00:00,26.45,97.954155,33.594112,0.0,3.0,97.0,2.3051248,321.34018,1.0,24.33037
2024-08-05 23:00:00+00:00,26.9,95.11098,34.025494,0.0,1.0,41.0,2.1897945,350.53775,1.0,120.482025
2024-08-06 00:00:00+00:00,28.4,86.61174,35.538284,0.0,1.0,27.0,1.609969,296.56497,1.0,388.47638
2024-08-06 01:00:00+00:00,29.75,78.6932,36.726334,0.1,51.0,23.0,1.2979984,146.3099,1.0,572.6885
2024-08-06 02:00:00+00:00,30.55,75.384895,38.01457,0.1,51.0,14.0,4.3349743,131.63345,1.0,749.74976
2024-08-06 03:00:00+00:00,31.3,72.012314,39.48668,0.0,0.0,15.0,4.3349743,131.63345,1.0,845.9716
2024-08-06 04:00:00+00:00,31.95,67.77278,40.483604,0.0,1.0,20.0,3.5455887,113.962494,1.0,893.81915
2024-08-06 05:00:00+00:00,32.5,63.95898,40.83503,0.0,0.0,3.0,4.0249224,116.56499,1.0,895.85693
2024-08-06 06:00:00+00:00,33.0,61.26085,40.586052,0.0,0.0,2.0,6.618519,135.0001,1.0,852.1421
2024-08-06 07:00:00+00:00,33.35,59.17628,39.645542,0.0,0.0,4.0,8.78872,124.992096,1.0,705.7365
2024-08-06 08:00:00+00:00,32.15,66.019356,37.14542,0.0,0.0,1.0,13.854155,114.56716,1.0,522.7902
2024-08-06 09:00:00+00:00,30.65,72.32859,35.544254,0.0,0.0,0.0,13.0447235,117.979385,1.0,313.8878
2024-08-06 10:00:00+00:00,29.7,75.25081,35.325115,0.0,0.0,0.0,6.9247384,117.89718,1.0,111.33602
2024-08-06 11:00:00+00:00,28.0,82.05488,33.777523,0.0,0.0,0.0,5.0142193,111.03758,0.0,0.0
2024-08-06 12:00:00+00:00,27.2,85.98511,33.0196,0.0,0.0,0.0,4.73506,81.25392,0.0,0.0
2024-08-06 13:00:00+00:00,28.15,83.058235,34.236282,0.0,0.0,5.0,4.452954,104.03627,0.0,0.0
2024-08-06 14:00:00+00:00,27.1,89.64242,33.25988,0.0,0.0,3.0,5.0911684,98.13002,0.0,0.0
2024-08-06 15:00:00+00:00,28.35,81.608765,34.57451,0.0,0.0,0.0,3.0547013,44.999897,0.0,0.0
2024-08-06 16:00:00+00:00,27.2,87.80068,33.420258,0.0,0.0,1.0,3.5455887,23.962492,0.0,0.0
2024-08-06 17:00:00+00:00,26.8,89.62057,33.105457,0.0,1.0,33.0,2.7416782,336.8014,0.0,0.0
2024-08-06 18:00:00+00:00,25.4,97.64682,31.528008,0.0,0.0,2.0,4.198285,300.96368,0.0,0.0
2024-08-06 19:00:00+00:00,25.45,99.99999,32.036907,0.0,3.0,99.0,3.096837,305.53775,0.0,0.0
2024-08-06 20:00:00+00:00,25.5,100.0,31.814869,0.0,3.0,99.0,5.1919937,303.6901,0.0,0.0
2024-08-06 21:00:00+00:00,24.9,100.0,31.22348,0.0,3.0,100.0,2.4149535,296.56497,0.0,0.0
2024-08-06 22:00:00+00:00,24.95,100.0,30.951912,0.0,3.0,100.0,4.8433046,318.01288,1.0,34.733963
2024-08-06 23:00:00+00:00,26.05,93.954575,32.17698,0.0,3.0,85.0,4.198285,329.03632,1.0,171.98125
2024-08-07 00:00:00+00:00,27.7,87.58246,34.419716,0.0,1.0,48.0,2.16,360.0,1.0,381.3097
2024-08-07 01:00:00+00:00,29.75,75.70894,35.917274,0.0,1.0,27.0,3.8773184,338.19852,1.0,622.04254
2024-08-07 02:00:00+00:00,31.15,67.81963,38.186035,0.0,0.0,14.0,3.396233,32.005356,1.0,784.6305
2024-08-07 03:00:00+00:00,32.2,64.087204,39.94809,0.0,0.0,6.0,4.379589,80.53775,1.0,894.1706
2024-08-07 04:00:00+00:00,32.75,62.50134,40.58329,0.0,0.0,8.0,6.0347,107.35411,1.0,919.1555
2024-08-07 05:00:00+00:00,33.65,58.7154,41.33004,0.0,0.0,13.0,5.6920996,108.43504,1.0,878.0484
2024-08-07 06:00:00+00:00,34.15,54.256695,41.23348,0.0,3.0,80.0,3.9763298,84.805664,1.0,792.8926
2024-08-07 07:00:00+00:00,34.75,49.3961,40.45175,0.0,3.0,80.0,4.896529,107.10281,1.0,672.50916
2024-08-07 08:00:00+00:00,34.0,55.877033,38.599575,0.0,3.0,83.0,9.983106,115.64096,1.0,439.2682
2024-08-07 09:00:00+00:00,32.75,67.12804,38.211666,0.0,3.0,88.0,12.57426,113.62939,1.0,271.08008
2024-08-07 10:00:00+00:00,31.45,72.68135,37.31533,0.0,1.0,41.0,10.296251,126.46933,1.0,101.2193
2024-08-07 11:00:00+00:00,30.05,76.661674,36.195457,0.0,2.0,61.0,6.297428,149.03632,0.0,0.0
2024-08-07 12:00:00+00:00,29.05,80.97009,35.265507,0.0,3.0,92.0,5.6002855,135.0001,0.0,0.0
2024-08-07 13:00:00+00:00,29.0,83.155045,35.688786,0.0,3.0,100.0,4.2136917,109.98319,0.0,0.0
2024-08-07 14:00:00+00:00,28.2,86.08116,34.70453,0.0,3.0,96.0,4.5536795,108.43504,0.0,0.0
2024-08-07 15:00:00+00:00,28.4,83.334335,34.76781,0.0,3.0,97.0,3.8773184,111.801476,0.0,0.0
2024-08-07 16:00:00+00:00,28.65,81.160866,35.135437,0.0,3.0,99.0,2.16,90.0,0.0,0.0
2024-08-07 17:00:00+00:00,28.05,86.57942,35.027554,0.0,3.0,95.0,1.08,360.0,0.0,0.0
2024-08-07 18:00:00+00:00,27.55,91.82487,34.9109,0.0,3.0,88.0,0.8049845,296.56497,0.0,0.0
2024-08-07 19:00:00+00:00,27.05,96.815605,34.473377,0.0,1.0,47.0,2.3051248,321.34018,0.0,0.0
2024-08-07 20:00:00+00:00,26.15,98.82384,33.117104,0.0,1.0,41.0,2.8116899,320.1945,0.0,0.0
2024-08-07 21:00:00+00:00,25.7,100.0,32.496876,0.0,3.0,100.0,2.8116899,309.8055,0.0,0.0
2024-08-07 22:00:00+00:00,26.1,100.0,33.096855,0.0,3.0,100.0,3.319036,310.60123,1.0,35.431156
2024-08-07 23:00:00+00:00,27.05,94.835625,34.18535,0.0,1.0,37.0,2.5959969,326.3099,1.0,170.96007
2024-08-08 00:00:00+00:00,28.8,85.37811,35.89733,0.0,3.0,98.0,2.5959969,303.6901,1.0,371.6379
2024-08-08 01:00:00+00:00,30.45,75.81769,37.490627,0.0,2.0,64.0,1.08,180.0,1.0,567.33923
2024-08-08 02:00:00+00:00,31.65,71.860214,39.364223,0.1,51.0,94.0,3.8773184,111.801476,1.0,751.0453
2024-08-08 03:00:00+00:00,32.5,69.917076,41.005554,0.0,3.0,99.0,5.1544156,102.09474,1.0,849.1803
2024-08-08 04:00:00+00:00,33.5,65.125595,42.247074,0.0,3.0,93.0,4.32,90.0,1.0,865.35583
2024-08-08 05:00:00+00:00,34.25,60.990803,42.496857,0.0,3.0,99.0,6.87779,96.00892,1.0,877.955
2024-08-08 06:00:00+00:00,34.1,59.170547,41.833275,0.0,3.0,97.0,5.6233797,129.80553,1.0,802.2617
2024-08-08 07:00:00+00:00,35.3,53.888226,41.61993,0.0,3.0,99.0,5.0142193,111.03758,1.0,593.502
2024-08-08 08:00:00+00:00,31.65,68.73078,38.17439,0.8,53.0,99.0,2.3051248,141.34016,1.0,424.24756
2024-08-08 09:00:00+00:00,31.6,70.166855,38.215176,0.0,3.0,97.0,3.0547013,135.0001,1.0,206.49313
2024-08-08 10:00:00+00:00,31.25,75.71753,38.61348,0.0,3.0,80.0,2.4149535,153.43501,1.0,76.776375
2024-08-08 11:00:00+00:00,31.15,70.924095,37.89621,0.0,2.0,64.0,1.0182338,44.999897,0.0,0.0
2024-08-08 12:00:00+00:00,30.75,73.64809,37.363853,0.0,1.0,27.0,3.0758414,69.44387,0.0,0.0
2024-08-08 13:00:00+00:00,27.9,87.59968,34.533764,0.3,51.0,100.0,3.671294,348.6901,0.0,0.0
2024-08-08 14:00:00+00:00,27.45,93.186295,34.654335,0.2,51.0,100.0,2.5959969,303.6901,0.0,0.0
2024-08-08 15:00:00+00:00,27.3,90.997574,34.058693,0.2,51.0,100.0,3.0547013,315.0001,0.0,0.0
2024-08-08 16:00:00+00:00,27.1,90.9848,33.674065,0.0,3.0,83.0,3.396233,327.99466,0.0,0.0
2024-08-08 17:00:00+00:00,27.45,86.782005,33.75012,0.0,0.0,5.0,3.219938,296.56497,0.0,0.0
2024-08-08 18:00:00+00:00,27.45,86.0092,33.63753,0.0,0.0,16.0,3.319036,282.5288,0.0,0.0
2024-08-08 19:00:00+00:00,27.45,86.0092,33.78952,0.0,1.0,22.0,2.2768397,288.43503,0.0,0.0
2024-08-08 20:00:00+00:00,27.05,87.78795,33.35766,0.0,0.0,12.0,2.2768397,251.56496,0.0,0.0
2024-08-08 21:00:00+00:00,25.5,96.20355,31.55523,0.0,0.0,9.0,4.0249224,296.56497,0.0,0.0
2024-08-08 22:00:00+00:00,25.65,97.94206,32.089924,0.0,0.0,12.0,3.4152596,288.43503,1.0,30.989635
2024-08-08 23:00:00+00:00,26.95,94.27234,34.09096,0.0,0.0,14.0,1.609969,296.56497,1.0,185.52844
2024-08-09 00:00:00+00:00,28.2,85.31802,34.93534,0.0,0.0,7.0,2.2768397,341.56494,1.0,409.37997
2024-08-09 01:00:00+00:00,29.8,75.042465,36.131145,0.0,1.0,33.0,2.3051248,51.34017,1.0,599.5581
2024-08-09 02:00:00+00:00,31.15,70.924095,38.641052,0.0,3.0,81.0,3.2399998,90.0,1.0,775.0617
2024-08-09 03:00:00+00:00,32.4,67.059166,40.73043,0.0,3.0,82.0,4.1046314,52.124958,1.0,879.57605
2024-08-09 04:00:00+00:00,33.35,63.94729,41.89064,0.0,2.0,67.0,3.8773184,68.19853,1.0,868.36566
2024-08-09 05:00:00+00:00,34.15,61.149952,42.766632,0.0,0.0,17.0,5.4119864,93.814,1.0,898.5236
2024-08-09 06:00:00+00:00,34.5,57.52289,42.315823,0.0,2.0,76.0,5.495161,121.60746,1.0,821.14636
2024-08-09 07:00:00+00:00,35.3,51.9841,41.435814,0.0,1.0,23.0,7.5942073,84.55976,1.0,683.9229
2024-08-09 08:00:00+00:00,34.2,56.261288,38.84555,0.0,1.0,33.0,10.948973,136.33215,1.0,462.87955
2024-08-09 09:00:00+00:00,32.4,69.486755,38.4557,0.0,1.0,46.0,9.686609,138.01286,1.0,234.24791
2024-08-09 10:00:00+00:00,31.4,76.63783,38.26083,0.0,2.0,59.0,7.5685663,115.34614,1.0,76.157265
2024-08-09 11:00:00+00:00,30.0,82.293564,37.228085,0.0,0.0,19.0,4.3349743,94.76356,0.0,0.0
2024-08-09 12:00:00+00:00,28.95,90.56936,36.56464,0.0,0.0,15.0,4.6800003,67.3801,0.0,0.0
2024-08-09 13:00:00+00:00,28.95,87.94792,36.19946,0.0,3.0,81.0,4.6938252,94.39862,0.0,0.0
2024-08-09 14:00:00+00:00,28.65,88.18251,35.826584,0.0,3.0,100.0,3.9763298,95.19434,0.0,0.0
2024-08-09 15:00:00+00:00,27.95,91.57759,34.989986,0.0,3.0,100.0,4.6800003,112.61991,0.0,0.0
2024-08-09 16:00:00+00:00,28.2,89.45759,35.321205,0.0,3.0,99.0,3.396233,122.00535,0.0,0.0
2024-08-09 17:00:00+00:00,27.15,95.9656,34.287025,0.0,3.0,100.0,4.0249224,116.56499,0.0,0.0
2024-08-09 18:00:00+00:00,27.4,97.96837,35.201694,0.0,3.0,100.0,2.4149535,116.56499,0.0,0.0
2024-08-09 19:00:00+00:00,27.1,100.0,35.10163,0.0,3.0,100.0,1.2979984,146.3099,0.0,0.0
2024-08-09 20:00:00+00:00,26.95,100.0,34.842796,0.0,3.0,100.0,1.2979984,33.6901,0.0,0.0
2024-08-09 21:00:00+00:00,26.85,99.70632,34.607525,0.0,3.0,100.0,1.484318,345.9637,0.0,0.0
2024-08-09 22:00:00+00:00,26.7,99.70598,34.377514,0.0,3.0,100.0,1.2979984,303.6901,1.0,26.361208
2024-08-09 23:00:00+00:00,27.9,92.93416,35.64715,0.0,3.0,100.0,0.8049845,26.564985,1.0,128.24857
2024-08-10 00:00:00+00:00,29.15,85.41297,36.50261,0.1,51.0,100.0,2.52,90.0,1.0,314.776
2024-08-10 01:00:00+00:00,30.1,79.91443,37.40999,0.1,51.0,100.0,1.835647,78.6901,1.0,358.247
2024-08-10 02:00:00+00:00,31.35,73.747536,38.369026,0.0,3.0,100.0,3.096837,125.537766,1.0,542.50616
2024-08-10 03:00:00+00:00,32.4,70.31283,40.309937,0.0,3.0,100.0,3.7585104,106.699326,1.0,713.1071
2024-08-10 04:00:00+00:00,33.1,67.39554,41.478264,0.0,3.0,100.0,4.1046314,105.25517,1.0,779.06085
2024-08-10 05:00:00+00:00,33.2,65.06411,41.023426,0.0,3.0,100.0,5.506941,101.3099,1.0,760.65393
2024-08-10 06:00:00+00:00,33.95,60.024567,41.44805,0.0,3.0,98.0,3.5455887,156.0375,1.0,702.8711
2024-08-10 07:00:00+00:00,32.85,64.032555,38.343666,0.2,51.0,88.0,9.885262,146.88864,1.0,520.7542
2024-08-10 08:00:00+00:00,32.4,69.486755,38.706196,0.0,3.0,83.0,7.968939,161.56496,1.0,354.46967
2024-08-10 09:00:00+00:00,31.5,72.47508,37.715347,2.2,61.0,100.0,7.8954163,155.77226,1.0,246.30183
2024-08-10 10:00:00+00:00,30.4,76.48728,37.666306,0.2,51.0,5.0,0.0,270.0,1.0,64.155945
2024-08-10 11:00:00+00:00,29.3,83.68207,36.299446,0.0,0.0,2.0,3.9763298,84.805664,0.0,0.0
2024-08-10 12:00:00+00:00,30.05,77.57717,36.8389,0.0,0.0,1.0,2.8116899,129.80553,0.0,0.0
2024-08-10 13:00:00+00:00,29.8,85.98043,37.752457,0.0,0.0,3.0,2.0991426,30.963696,0.0,0.0
2024-08-10 14:00:00+00:00,29.2,89.00756,37.02695,0.0,0.0,4.0,2.968636,14.036275,0.0,0.0
2024-08-10 15:00:00+00:00,29.15,88.74297,37.102005,0.0,0.0,5.0,1.609969,63.435013,0.0,0.0
2024-08-10 16:00:00+00:00,28.85,90.56272,36.884674,0.0,0.0,13.0,1.2979984,146.3099,0.0,0.0
2024-08-10 17:00:00+00:00,28.55,91.07668,36.250362,0.1,51.0,38.0,2.5959969,146.3099,0.0,0.0
2024-08-10 18:00:00+00:00,28.05,93.76505,35.75137,0.0,1.0,34.0,2.5959969,146.3099,0.0,0.0
2024-08-10 19:00:00+00:00,27.6,95.97871,35.338528,0.4,51.0,100.0,2.0991426,210.96368,0.0,0.0
2024-08-10 20:00:00+00:00,27.1,100.0,34.97158,0.0,2.0,51.0,2.1897945,279.46225,0.0,0.0
2024-08-10 21:00:00+00:00,26.75,99.70613,34.3331,0.0,3.0,100.0,2.1897945,279.46225,0.0,0.0
2024-08-10 22:00:00+00:00,26.55,99.70571,34.12116,0.0,3.0,100.0,1.2979984,303.6901,1.0,26.91781
2024-08-10 23:00:00+00:00,27.45,96.54062,35.23611,0.0,3.0,100.0,1.5273507,315.0001,1.0,156.90186
2024-08-11 00:00:00+00:00,29.1,87.70221,37.03131,0.1,51.0,99.0,0.5091169,315.0001,1.0,376.2853
2024-08-11 01:00:00+00:00,29.9,79.416626,36.917934,0.0,0.0,5.0,2.4149535,26.564985,1.0,586.1989
2024-08-11 02:00:00+00:00,31.35,74.84488,39.44028,0.0,1.0,25.0,3.6,36.86999,1.0,760.0417
2024-08-11 03:00:00+00:00,32.75,69.55169,41.94004,0.0,0.0,19.0,2.9024127,82.875084,1.0,877.5338
2024-08-11 04:00:00+00:00,34.25,61.17199,43.138374,0.0,0.0,13.0,3.6179552,95.7105,1.0,904.8038
2024-08-11 05:00:00+00:00,34.15,58.654892,41.897537,0.0,1.0,30.0,5.771239,183.57626,1.0,845.17633
2024-08-11 06:00:00+00:00,34.65,57.04531,41.65243,0.0,0.0,19.0,5.95906,154.98314,1.0,709.3789
2024-08-11 07:00:00+00:00,34.5,56.67042,40.66587,0.2,51.0,31.0,6.6087217,150.64235,1.0,597.3962
2024-08-11 08:00:00+00:00,33.85,56.856956,38.55455,0.1,51.0,46.0,9.904906,160.90642,1.0,418.99393
2024-08-11 09:00:00+00:00,33.15,62.5877,38.50767,0.0,1.0,34.0,9.605998,167.00539,1.0,255.9621
2024-08-11 10:00:00+00:00,31.95,71.06733,38.30241,0.0,2.0,50.0,7.42159,157.1663,1.0,87.77858
2024-08-11 11:00:00+00:00,30.35,78.5442,37.135117,0.0,0.0,12.0,5.1919937,146.3099,0.0,0.0
2024-08-11 12:00:00+00:00,29.45,83.945816,36.382004,0.0,0.0,4.0,5.3999996,143.13002,0.0,0.0
2024-08-11 13:00:00+00:00,28.15,92.94674,35.910847,0.0,0.0,6.0,1.9386592,291.80148,0.0,0.0
2024-08-11 14:00:00+00:00,28.3,91.06096,35.893356,0.0,0.0,6.0,2.0991426,329.03632,0.0,0.0
2024-08-11 15:00:00+00:00,28.25,89.99072,35.8144,0.0,0.0,7.0,1.08,270.0,0.0,0.0
2024-08-11 16:00:00+00:00,28.05,89.71128,35.3621,0.0,0.0,6.0,1.609969,243.43501,0.0,0.0
2024-08-11 17:00:00+00:00,27.2,92.3502,34.174614,0.0,0.0,5.0,2.2768397,198.43504,0.0,0.0
2024-08-11 18:00:00+00:00,26.1,95.93462,32.652355,0.0,0.0,2.0,3.096837,215.53777,0.0,0.0
2024-08-11 19:00:00+00:00,26.9,92.60832,33.84782,0.0,0.0,1.0,1.2979984,236.3099,0.0,0.0
2024-08-11 20:00:00+00:00,26.7,93.1496,33.62155,0.0,0.0,3.0,1.0182338,224.9999,0.0,0.0
2024-08-11 21:00:00+00:00,26.55,93.41954,33.330486,0.0,0.0,6.0,1.5273507,224.9999,0.0,0.0
2024-08-11 22:00:00+00:00,25.7,97.65198,32.47188,0.0,0.0,18.0,1.1384199,251.56496,1.0,32.99573
2024-08-11 23:00:00+00:00,27.1,91.79864,34.0081,0.0,0.0,11.0,1.8,323.13,1.0,174.72462
2024-08-12 00:00:00+00:00,28.8,82.64036,35.782516,0.0,1.0,29.0,0.8049845,333.43503,1.0,397.85715
2024-08-12 01:00:00+00:00,29.95,77.56261,36.813713,0.0,0.0,1.0,1.835647,78.6901,1.0,615.01544
2024-08-12 02:00:00+00:00,31.8,68.96395,39.624016,0.0,0.0,2.0,2.2768397,71.564964,1.0,787.3243
2024-08-12 03:00:00+00:00,33.3,62.433872,41.396935,0.0,0.0,8.0,3.4152596,71.564964,1.0,859.75275
2024-08-12 04:00:00+00:00,34.25,58.15514,42.3139,0.0,1.0,26.0,4.2136917,109.98319,1.0,881.42816
2024-08-12 05:00:00+00:00,34.85,55.248055,42.008556,0.0,1.0,20.0,6.924738,98.97255,1.0,820.47314
2024-08-12 06:00:00+00:00,35.4,52.009018,42.34304,0.0,2.0,61.0,6.28713,103.24053,1.0,792.03577
2024-08-12 07:00:00+00:00,34.7,50.74904,38.412617,0.1,51.0,90.0,15.39184,169.21574,1.0,585.2653
2024-08-12 08:00:00+00:00,32.95,65.20606,38.353985,0.6,53.0,99.0,11.570515,185.35573,1.0,383.27466
2024-08-12 09:00:00+00:00,32.75,66.33672,39.067673,0.0,3.0,100.0,5.771239,183.57626,1.0,199.5653
2024-08-12 10:00:00+00:00,31.65,76.67527,39.34625,0.0,3.0,100.0,3.0758414,159.44388,1.0,56.29751
2024-08-12 11:00:00+00:00,30.15,84.51574,37.772213,0.0,3.0,100.0,4.6102495,141.34016,0.0,0.0
2024-08-12 12:00:00+00:00,29.35,87.98119,36.904697,0.0,3.0,100.0,4.5820518,135.0001,0.0,0.0
2024-08-12 13:00:00+00:00,30.0,85.24689,37.799587,0.0,3.0,100.0,3.396233,147.99466,0.0,0.0
2024-08-12 14:00:00+00:00,29.45,88.76635,37.316322,0.0,3.0,90.0,3.7064266,150.9455,0.0,0.0
2024-08-12 15:00:00+00:00,28.9,90.03622,36.521873,0.0,3.0,100.0,3.8773184,158.19853,0.0,0.0
2024-08-12 16:00:00+00:00,28.15,93.7695,35.670208,0.0,3.0,100.0,4.3349743,138.36655,0.0,0.0
2024-08-12 17:00:00+00:00,27.75,95.42091,35.231953,0.0,3.0,100.0,4.1046314,142.12495,0.0,0.0
2024-08-12 18:00:00+00:00,27.55,95.977295,35.018143,0.0,3.0,100.0,3.7064266,150.9455,0.0,0.0
2024-08-12 19:00:00+00:00,27.55,95.69543,35.027374,0.0,3.0,86.0,3.396233,147.99466,0.0,0.0
2024-08-12 20:00:00+00:00,27.75,95.701645,35.547478,0.0,3.0,99.0,2.1897945,189.46225,0.0,0.0
2024-08-12 21:00:00+00:00,27.55,97.11194,35.598583,0.0,3.0,100.0,0.71999997,180.0,0.0,0.0
2024-08-12 22:00:00+00:00,27.1,99.122894,34.849762,0.0,3.0,100.0,2.2768397,108.43504,1.0,28.096792
2024-08-12 23:00:00+00:00,28.0,94.31542,35.833603,0.0,3.0,100.0,1.9386592,201.80147,1.0,116.86338
2024-08-13 00:00:00+00:00,29.3,86.43968,37.111645,0.1,51.0,100.0,1.08,90.0,1.0,280.4771
2024-08-13 01:00:00+00:00,30.85,75.20904,38.100754,0.0,3.0,99.0,0.8049845,333.43503,1.0,481.16766
2024-08-13 02:00:00+00:00,32.2,67.01969,39.41164,0.0,3.0,99.0,0.5091169,135.0001,1.0,654.73486
2024-08-13 03:00:00+00:00,33.1,63.138775,40.630096,0.0,3.0,99.0,2.5455842,81.86999,1.0,745.6234
2024-08-13 04:00:00+00:00,33.3,61.694103,39.94946,0.0,3.0,100.0,3.9763298,84.805664,1.0,642.0173
2024-08-13 05:00:00+00:00,34.8,55.401527,42.414803,0.0,3.0,94.0,4.5536795,71.564964,1.0,825.2818
2024-08-13 06:00:00+00:00,34.05,55.721355,39.188465,0.0,3.0,100.0,6.28713,156.3706,1.0,464.44843
2024-08-13 07:00:00+00:00,31.85,65.761894,37.154335,0.0,3.0,100.0,8.209263,127.875046,1.0,195.6164
2024-08-13 08:00:00+00:00,31.0,71.10856,37.68036,0.1,51.0,100.0,1.0182338,44.999897,1.0,114.71757
2024-08-13 09:00:00+00:00,29.75,76.84481,36.341366,1.9,61.0,100.0,2.0991426,300.96368,1.0,165.84834
2024-08-13 10:00:00+00:00,29.05,83.90236,36.02122,0.5,53.0,100.0,3.219938,333.43503,1.0,17.108875
2024-08-13 11:00:00+00:00,28.65,90.01875,36.38878,0.5,53.0,100.0,1.835647,281.3099,0.0,0.0
2024-08-13 12:00:00+00:00,28.35,91.33236,35.968906,0.1,51.0,100.0,2.4149535,296.56497,0.0,0.0
2024-08-13 13:00:00+00:00,26.65,91.49953,32.888317,0.7,53.0,100.0,4.1046314,307.87503,0.0,0.0
2024-08-13 14:00:00+00:00,26.6,92.31738,33.079926,0.6,53.0,100.0,2.9024127,262.8751,0.0,0.0
2024-08-13 15:00:00+00:00,26.75,90.9624,33.304012,0.6,53.0,100.0,1.9386592,248.19853,0.0,0.0
2024-08-13 16:00:00+00:00,26.5,91.21808,32.782516,0.2,51.0,100.0,2.9024127,277.1249,0.0,0.0
2024-08-13 17:00:00+00:00,27.1,82.192856,32.756207,0.0,3.0,100.0,2.1897945,260.53775,0.0,0.0
2024-08-13 18:00:00+00:00,26.25,88.77866,32.01174,0.0,3.0,100.0,3.396233,302.00534,0.0,0.0
2024-08-13 19:00:00+00:00,26.2,88.77473,31.905926,0.0,3.0,100.0,3.563818,315.0001,0.0,0.0
2024-08-13 20:00:00+00:00,27.25,81.47274,32.96281,0.0,3.0,100.0,1.8,323.13,0.0,0.0
2024-08-13 21:00:00+00:00,26.45,87.21209,32.21096,0.0,3.0,99.0,2.968636,284.03625,0.0,0.0
2024-08-13 22:00:00+00:00,26.3,90.391594,32.356205,0.0,1.0,28.0,2.9024127,277.1249,1.0,17.231941
2024-08-13 23:00:00+00:00,27.5,83.73235,33.69078,0.0,2.0,57.0,1.5273507,224.9999,1.0,166.36572
2024-08-14 00:00:00+00:00,28.2,82.324234,34.712753,0.0,3.0,89.0,1.08,270.0,1.0,330.82825
2024-08-14 01:00:00+00:00,27.7,82.0187,33.75014,0.0,3.0,100.0,1.835647,78.6901,1.0,175.33662
2024-08-14 02:00:00+00:00,28.3,81.35943,34.241013,0.1,51.0,100.0,4.5536795,18.435053,1.0,346.9858
2024-08-14 03:00:00+00:00,29.55,75.22706,35.50121,0.0,3.0,100.0,4.0249224,63.435013,1.0,565.5109
2024-08-14 04:00:00+00:00,30.0,73.085014,35.45383,0.0,3.0,100.0,7.208994,92.86235,1.0,528.39044
2024-08-14 05:00:00+00:00,29.85,74.603966,35.23678,0.0,3.0,100.0,8.557102,112.24908,1.0,530.11346
2024-08-14 06:00:00+00:00,30.5,72.08724,35.891384,0.1,51.0,100.0,8.942214,130.10085,1.0,528.0852
2024-08-14 07:00:00+00:00,27.25,81.71815,32.309654,9.2,65.0,100.0,6.489992,109.440125,1.0,383.7553
2024-08-14 08:00:00+00:00,26.65,88.81012,32.662975,1.7,61.0,100.0,3.4152596,341.56494,1.0,49.124146
2024-08-14 09:00:00+00:00,26.6,88.80618,32.364918,0.6,53.0,100.0,4.896529,342.8972,1.0,142.3094
2024-08-14 10:00:00+00:00,26.0,92.56054,31.929783,0.6,53.0,100.0,4.2136917,19.983198,1.0,34.408875
2024-08-14 11:00:00+00:00,26.05,90.104164,32.22148,0.1,51.0,100.0,0.8049845,26.564985,0.0,0.0
2024-08-14 12:00:00+00:00,26.2,88.24366,32.20548,0.1,51.0,99.0,1.08,360.0,0.0,0.0
2024-08-14 13:00:00+00:00,26.6,85.66938,32.582634,0.3,51.0,99.0,0.8049845,153.43501,0.0,0.0
2024-08-14 14:00:00+00:00,26.2,90.65555,32.48157,0.6,53.0,98.0,1.1384199,71.564964,0.0,0.0
2024-08-14 15:00:00+00:00,25.65,93.3768,31.643223,1.6,61.0,99.0,2.9024127,299.74478,0.0,0.0
2024-08-14 16:00:00+00:00,25.5,94.49428,31.633675,0.1,51.0,94.0,2.16,270.0,0.0,0.0
2024-08-14 17:00:00+00:00,25.3,94.769714,31.243309,0.0,3.0,88.0,2.8116899,320.1945,0.0,0.0
2024-08-14 18:00:00+00:00,25.1,95.04668,30.83376,0.0,0.0,19.0,3.6,323.13,0.0,0.0
2024-08-14 19:00:00+00:00,25.9,87.95393,31.623924,0.0,2.0,68.0,1.5273507,224.9999,0.0,0.0
2024-08-14 20:00:00+00:00,25.25,92.79875,30.932056,0.1,51.0,30.0,2.8799999,270.0,0.0,0.0
2024-08-14 21:00:00+00:00,25.15,93.35288,30.828934,0.0,2.0,56.0,2.9024127,299.74478,0.0,0.0
2024-08-14 22:00:00+00:00,25.65,90.076096,31.466705,0.0,1.0,47.0,1.5273507,315.0001,1.0,23.49345
2024-08-14 23:00:00+00:00,26.0,90.10067,32.091396,0.1,51.0,100.0,1.1384199,341.56494,1.0,119.227295
2024-08-15 00:00:00+00:00,26.75,86.71784,32.903378,0.1,51.0,100.0,1.1384199,288.43503,1.0,270.8947
2024-08-15 01:00:00+00:00,26.6,89.33864,32.92686,0.2,51.0,99.0,1.484318,194.03627,1.0,259.0732
2024-08-15 02:00:00+00:00,28.0,85.55196,34.849895,0.1,51.0,100.0,0.8049845,296.56497,1.0,591.79474
2024-08-15 03:00:00+00:00,29.35,79.10659,36.72237,0.2,51.0,100.0,2.4149535,116.56499,1.0,695.379
2024-08-15 04:00:00+00:00,29.1,79.07227,35.157143,0.1,51.0,100.0,5.0911684,135.0001,1.0,425.9308
2024-08-15 05:00:00+00:00,28.05,80.60132,33.26562,14.1,65.0,100.0,7.771331,76.60749,1.0,499.55283
2024-08-15 06:00:00+00:00,27.5,86.52838,34.046864,1.6,61.0,100.0,1.5273507,135.0001,1.0,317.72223
2024-08-15 07:00:00+00:00,27.3,88.59698,33.45031,0.2,51.0,100.0,5.154415,114.775116,1.0,193.61981
2024-08-15 08:00:00+00:00,27.75,87.067825,33.9046,0.2,51.0,100.0,5.8048253,119.74479,1.0,295.35678
2024-08-15 09:00:00+00:00,27.25,88.59298,33.319286,0.2,51.0,100.0,5.4833565,113.19862,1.0,169.0252
2024-08-15 10:00:00+00:00,27.2,87.27854,33.402412,0.2,51.0,100.0,3.219938,116.56499,1.0,50.239902
2024-08-15 11:00:00+00:00,26.0,88.492714,31.618275,0.8,53.0,100.0,3.096837,125.537766,0.0,0.0
2024-08-15 12:00:00+00:00,26.1,93.12002,32.36376,0.2,51.0,100.0,2.8116899,140.19447,0.0,0.0
2024-08-15 13:00:00+00:00,26.3,92.85286,32.788902,1.1,55.0,100.0,1.9386592,68.19853,0.0,0.0
2024-08-15 14:00:00+00:00,26.3,92.57654,32.706787,0.6,53.0,100.0,2.2768397,108.43504,0.0,0.0
2024-08-15 15:00:00+00:00,25.75,92.27051,31.702835,3.1,63.0,100.0,2.7416782,113.19862,0.0,0.0
2024-08-15 16:00:00+00:00,25.75,93.941444,31.979671,0.2,51.0,100.0,2.16,90.0,0.0,0.0
2024-08-15 17:00:00+00:00,25.9,93.66799,32.24661,0.7,53.0,100.0,1.8,90.0,0.0,0.0
2024-08-15 18:00:00+00:00,25.7,94.78488,32.04692,0.2,51.0,100.0,1.8,53.13002,0.0,0.0
2024-08-15 19:00:00+00:00,25.65,94.5003,31.932327,0.3,51.0,100.0,1.8,90.0,0.0,0.0
2024-08-15 20:00:00+00:00,25.6,94.49828,31.889954,0.1,51.0,100.0,1.5273507,44.999897,0.0,0.0
2024-08-15 21:00:00+00:00,25.5,95.061066,31.745144,0.1,51.0,100.0,1.835647,101.3099,0.0,0.0
2024-08-15 22:00:00+00:00,25.8,93.66344,32.128136,0.1,51.0,100.0,1.484318,75.96373,1.0,12.015839
2024-08-15 23:00:00+00:00,26.15,89.03747,32.05638,0.1,51.0,100.0,2.1897945,80.53775,1.0,55.82579
2024-08-16 00:00:00+00:00,26.45,89.06055,32.52908,0.1,51.0,100.0,2.3051248,128.65984,1.0,170.70044
2024-08-16 01:00:00+00:00,27.8,82.03079,33.47679,0.1,51.0,100.0,4.829907,116.56499,1.0,491.93033
2024-08-16 02:00:00+00:00,28.2,80.62064,33.849804,0.2,51.0,100.0,5.4477882,97.59455,1.0,425.4013
2024-08-16 03:00:00+00:00,29.15,76.98451,34.83428,0.2,51.0,100.0,5.8603754,100.619606,1.0,518.3984
2024-08-16 04:00:00+00:00,27.3,83.45971,32.343296,3.3,63.0,100.0,8.311245,85.03035,1.0,255.54135
2024-08-16 05:00:00+00:00,27.2,85.21713,33.138615,3.9,63.0,100.0,3.2599385,96.340096,1.0,324.46445
2024-08-16 06:00:00+00:00,27.75,81.779434,33.409935,0.4,51.0,99.0,4.510787,118.61037,1.0,340.4643
2024-08-16 07:00:00+00:00,28.3,81.60266,33.97377,0.1,51.0,100.0,6.6087217,119.357666,1.0,344.1595
2024-08-16 08:00:00+00:00,27.7,84.25621,33.274677,0.4,51.0,100.0,7.072878,104.743614,1.0,154.86333
2024-08-16 09:00:00+00:00,26.85,89.62419,33.154995,2.5,63.0,100.0,2.968636,165.96373,1.0,75.47407
2024-08-16 10:00:00+00:00,26.05,92.287125,32.026325,5.2,63.0,100.0,3.8939953,123.6901,1.0,33.64318
2024-08-16 11:00:00+00:00,25.85,95.07362,32.36681,0.2,51.0,100.0,1.5273507,135.0001,0.0,0.0
2024-08-16 12:00:00+00:00,26.3,87.19879,32.23447,0.1,51.0,100.0,1.1384199,161.56496,0.0,0.0
2024-08-16 13:00:00+00:00,25.35,94.77162,31.102886,1.9,61.0,100.0,4.3349743,265.23645,0.0,0.0
2024-08-16 14:00:00+00:00,25.25,94.48428,31.023018,0.3,51.0,100.0,3.5455887,246.0375,0.0,0.0
2024-08-16 15:00:00+00:00,25.25,95.052055,31.18015,0.1,51.0,100.0,2.9024127,262.8751,0.0,0.0
2024-08-16 16:00:00+00:00,25.95,88.22304,31.482712,0.0,3.0,100.0,3.2599385,263.6599,0.0,0.0
2024-08-16 17:00:00+00:00,25.15,95.048485,30.923164,0.1,51.0,100.0,3.5455887,293.9625,0.0,0.0
2024-08-16 18:00:00+00:00,25.15,94.48032,30.904728,0.0,3.0,100.0,3.2399998,270.0,0.0,0.0
2024-08-16 19:00:00+00:00,25.85,89.2822,31.600777,0.0,3.0,100.0,2.1897945,279.46225,0.0,0.0
2024-08-16 20:00:00+00:00,24.85,95.32345,30.508354,0.0,3.0,100.0,3.2599385,263.6599,0.0,0.0
2024-08-16 21:00:00+00:00,24.95,94.75636,30.631996,0.0,3.0,100.0,3.096837,305.53775,0.0,0.0
2024-08-16 22:00:00+00:00,25.35,93.36244,31.257591,0.0,3.0,100.0,2.1897945,260.53775,1.0,24.591301
2024-08-16 23:00:00+00:00,25.95,92.006,32.082985,0.0,3.0,99.0,2.16,270.0,1.0,134.43369
2024-08-17 00:00:00+00:00,26.9,88.037796,33.37012,0.0,3.0,85.0,0.71999997,360.0,1.0,334.13757
2024-08-17 01:00:00+00:00,28.25,86.34159,35.263702,0.1,51.0,100.0,1.5273507,135.0001,1.0,492.07867
2024-08-17 02:00:00+00:00,29.0,83.40168,36.009956,0.2,51.0,100.0,2.52,180.0,1.0,604.98627
2024-08-17 03:00:00+00:00,29.65,80.567566,37.4794,0.2,51.0,100.0,3.319036,130.60121,1.0,726.81104
2024-08-17 04:00:00+00:00,30.35,76.93434,37.849396,0.2,51.0,100.0,4.198285,120.96369,1.0,685.4513
2024-08-17 05:00:00+00:00,27.15,83.6936,32.025444,13.0,65.0,100.0,11.212135,132.39738,1.0,595.7438
2024-08-17 06:00:00+00:00,26.3,91.205605,32.18557,0.7,53.0,100.0,4.73506,98.74608,1.0,145.46704
2024-08-17 07:00:00+00:00,26.6,93.69983,33.03803,0.6,53.0,100.0,4.3349743,94.76356,1.0,206.21805
2024-08-17 08:00:00+00:00,26.95,95.39433,34.19641,0.5,53.0,100.0,1.835647,101.3099,1.0,211.45874
2024-08-17 09:00:00+00:00,27.1,93.72242,34.203808,0.8,53.0,100.0,2.0991426,30.963696,1.0,144.4665
2024-08-17 10:00:00+00:00,26.3,95.08971,32.954933,7.5,63.0,100.0,2.6208394,74.054535,1.0,33.23751
2024-08-17 11:00:00+00:00,26.0,95.078964,32.555252,3.4,63.0,100.0,1.9386592,111.801476,0.0,0.0
2024-08-17 12:00:00+00:00,26.05,95.64829,32.75255,0.5,53.0,100.0,1.609969,206.56499,0.0,0.0
2024-08-17 13:00:00+00:00,26.05,94.235,32.40203,1.6,61.0,100.0,2.8799999,360.0,0.0,0.0
2024-08-17 14:00:00+00:00,25.7,96.209076,31.840408,2.0,61.0,100.0,4.3349743,355.23645,0.0,0.0
2024-08-17 15:00:00+00:00,25.55,96.492355,31.878723,1.6,61.0,100.0,2.5959969,326.3099,0.0,0.0
2024-08-17 16:00:00+00:00,25.45,96.778076,31.857124,0.2,51.0,100.0,1.835647,348.6901,0.0,0.0
2024-08-17 17:00:00+00:00,25.4,95.91385,31.735214,0.0,3.0,100.0,1.4399999,270.0,0.0,0.0
2024-08-17 18:00:00+00:00,25.0,97.639854,31.110237,0.0,3.0,100.0,2.5455842,261.87,0.0,0.0
2024-08-17 19:00:00+00:00,25.55,93.652,31.745472,0.0,3.0,99.0,1.2979984,236.3099,0.0,0.0
2024-08-17 20:00:00+00:00,24.95,97.347305,30.996307,0.0,2.0,52.0,2.5455842,278.13,0.0,0.0
2024-08-17 21:00:00+00:00,25.5,93.649666,31.778801,0.0,3.0,93.0,0.5091169,224.9999,0.0,0.0
2024-08-17 22:00:00+00:00,25.45,93.92827,31.68573,0.0,3.0,100.0,0.8049845,206.56499,1.0,25.17308
2024-08-17 23:00:00+00:00,25.75,94.222496,31.994926,0.0,1.0,34.0,2.2768397,288.43503,1.0,142.9193
2024-08-18 00:00:00+00:00,26.65,92.870766,33.600555,0.0,1.0,32.0,0.35999998,360.0,1.0,331.89008
2024-08-18 01:00:00+00:00,27.5,90.741135,34.583366,0.0,1.0,28.0,1.5273507,135.0001,1.0,415.35104
2024-08-18 02:00:00+00:00,28.65,83.36244,35.45825,0.0,1.0,28.0,2.2768397,108.43504,1.0,605.0523
2024-08-18 03:00:00+00:00,29.6,78.90624,37.026627,0.1,51.0,73.0,3.7585104,73.300674,1.0,717.389
2024-08-18 04:00:00+00:00,30.05,76.661674,37.00627,0.1,51.0,92.0,6.830519,71.564964,1.0,704.66473
2024-08-18 05:00:00+00:00,28.9,81.1922,34.948757,0.8,53.0,100.0,6.28713,156.3706,1.0,387.27084
2024-08-18 06:00:00+00:00,28.65,82.13297,34.94843,1.1,55.0,82.0,4.3498964,204.44394,1.0,499.0159
2024-08-18 07:00:00+00:00,30.2,76.912,36.895947,0.1,51.0,65.0,6.849467,93.012726,1.0,575.497
2024-08-18 08:00:00+00:00,27.95,82.29451,32.326942,11.2,65.0,100.0,14.618837,142.00122,1.0,415.663
2024-08-18 09:00:00+00:00,26.8,88.82188,32.72516,3.7,63.0,100.0,4.6800003,112.61991,1.0,105.03669
2024-08-18 10:00:00+00:00,26.45,92.30915,32.65568,4.5,63.0,100.0,4.1046314,52.124958,1.0,42.192074
2024-08-18 11:00:00+00:00,25.85,94.79058,32.10521,0.0,3.0,100.0,3.096837,54.46224,0.0,0.0
2024-08-18 12:00:00+00:00,25.85,96.78752,32.30363,0.0,3.0,99.0,3.319036,77.4712,0.0,0.0
2024-08-18 13:00:00+00:00,26.25,96.79692,32.773495,0.0,1.0,37.0,4.68,90.0,0.0,0.0
2024-08-18 14:00:00+00:00,25.7,98.234406,31.958466,0.0,1.0,46.0,5.1165614,129.28938,0.0,0.0
2024-08-18 15:00:00+00:00,26.3,97.66234,33.197033,0.0,1.0,29.0,3.0547013,135.0001,0.0,0.0
2024-08-18 16:00:00+00:00,25.4,95.05747,31.261856,0.2,51.0,28.0,4.0249224,116.56499,0.0,0.0
2024-08-18 17:00:00+00:00,25.3,97.64506,31.395176,0.0,1.0,24.0,3.9763298,84.805664,0.0,0.0
2024-08-18 18:00:00+00:00,25.25,98.22855,31.53777,0.1,51.0,43.0,2.8799999,90.0,0.0,0.0
2024-08-18 19:00:00+00:00,25.15,97.64248,31.304623,0.1,51.0,43.0,2.9024127,97.12492,0.0,0.0
2024-08-18 20:00:00+00:00,25.05,97.93296,31.217155,0.0,3.0,87.0,2.5959969,123.690094,0.0,0.0
2024-08-18 21:00:00+00:00,25.15,97.35123,31.42789,0.1,51.0,83.0,1.835647,101.3099,0.0,0.0
2024-08-18 22:00:00+00:00,25.35,95.62604,31.498909,0.0,3.0,96.0,2.2768397,108.43504,1.0,19.33229
2024-08-18 23:00:00+00:00,25.8,93.38394,31.771866,0.0,2.0,63.0,3.7064266,119.05451,1.0,125.68308
2024-08-19 00:00:00+00:00,26.5,90.40514,32.54027,0.1,51.0,98.0,3.8939953,123.6901,1.0,244.08327
2024-08-19 01:00:00+00:00,27.7,89.156,34.78897,0.1,51.0,35.0,1.0182338,135.0001,1.0,467.1209
2024-08-19 02:00:00+00:00,29.0,85.650475,36.827274,0.3,51.0,46.0,1.835647,78.6901,1.0,670.41705
2024-08-19 03:00:00+00:00,29.65,83.22856,37.367302,0.6,53.0,86.0,6.849467,86.98728,1.0,740.4309
2024-08-19 04:00:00+00:00,29.0,85.14622,35.34089,1.7,61.0,97.0,8.4963045,126.384445,1.0,447.0978
2024-08-19 05:00:00+00:00,28.7,83.36806,34.4478,3.2,63.0,100.0,9.504273,155.37645,1.0,523.81226
2024-08-19 06:00:00+00:00,29.5,80.548225,35.429626,0.2,51.0,100.0,9.178235,138.17992,1.0,459.91724
2024-08-19 07:00:00+00:00,28.9,81.1922,34.069855,2.2,61.0,99.0,12.313894,142.12495,1.0,501.38065
2024-08-19 08:00:00+00:00,28.7,83.36806,35.119762,1.1,55.0,100.0,4.8965297,143.97253,1.0,304.59393
2024-08-19 09:00:00+00:00,28.1,83.30051,33.520115,1.9,61.0,100.0,9.021574,151.38963,1.0,182.8109
2024-08-19 10:00:00+00:00,27.5,87.565216,33.433594,0.1,51.0,100.0,6.638072,139.39879,1.0,41.629265
2024-08-19 11:00:00+00:00,26.6,91.49651,32.623554,0.0,3.0,100.0,5.3517847,132.27362,0.0,0.0
2024-08-19 12:00:00+00:00,26.3,91.75183,31.761143,0.0,3.0,100.0,8.0899935,122.27562,0.0,0.0
2024-08-19 13:00:00+00:00,26.6,92.31738,32.425983,0.0,2.0,72.0,7.386582,133.02507,0.0,0.0
2024-08-19 14:00:00+00:00,26.1,92.84259,31.92118,0.0,3.0,99.0,5.6233797,129.80553,0.0,0.0
2024-08-19 15:00:00+00:00,26.05,92.563225,31.80642,0.0,3.0,100.0,5.6233797,129.80553,0.0,0.0
2024-08-19 16:00:00+00:00,25.85,93.66571,31.76899,0.0,3.0,100.0,4.510787,118.61037,0.0,0.0
2024-08-19 17:00:00+00:00,25.65,95.06646,31.59542,0.0,3.0,100.0,4.5536795,108.43504,0.0,0.0
2024-08-19 18:00:00+00:00,25.75,94.50426,31.578876,0.0,3.0,100.0,5.3517847,109.653915,0.0,0.0
2024-08-19 19:00:00+00:00,25.75,94.222496,31.532497,0.0,3.0,100.0,5.4477882,97.59455,0.0,0.0
2024-08-19 20:00:00+00:00,25.75,94.222496,31.57528,0.1,51.0,100.0,5.1544156,102.09474,0.0,0.0
2024-08-19 21:00:00+00:00,25.75,93.941444,31.542984,0.1,51.0,100.0,5.1544156,102.09474,0.0,0.0
2024-08-19 22:00:00+00:00,25.7,94.78488,31.506325,0.0,3.0,100.0,5.506941,101.3099,1.0,13.202441
2024-08-19 23:00:00+00:00,26.0,93.952385,31.912128,0.0,3.0,99.0,5.4477882,97.59455,1.0,32.33728
2024-08-20 00:00:00+00:00,26.75,89.8846,32.478817,0.1,51.0,93.0,6.696387,143.74608,1.0,171.2457
2024-08-20 01:00:00+00:00,27.05,86.2282,32.068066,0.5,53.0,96.0,9.793058,107.10281,1.0,225.01811
2024-08-20 02:00:00+00:00,27.4,87.55657,32.52152,0.3,51.0,89.0,11.753876,139.9698,1.0,335.24307
2024-08-20 03:00:00+00:00,28.65,83.61028,34.373257,0.1,51.0,95.0,9.673221,135.0001,1.0,543.54065
2024-08-20 04:00:00+00:00,27.75,85.01896,32.52481,0.8,53.0,99.0,13.450708,164.47583,1.0,420.70425
2024-08-20 05:00:00+00:00,27.7,86.54698,32.88157,0.3,51.0,93.0,11.792404,148.73633,1.0,283.97116
2024-08-20 06:00:00+00:00,29.15,80.50312,34.602184,0.2,51.0,95.0,14.168641,152.78398,1.0,607.98254
2024-08-20 07:00:00+00:00,28.1,83.30051,32.525166,1.6,61.0,99.0,15.844089,158.68202,1.0,488.3786
2024-08-20 08:00:00+00:00,27.9,84.27766,32.87208,0.1,51.0,100.0,12.096214,143.47105,1.0,210.01349
2024-08-20 09:00:00+00:00,27.8,83.765465,33.080925,0.1,51.0,100.0,9.085988,146.3099,1.0,122.85313
2024-08-20 10:00:00+00:00,27.45,85.75296,33.154285,0.0,3.0,100.0,6.4096174,128.15727,1.0,29.896452
2024-08-20 11:00:00+00:00,26.7,88.548996,31.898453,0.2,51.0,100.0,9.0,126.86999,0.0,0.0
2024-08-20 12:00:00+00:00,26.4,89.32366,31.765324,0.2,51.0,99.0,7.2,143.13002,0.0,0.0
2024-08-20 13:00:00+00:00,25.75,91.9946,30.845337,0.1,51.0,100.0,8.404285,136.73567,0.0,0.0
2024-08-20 14:00:00+00:00,25.15,95.048485,30.652733,0.2,51.0,100.0,5.3999996,126.86998,0.0,0.0
2024-08-20 15:00:00+00:00,25.1,95.61805,30.606918,0.3,51.0,90.0,5.5887027,104.93147,0.0,0.0
2024-08-20 16:00:00+00:00,24.75,97.6355,30.069431,3.6,63.0,100.0,6.87779,96.00892,0.0,0.0
2024-08-20 17:00:00+00:00,24.85,97.92989,30.844418,0.4,51.0,100.0,2.9024127,60.255207,0.0,0.0
2024-08-20 18:00:00+00:00,24.8,98.22266,30.807716,0.0,3.0,100.0,2.8116899,39.805527,0.0,0.0
2024-08-20 19:00:00+00:00,24.85,98.81243,30.894249,0.0,3.0,100.0,3.219938,63.435013,0.0,0.0
2024-08-20 20:00:00+00:00,24.9,98.8129,30.897846,0.0,3.0,100.0,3.7585104,106.699326,0.0,0.0
2024-08-20 21:00:00+00:00,25.05,97.93296,30.961376,0.0,3.0,100.0,4.3498964,114.44395,0.0,0.0
2024-08-20 22:00:00+00:00,25.25,96.48459,31.222702,0.0,3.0,100.0,3.7064266,119.05451,1.0,13.5290365
2024-08-20 23:00:00+00:00,26.15,93.95894,32.270245,0.0,1.0,46.0,4.6938257,147.52882,1.0,100.591805
2024-08-21 00:00:00+00:00,27.25,87.28298,33.37465,0.1,51.0,34.0,3.9763298,185.19434,1.0,289.8356
2024-08-21 01:00:00+00:00,27.65,86.8003,33.820145,0.1,51.0,75.0,5.0142193,158.96242,1.0,197.52194
2024-08-21 02:00:00+00:00,29.3,80.76175,35.802433,0.1,51.0,100.0,4.5536795,198.43504,1.0,582.3789
2024-08-21 03:00:00+00:00,30.75,74.527596,38.239468,0.1,51.0,86.0,4.8433046,221.98714,1.0,740.4261
2024-08-21 04:00:00+00:00,31.95,65.586,37.794502,0.1,51.0,33.0,10.1887,212.00534,1.0,697.3965
2024-08-21 05:00:00+00:00,32.05,65.60639,37.65368,0.0,1.0,36.0,10.739833,193.57045,1.0,638.57935
2024-08-21 06:00:00+00:00,32.0,66.98021,38.45272,0.1,51.0,46.0,6.989936,214.50858,1.0,627.74744
2024-08-21 07:00:00+00:00,30.8,72.570076,37.362167,3.3,63.0,100.0,7.072878,165.2564,1.0,600.1464
2024-08-21 08:00:00+00:00,28.7,85.87462,35.651108,6.8,63.0,100.0,3.6,90.0,1.0,202.95686
2024-08-21 09:00:00+00:00,28.95,83.64345,36.01995,0.2,51.0,99.0,1.835647,258.6901,1.0,142.33662
2024-08-21 10:00:00+00:00,27.5,86.786606,33.53808,6.5,63.0,100.0,5.2416787,254.05453,1.0,56.89989
2024-08-21 11:00:00+00:00,26.85,89.35737,33.365913,0.7,53.0,99.0,1.2979984,236.3099,0.0,0.0
2024-08-21 12:00:00+00:00,27.05,88.31333,33.532127,0.1,51.0,99.0,1.5273507,224.9999,0.0,0.0
2024-08-21 13:00:00+00:00,26.8,90.96565,33.031025,0.0,3.0,100.0,4.379589,170.53775,0.0,0.0
2024-08-21 14:00:00+00:00,26.2,94.52215,32.50527,0.0,3.0,100.0,4.1046314,164.74483,0.0,0.0
2024-08-21 15:00:00+00:00,26.0,95.93166,32.40202,0.0,3.0,100.0,3.671294,168.69011,0.0,0.0
2024-08-21 16:00:00+00:00,25.55,96.492355,31.773277,0.0,3.0,100.0,3.319036,167.4712,0.0,0.0
2024-08-21 17:00:00+00:00,25.15,97.64248,31.179775,0.0,3.0,100.0,3.7585104,163.30067,0.0,0.0
2024-08-21 18:00:00+00:00,25.1,97.9337,31.142567,0.0,3.0,99.0,3.671294,168.69011,0.0,0.0
2024-08-21 19:00:00+00:00,25.1,98.52022,31.291187,0.0,3.0,99.0,3.096837,234.46223,0.0,0.0
2024-08-21 20:00:00+00:00,25.5,96.20355,31.774696,0.0,3.0,99.0,2.52,270.0,0.0,0.0
2024-08-21 21:00:00+00:00,25.75,95.35405,32.222206,0.0,3.0,100.0,1.609969,153.43501,0.0,0.0
2024-08-21 22:00:00+00:00,25.2,94.76591,31.207436,0.1,51.0,100.0,1.9386592,201.80147,1.0,20.803997
2024-08-21 23:00:00+00:00,25.9,94.51026,32.554253,0.0,2.0,79.0,0.35999998,360.0,1.0,130.24634
2024-08-22 00:00:00+00:00,27.0,92.339264,33.981476,0.0,2.0,69.0,1.2979984,146.3099,1.0,343.0318
2024-08-22 01:00:00+00:00,28.2,87.108,35.152637,0.2,51.0,40.0,2.4149535,116.56499,1.0,546.78485
2024-08-22 02:00:00+00:00,29.4,81.97958,37.42479,0.4,51.0,90.0,1.0182338,135.0001,1.0,720.6934
2024-08-22 03:00:00+00:00,30.5,75.377,38.313347,0.5,53.0,100.0,1.835647,78.6901,1.0,718.4253
2024-08-22 04:00:00+00:00,30.4,74.249825,36.69724,5.1,63.0,93.0,4.3349743,85.23644,1.0,534.14813
2024-08-22 05:00:00+00:00,29.1,79.544586,35.703102,4.5,63.0,74.0,1.8,90.0,1.0,525.50494
2024-08-22 06:00:00+00:00,29.45,74.09411,35.283142,2.9,63.0,83.0,6.193674,234.46223,1.0,586.7318
2024-08-22 07:00:00+00:00,29.2,76.99196,35.184135,0.1,51.0,80.0,4.0249224,169.6952,1.0,337.6901
2024-08-22 08:00:00+00:00,29.6,77.51157,35.95726,0.1,51.0,62.0,3.7064266,150.9455,1.0,358.45004
2024-08-22 09:00:00+00:00,29.7,76.60888,35.919167,0.1,51.0,63.0,4.198285,149.03632,1.0,230.79135
2024-08-22 10:00:00+00:00,28.85,82.1569,35.483234,0.5,53.0,52.0,2.968636,165.96373,1.0,59.916462
2024-08-22 11:00:00+00:00,27.55,87.569534,33.846092,0.0,1.0,21.0,4.379589,189.46225,0.0,0.0
2024-08-22 12:00:00+00:00,27.6,86.79572,33.902893,0.0,0.0,18.0,3.8773184,201.80147,0.0,0.0
2024-08-22 13:00:00+00:00,28.65,83.85873,35.66026,0.0,0.0,18.0,1.08,180.0,0.0,0.0
2024-08-22 14:00:00+00:00,28.4,86.100296,35.555946,0.0,1.0,31.0,1.0182338,224.9999,0.0,0.0
2024-08-22 15:00:00+00:00,27.85,89.96255,34.86983,0.0,2.0,53.0,2.9024127,262.8751,0.0,0.0
2024-08-22 16:00:00+00:00,27.2,94.28263,34.273067,0.0,2.0,58.0,3.2599385,276.3401,0.0,0.0
2024-08-22 17:00:00+00:00,26.45,96.229774,33.18838,0.0,1.0,37.0,3.671294,281.3099,0.0,0.0
2024-08-22 18:00:00+00:00,27.1,94.83748,34.28116,0.0,1.0,39.0,2.52,270.0,0.0,0.0
2024-08-22 19:00:00+00:00,26.0,97.36769,32.629475,0.0,3.0,96.0,3.2599385,263.6599,0.0,0.0
2024-08-22 20:00:00+00:00,25.65,97.94206,32.103954,0.0,3.0,99.0,3.319036,220.60121,0.0,0.0
2024-08-22 21:00:00+00:00,25.95,96.50257,32.500824,0.0,3.0,100.0,2.8799999,270.0,0.0,0.0
2024-08-22 22:00:00+00:00,26.25,95.37089,32.99024,0.0,3.0,98.0,2.0364676,224.9999,1.0,14.2229595
2024-08-22 23:00:00+00:00,26.7,93.704346,33.238865,0.4,51.0,92.0,4.1046314,232.12495,1.0,119.264824
2024-08-23 00:00:00+00:00,27.4,86.00442,33.514107,1.0,55.0,95.0,3.6,180.0,1.0,228.44568
2024-08-23 01:00:00+00:00,28.85,83.632385,35.9709,0.1,51.0,23.0,1.0182338,315.0001,1.0,474.54816
2024-08-23 02:00:00+00:00,30.0,78.26293,37.74106,0.1,51.0,19.0,1.835647,11.3098955,1.0,718.5798
2024-08-23 03:00:00+00:00,31.05,73.479774,39.505035,0.0,0.0,13.0,2.5455842,44.999897,1.0,827.3278
2024-08-23 04:00:00+00:00,31.7,69.35627,40.016823,0.0,1.0,41.0,2.8799999,90.0,1.0,824.95966
2024-08-23 05:00:00+00:00,32.2,65.44142,39.096237,0.0,2.0,57.0,4.379589,80.53775,1.0,673.6984
2024-08-23 06:00:00+00:00,31.1,69.86649,37.745613,0.1,51.0,96.0,6.638072,40.601215,1.0,663.4244
2024-08-23 07:00:00+00:00,29.4,77.48234,35.525322,0.6,53.0,89.0,4.39436,145.0079,1.0,360.25043
2024-08-23 08:00:00+00:00,29.1,81.45865,35.384914,1.3,61.0,64.0,5.815978,21.801476,1.0,367.47485
2024-08-23 09:00:00+00:00,28.6,84.60276,35.153286,0.1,51.0,60.0,4.6800003,22.61991,1.0,186.25458
2024-08-23 10:00:00+00:00,28.1,87.35762,34.740818,0.0,1.0,22.0,4.32,360.0,1.0,51.647976
2024-08-23 11:00:00+00:00,26.85,93.4337,33.456375,0.0,0.0,17.0,4.1046314,15.255177,0.0,0.0
2024-08-23 12:00:00+00:00,26.6,93.69983,33.020824,0.0,1.0,27.0,4.452954,14.036275,0.0,0.0
2024-08-23 13:00:00+00:00,27.75,91.8364,34.732983,0.0,1.0,35.0,4.3498964,114.44395,0.0,0.0
2024-08-23 14:00:00+00:00,27.4,93.18388,34.205643,0.0,1.0,28.0,5.0911684,135.0001,0.0,0.0
2024-08-23 15:00:00+00:00,26.5,94.25371,32.78288,4.3,63.0,100.0,5.3999996,143.13002,0.0,0.0
2024-08-23 16:00:00+00:00,26.05,95.08079,32.605957,0.5,53.0,90.0,2.16,180.0,0.0,0.0
2024-08-23 17:00:00+00:00,25.8,95.35574,32.16105,0.5,53.0,74.0,2.5959969,326.3099,0.0,0.0
2024-08-23 18:00:00+00:00,25.55,96.20494,31.85344,0.1,51.0,100.0,2.5455842,315.0001,0.0,0.0
2024-08-23 19:00:00+00:00,25.45,96.48975,31.659351,0.0,1.0,36.0,2.968636,284.03625,0.0,0.0
2024-08-23 20:00:00+00:00,25.25,96.77336,31.270435,0.0,3.0,100.0,3.6,323.13,0.0,0.0
2024-08-23 21:00:00+00:00,25.4,96.48848,31.534481,0.0,2.0,71.0,3.2599385,276.3401,0.0,0.0
2024-08-23 22:00:00+00:00,25.15,98.22726,31.244621,0.0,0.0,3.0,3.7585104,253.30067,1.0,21.88943
2024-08-23 23:00:00+00:00,26.4,93.13487,32.9182,0.0,1.0,40.0,2.4149535,243.43501,1.0,165.58954
2024-08-24 00:00:00+00:00,27.5,88.61288,34.417675,0.0,3.0,100.0,0.8049845,206.56499,1.0,372.6176
2024-08-24 01:00:00+00:00,29.2,82.19866,36.220173,0.1,51.0,30.0,1.9386592,21.801476,1.0,539.041
2024-08-24 02:00:00+00:00,30.3,76.92691,37.837025,0.0,0.0,14.0,1.8,53.13002,1.0,684.88654
2024-08-24 03:00:00+00:00,31.1,73.27061,39.37449,0.1,51.0,17.0,2.7416782,113.19862,1.0,804.2715
2024-08-24 04:00:00+00:00,31.7,71.444695,40.15017,0.1,51.0,20.0,5.0911684,135.0001,1.0,855.27454
2024-08-24 05:00:00+00:00,30.95,77.936676,39.255962,0.2,51.0,23.0,8.373386,64.5367,1.0,814.95703
2024-08-24 06:00:00+00:00,30.55,80.20951,38.7577,0.2,51.0,6.0,4.072935,44.999897,1.0,649.92535
2024-08-24 07:00:00+00:00,31.5,76.20336,39.90661,0.1,51.0,6.0,3.219938,63.435013,1.0,626.4499
2024-08-24 08:00:00+00:00,31.3,76.84871,38.73364,0.2,51.0,39.0,3.396233,122.00535,1.0,446.46823
2024-08-24 09:00:00+00:00,29.75,82.50701,36.754803,1.0,55.0,98.0,4.896529,72.89719,1.0,228.01357
2024-08-24 10:00:00+00:00,26.4,90.398384,31.643803,8.0,65.0,95.0,8.913181,316.63654,1.0,51.646877
2024-08-24 11:00:00+00:00,25.7,94.50228,31.383003,0.0,0.0,10.0,6.130579,273.3664,0.0,0.0
2024-08-24 12:00:00+00:00,25.15,96.482025,31.012234,0.0,0.0,11.0,4.0249224,280.30478,0.0,0.0
2024-08-24 13:00:00+00:00,26.95,90.97523,33.547913,0.0,0.0,4.0,2.5455842,261.87,0.0,0.0
2024-08-24 14:00:00+00:00,27.1,90.17728,33.963886,0.0,0.0,7.0,0.71999997,180.0,0.0,0.0
2024-08-24 15:00:00+00:00,27.0,90.70836,33.89481,0.0,0.0,2.0,0.5091169,224.9999,0.0,0.0
2024-08-24 16:00:00+00:00,25.7,96.49619,32.03591,0.0,1.0,23.0,3.219938,333.43503,0.0,0.0
2024-08-24 17:00:00+00:00,25.45,97.357056,31.53236,0.0,3.0,82.0,4.510787,331.38962,0.0,0.0
2024-08-24 18:00:00+00:00,26.45,93.97195,33.170673,0.0,1.0,28.0,1.9386592,291.80148,0.0,0.0
2024-08-24 19:00:00+00:00,26.2,93.96107,32.84836,0.0,1.0,25.0,1.2979984,303.6901,0.0,0.0
2024-08-24 20:00:00+00:00,25.0,97.639854,30.961746,0.0,2.0,51.0,3.563818,315.0001,0.0,0.0
2024-08-24 21:00:00+00:00,25.15,96.482025,31.07948,0.0,1.0,34.0,3.563818,315.0001,0.0,0.0
2024-08-24 22:00:00+00:00,25.75,94.50426,31.834343,0.0,2.0,51.0,3.6,323.13,1.0,14.979133
2024-08-24 23:00:00+00:00,26.35,92.02885,32.139156,0.0,3.0,100.0,6.28713,336.3706,1.0,97.0725
2024-08-25 00:00:00+00:00,27.25,88.32958,33.550488,0.1,51.0,17.0,3.671294,348.6901,1.0,305.9092
2024-08-25 01:00:00+00:00,28.5,81.3843,34.88286,0.0,0.0,14.0,2.4149535,116.56499,1.0,556.43115
2024-08-25 02:00:00+00:00,29.6,75.91171,36.296783,0.0,0.0,7.0,4.3349743,131.63345,1.0,711.076
2024-08-25 03:00:00+00:00,30.55,71.02795,37.990948,0.0,0.0,6.0,4.39436,124.992096,1.0,828.33685
2024-08-25 04:00:00+00:00,31.35,67.454056,38.844795,0.0,0.0,5.0,5.0142193,111.03758,1.0,837.9557
2024-08-25 05:00:00+00:00,32.25,63.71542,39.571915,0.0,0.0,4.0,6.6185193,112.38018,1.0,840.316
2024-08-25 06:00:00+00:00,32.6,60.9891,38.663227,0.0,1.0,26.0,8.905908,104.03627,1.0,716.10095
2024-08-25 07:00:00+00:00,31.45,64.50832,36.380787,0.3,51.0,39.0,9.0,106.26028,1.0,527.95154
2024-08-25 08:00:00+00:00,30.45,69.955284,35.518337,0.1,51.0,39.0,8.534353,117.64589,1.0,399.92413
2024-08-25 09:00:00+00:00,29.4,76.33536,35.251404,0.0,1.0,22.0,5.154415,155.22488,1.0,169.38417
2024-08-25 10:00:00+00:00,28.7,84.11322,35.583412,0.0,1.0,46.0,2.4149535,63.435013,1.0,52.488644
2024-08-25 11:00:00+00:00,28.65,79.48383,34.9596,0.0,1.0,37.0,1.8,36.86999,0.0,0.0
2024-08-25 12:00:00+00:00,28.35,81.85258,34.63261,0.0,1.0,31.0,2.8799999,90.0,0.0,0.0
2024-08-25 13:00:00+00:00,26.9,94.27027,33.489777,0.0,0.0,2.0,5.154415,114.775116,0.0,0.0
2024-08-25 14:00:00+00:00,26.2,96.222885,32.54014,0.0,0.0,3.0,5.2416787,74.054535,0.0,0.0
2024-08-25 15:00:00+00:00,26.5,95.662506,33.255554,0.0,0.0,13.0,3.319036,77.4712,0.0,0.0
2024-08-25 16:00:00+00:00,26.1,98.2396,33.10667,0.0,0.0,13.0,1.835647,78.6901,0.0,0.0
2024-08-25 17:00:00+00:00,25.3,99.40668,31.723595,0.0,1.0,30.0,3.0758414,69.44387,0.0,0.0
2024-08-25 18:00:00+00:00,25.15,99.702644,31.673622,0.0,3.0,100.0,1.9386592,21.801476,0.0,0.0
2024-08-25 19:00:00+00:00,25.2,99.40623,31.638767,0.0,3.0,100.0,2.52,360.0,0.0,0.0
2024-08-25 20:00:00+00:00,25.3,97.35415,31.47293,0.0,3.0,100.0,3.219938,333.43503,0.0,0.0
2024-08-25 21:00:00+00:00,25.25,96.48459,31.448223,0.0,3.0,100.0,2.16,360.0,0.0,0.0
2024-08-25 22:00:00+00:00,25.15,96.19384,31.091839,0.0,3.0,99.0,3.2599385,6.3401003,1.0,15.383464
2024-08-25 23:00:00+00:00,25.8,93.10521,31.714817,0.0,1.0,49.0,3.8773184,338.19852,1.0,122.18521
2024-08-26 00:00:00+00:00,27.05,85.71373,32.83843,0.0,1.0,34.0,4.072935,315.0001,1.0,328.91675
2024-08-26 01:00:00+00:00,28.4,80.646454,34.65755,0.0,0.0,12.0,2.16,360.0,1.0,557.72894
2024-08-26 02:00:00+00:00,29.5,74.99459,36.52462,0.0,0.0,15.0,1.5273507,44.999897,1.0,723.1099
2024-08-26 03:00:00+00:00,30.3,71.622955,37.719097,0.0,0.0,16.0,3.6,90.0,1.0,812.6048
2024-08-26 04:00:00+00:00,30.85,69.19682,38.34611,0.0,0.0,4.0,6.763786,115.20109,1.0,894.59534
2024-08-26 05:00:00+00:00,31.4,67.06161,38.982483,0.0,0.0,7.0,6.28713,113.62939,1.0,866.64075
2024-08-26 06:00:00+00:00,32.2,63.324455,39.463158,0.0,0.0,7.0,5.0911684,98.13002,1.0,775.58795
2024-08-26 07:00:00+00:00,32.4,62.612896,39.03263,0.0,0.0,7.0,4.379589,99.46225,1.0,635.7117
2024-08-26 08:00:00+00:00,32.35,62.97827,37.92647,0.0,0.0,6.0,5.2416787,105.945465,1.0,462.49442
2024-08-26 09:00:00+00:00,31.65,67.311646,37.426506,0.0,0.0,7.0,5.8603754,132.5104,1.0,253.68768
2024-08-26 10:00:00+00:00,29.5,79.834915,35.327625,0.0,0.0,4.0,9.178235,154.44008,1.0,60.02046
2024-08-26 11:00:00+00:00,27.9,87.34015,34.278164,0.0,0.0,2.0,5.1919937,146.3099,0.0,0.0
2024-08-26 12:00:00+00:00,27.0,92.339264,33.536407,0.0,0.0,1.0,4.3498964,114.44395,0.0,0.0
2024-08-26 13:00:00+00:00,27.8,90.225586,34.74791,0.0,0.0,1.0,3.396233,122.00535,0.0,0.0
2024-08-26 14:00:00+00:00,27.4,91.544685,34.220844,0.0,0.0,1.0,3.563818,135.0001,0.0,0.0
2024-08-26 15:00:00+00:00,28.0,88.129036,35.139168,0.0,1.0,25.0,1.1384199,161.56496,0.0,0.0
2024-08-26 16:00:00+00:00,27.7,90.75418,34.807217,0.0,1.0,31.0,2.3051248,231.34016,0.0,0.0
2024-08-26 17:00:00+00:00,27.4,93.18388,34.758812,0.0,0.0,19.0,1.2979984,236.3099,0.0,0.0
2024-08-26 18:00:00+00:00,27.05,95.96266,34.436035,0.0,0.0,10.0,1.835647,258.6901,0.0,0.0
2024-08-26 19:00:00+00:00,26.6,99.412346,34.194344,0.0,0.0,18.0,1.1384199,251.56496,0.0,0.0
2024-08-26 20:00:00+00:00,25.85,100.0,32.787758,0.0,3.0,100.0,2.5455842,261.87,0.0,0.0
2024-08-26 21:00:00+00:00,25.25,99.99999,31.679974,0.0,1.0,32.0,3.2599385,276.3401,0.0,0.0
2024-08-26 22:00:00+00:00,25.45,99.99999,32.12103,0.0,1.0,38.0,2.52,270.0,1.0,23.708002
2024-08-26 23:00:00+00:00,26.7,97.09394,33.83934,0.0,1.0,27.0,2.8116899,309.8055,1.0,155.76468
2024-08-27 00:00:00+00:00,28.5,86.365036,35.571163,0.0,1.0,47.0,2.3051248,321.34018,1.0,382.34384
2024-08-27 01:00:00+00:00,30.15,82.3113,38.06484,0.0,3.0,99.0,0.35999998,90.0,1.0,594.68427
2024-08-27 02:00:00+00:00,31.65,77.80811,40.55729,0.0,3.0,100.0,2.5455842,135.0001,1.0,754.7469
2024-08-27 03:00:00+00:00,32.95,73.578735,42.947388,0.1,51.0,100.0,2.6208394,74.054535,1.0,864.9348
2024-08-27 04:00:00+00:00,33.65,70.538956,43.821957,0.0,3.0,100.0,3.319036,40.601215,1.0,889.4238
2024-08-27 05:00:00+00:00,33.15,71.28041,42.88064,0.0,3.0,100.0,2.6208394,105.945465,1.0,809.54144
2024-08-27 06:00:00+00:00,33.55,69.495346,40.98748,0.0,3.0,100.0,9.422101,136.54811,1.0,612.2896
2024-08-27 07:00:00+00:00,32.3,72.82592,39.08219,0.4,51.0,100.0,9.339208,152.44728,1.0,527.3224
2024-08-27 08:00:00+00:00,32.3,71.550514,38.944878,0.0,3.0,99.0,7.5685663,154.65387,1.0,330.93658
2024-08-27 09:00:00+00:00,32.35,73.26383,39.678116,0.0,3.0,100.0,5.0911684,171.86998,1.0,200.52292
2024-08-27 10:00:00+00:00,31.6,81.28872,40.004894,0.0,3.0,100.0,3.0758414,69.44387,1.0,43.10711
2024-08-27 11:00:00+00:00,31.65,76.22619,39.416084,0.0,3.0,100.0,2.0991426,149.03632,0.0,0.0
2024-08-27 12:00:00+00:00,30.8,81.90668,38.884094,0.0,3.0,100.0,1.9386592,201.80147,0.0,0.0
2024-08-27 13:00:00+00:00,29.85,92.49271,38.610622,0.0,3.0,91.0,3.319036,130.60121,0.0,0.0
2024-08-27 14:00:00+00:00,30.25,89.86809,39.01567,0.0,3.0,100.0,2.7416782,156.80138,0.0,0.0
2024-08-27 15:00:00+00:00,29.25,94.09182,37.86278,0.0,3.0,100.0,2.7416782,203.19862,0.0,0.0
2024-08-27 16:00:00+00:00,29.3,96.30691,38.54659,0.0,3.0,100.0,0.8049845,153.43501,0.0,0.0
2024-08-27 17:00:00+00:00,28.8,99.1338,37.86815,0.0,3.0,100.0,2.0364676,135.0001,0.0,0.0
2024-08-27 18:00:00+00:00,28.6,99.71009,37.56743,0.0,3.0,98.0,2.1897945,170.53775,0.0,0.0
2024-08-27 19:00:00+00:00,27.25,93.72917,34.122723,2.6,63.0,99.0,4.39436,145.0079,0.0,0.0
2024-08-27 20:00:00+00:00,27.5,95.13212,34.895737,0.0,3.0,89.0,3.219938,206.56499,0.0,0.0
2024-08-27 21:00:00+00:00,27.95,92.93669,35.660877,0.0,3.0,98.0,1.2979984,146.3099,0.0,0.0
2024-08-27 22:00:00+00:00,27.75,95.14089,35.371094,0.0,3.0,99.0,2.9024127,60.255207,1.0,16.250237
2024-08-27 23:00:00+00:00,28.2,91.05463,35.530273,0.1,51.0,94.0,3.4152596,108.43504,1.0,143.02362
2024-08-28 00:00:00+00:00,29.1,87.9604,36.657608,0.4,51.0,100.0,3.319036,130.60121,1.0,362.36508
2024-08-28 01:00:00+00:00,30.25,84.0322,38.165737,0.2,51.0,69.0,2.5959969,123.690094,1.0,486.6865
2024-08-28 02:00:00+00:00,30.55,84.06444,38.196964,0.6,53.0,92.0,5.95906,115.01687,1.0,553.30194
2024-08-28 03:00:00+00:00,29.2,87.196594,37.162167,1.2,55.0,100.0,3.219938,116.56499,1.0,643.9653
2024-08-28 04:00:00+00:00,30.8,78.145226,38.352623,0.1,51.0,100.0,1.609969,333.43503,1.0,512.52057
2024-08-28 05:00:00+00:00,30.85,78.845665,38.794308,0.2,51.0,100.0,2.4149535,63.435013,1.0,593.53314
2024-08-28 06:00:00+00:00,29.5,83.704056,37.14515,2.7,63.0,100.0,0.5091169,44.999897,1.0,341.09082
2024-08-28 07:00:00+00:00,27.2,93.174095,33.755116,12.4,65.0,100.0,5.8603754,169.3804,1.0,231.29814
2024-08-28 08:00:00+00:00,26.5,93.41717,32.942287,4.1,63.0,100.0,3.6179552,264.2895,1.0,60.32936
2024-08-28 09:00:00+00:00,26.7,92.8733,33.26106,0.5,53.0,100.0,3.2599385,353.6599,1.0,74.58146
2024-08-28 10:00:00+00:00,26.35,94.24749,32.70791,1.6,61.0,100.0,4.198285,329.03632,1.0,29.050205
2024-08-28 11:00:00+00:00,26.15,95.084335,32.781044,0.1,51.0,99.0,2.0991426,300.96368,0.0,0.0
2024-08-28 12:00:00+00:00,26.15,95.36754,32.78433,0.0,3.0,100.0,2.3051248,321.34018,0.0,0.0
2024-08-28 13:00:00+00:00,27.45,82.23482,33.30612,0.1,51.0,96.0,2.3051248,321.34018,0.0,0.0
2024-08-28 14:00:00+00:00,27.3,83.96143,33.335785,0.2,51.0,77.0,1.9386592,338.19852,0.0,0.0
2024-08-28 15:00:00+00:00,26.5,93.139755,33.013317,0.7,53.0,58.0,2.9024127,330.25522,0.0,0.0
2024-08-28 16:00:00+00:00,27.35,82.22283,33.164955,0.1,51.0,24.0,2.16,270.0,0.0,0.0
2024-08-28 17:00:00+00:00,26.95,84.9367,32.803238,0.2,51.0,30.0,2.5455842,261.87,0.0,0.0
2024-08-28 18:00:00+00:00,25.95,92.55786,31.904068,0.0,1.0,33.0,3.8268526,311.18582,0.0,0.0
2024-08-28 19:00:00+00:00,25.95,92.55786,31.945084,0.0,3.0,94.0,3.5455887,336.0375,0.0,0.0
2024-08-28 20:00:00+00:00,26.55,87.22102,32.500435,0.0,3.0,87.0,2.0991426,329.03632,0.0,0.0
2024-08-28 21:00:00+00:00,26.6,85.15609,32.205086,0.0,3.0,98.0,2.968636,345.9637,0.0,0.0
2024-08-28 22:00:00+00:00,26.0,93.11508,32.27691,0.5,53.0,100.0,2.2768397,108.43504,1.0,8.358675
2024-08-28 23:00:00+00:00,26.4,87.20769,32.24333,0.1,51.0,100.0,2.1897945,80.53775,1.0,93.47119
2024-08-29 00:00:00+00:00,26.7,86.71321,32.635677,0.0,3.0,99.0,2.4149535,333.43503,1.0,183.85762
2024-08-29 01:00:00+00:00,28.3,81.11685,34.637936,0.0,3.0,97.0,1.609969,296.56497,1.0,499.4712
2024-08-29 02:00:00+00:00,29.15,80.26424,36.102993,0.0,1.0,35.0,0.35999998,180.0,1.0,600.17694
2024-08-29 03:00:00+00:00,30.05,78.27005,38.10473,0.0,0.0,9.0,2.0991426,149.03632,1.0,741.3156
2024-08-29 04:00:00+00:00,30.85,73.44634,39.084633,0.0,0.0,9.0,3.6179552,174.2895,1.0,816.28265
2024-08-29 05:00:00+00:00,30.95,73.0283,39.47284,0.0,3.0,100.0,1.1384199,161.56496,1.0,767.9865
2024-08-29 06:00:00+00:00,31.05,73.26223,37.44578,2.2,61.0,96.0,9.3876505,85.60138,1.0,612.7897
2024-08-29 07:00:00+00:00,28.8,81.66405,35.02895,1.4,61.0,98.0,5.0528407,184.08554,1.0,340.8361
2024-08-29 08:00:00+00:00,28.95,81.4401,35.10863,0.1,51.0,100.0,5.991594,212.73521,1.0,285.99792
2024-08-29 09:00:00+00:00,28.55,82.12101,35.206627,0.1,51.0,100.0,1.4399999,270.0,1.0,150.89807
2024-08-29 10:00:00+00:00,27.2,85.98511,32.696186,0.9,53.0,100.0,6.9527545,291.25058,1.0,31.666948
2024-08-29 11:00:00+00:00,26.7,90.68859,33.092384,0.1,51.0,80.0,2.5959969,303.6901,0.0,0.0
2024-08-29 12:00:00+00:00,27.25,83.70469,33.16927,0.0,2.0,64.0,2.3051248,308.65982,0.0,0.0
2024-08-29 13:00:00+00:00,26.4,92.85798,32.814053,0.0,3.0,81.0,2.9024127,330.25522,0.0,0.0
2024-08-29 14:00:00+00:00,25.95,94.512215,32.04855,0.0,2.0,72.0,4.39436,325.0079,0.0,0.0
2024-08-29 15:00:00+00:00,26.0,92.83746,31.989609,0.0,2.0,69.0,4.0249224,296.56497,0.0,0.0
2024-08-29 16:00:00+00:00,25.85,92.00032,31.635715,0.0,1.0,46.0,4.1046314,285.25516,0.0,0.0
2024-08-29 17:00:00+00:00,26.65,89.07592,32.769974,0.0,1.0,33.0,2.9024127,299.74478,0.0,0.0
2024-08-29 18:00:00+00:00,25.15,95.619644,30.86488,0.0,1.0,41.0,4.379589,260.53775,0.0,0.0
2024-08-29 19:00:00+00:00,25.3,93.640526,30.978893,0.1,51.0,32.0,3.7585104,286.6993,0.0,0.0
2024-08-29 20:00:00+00:00,24.9,96.7651,30.581387,0.0,1.0,34.0,4.39436,304.9921,0.0,0.0
2024-08-29 21:00:00+00:00,24.55,97.047714,29.970104,0.0,0.0,19.0,4.896529,287.1028,0.0,0.0
2024-08-29 22:00:00+00:00,24.65,97.04989,30.306038,0.0,1.0,20.0,3.7064266,299.0545,1.0,17.20941
2024-08-29 23:00:00+00:00,25.95,94.512215,32.33721,0.0,0.0,17.0,2.4149535,296.56497,1.0,159.15135
2024-08-30 00:00:00+00:00,27.1,90.44574,33.839787,0.0,0.0,12.0,1.8,306.86996,1.0,359.11505
2024-08-30 01:00:00+00:00,28.95,83.396095,36.13599,0.0,1.0,38.0,0.8049845,26.564985,1.0,574.4235
2024-08-30 02:00:00+00:00,29.95,77.332695,37.05006,0.1,51.0,13.0,2.0991426,59.03632,1.0,649.23553
2024-08-30 03:00:00+00:00,30.7,74.07848,38.475235,0.1,51.0,15.0,2.9024127,97.12492,1.0,750.7071
2024-08-30 04:00:00+00:00,31.5,71.621376,40.184452,0.0,0.0,13.0,3.6,126.86999,1.0,864.78204
2024-08-30 05:00:00+00:00,32.2,68.63117,40.826286,0.0,0.0,14.0,4.2136917,109.98319,1.0,851.1608
2024-08-30 06:00:00+00:00,32.8,65.56379,40.74838,0.0,0.0,11.0,5.4477882,97.59455,1.0,774.45654
2024-08-30 07:00:00+00:00,33.0,62.742233,39.26244,0.0,2.0,63.0,8.0899935,122.27562,1.0,611.47955
2024-08-30 08:00:00+00:00,32.55,63.77886,37.90781,0.0,1.0,36.0,8.4963045,126.384445,1.0,433.96307
2024-08-30 09:00:00+00:00,31.2,73.50475,37.074352,0.0,0.0,16.0,10.00256,120.256355,1.0,211.12689
2024-08-30 10:00:00+00:00,29.75,81.058304,36.10611,0.0,0.0,17.0,7.9036193,120.0685,1.0,43.90191
2024-08-30 11:00:00+00:00,28.4,88.161995,35.134575,0.0,1.0,25.0,5.8048253,82.875084,0.0,0.0
2024-08-30 12:00:00+00:00,27.7,92.65035,34.807816,0.0,0.0,15.0,3.9763298,95.19434,0.0,0.0
2024-08-30 13:00:00+00:00,28.0,94.59277,35.514,0.0,1.0,27.0,4.379589,99.46225,0.0,0.0
2024-08-30 14:00:00+00:00,27.55,93.1912,34.66741,0.2,51.0,49.0,3.671294,101.3099,0.0,0.0
2024-08-30 15:00:00+00:00,27.4,94.01305,34.653255,0.0,1.0,42.0,2.7416782,113.19862,0.0,0.0
2024-08-30 16:00:00+00:00,27.2,88.853134,33.85903,0.7,53.0,71.0,1.4399999,180.0,0.0,0.0
2024-08-30 17:00:00+00:00,26.3,94.52613,32.772182,0.6,53.0,62.0,3.4152596,341.56494,0.0,0.0
2024-08-30 18:00:00+00:00,25.95,95.36076,32.29277,0.0,1.0,37.0,3.396233,327.99466,0.0,0.0
2024-08-30 19:00:00+00:00,25.55,97.940575,31.976284,0.0,1.0,23.0,3.0547013,315.0001,0.0,0.0
2024-08-30 20:00:00+00:00,25.25,98.815926,31.539265,0.0,1.0,23.0,3.319036,310.60123,0.0,0.0
2024-08-30 21:00:00+00:00,25.5,98.524605,31.99495,0.0,1.0,22.0,2.8116899,320.1945,0.0,0.0
2024-08-30 22:00:00+00:00,25.1,100.0,31.496384,0.0,3.0,85.0,2.8116899,320.1945,1.0,17.729265
2024-08-30 23:00:00+00:00,26.4,95.94354,33.299614,0.0,1.0,45.0,2.0991426,300.96368,1.0,142.92873
2024-08-31 00:00:00+00:00,27.95,88.91143,34.94534,0.0,2.0,56.0,2.5959969,303.6901,1.0,365.74057
2024-08-31 01:00:00+00:00,29.6,81.76163,36.789684,0.0,3.0,98.0,2.1897945,9.462248,1.0,560.7524
2024-08-31 02:00:00+00:00,30.9,75.88723,38.839687,0.0,1.0,21.0,0.8049845,63.435013,1.0,686.3155
2024-08-31 03:00:00+00:00,31.75,73.37942,40.75227,0.0,1.0,20.0,1.609969,116.56499,1.0,816.63184
2024-08-31 04:00:00+00:00,32.45,70.73808,41.617687,0.0,0.0,16.0,2.8116899,129.80553,1.0,842.3915
2024-08-31 05:00:00+00:00,33.05,69.607216,42.090954,0.0,1.0,49.0,5.6233797,140.19447,1.0,842.13776
2024-08-31 06:00:00+00:00,31.35,75.732994,39.09821,0.1,51.0,100.0,6.28713,103.24053,1.0,654.9128
2024-08-31 07:00:00+00:00,30.15,79.6854,37.444862,1.6,61.0,100.0,1.9386592,68.19853,1.0,277.02225
2024-08-31 08:00:00+00:00,28.5,85.095505,35.399807,3.8,63.0,100.0,2.3051248,38.65983,1.0,234.47717
2024-08-31 09:00:00+00:00,28.55,85.100586,35.50497,0.1,51.0,100.0,2.16,360.0,1.0,85.62928
2024-08-31 10:00:00+00:00,28.2,87.36636,35.421696,0.0,3.0,100.0,0.8049845,296.56497,1.0,29.037703
2024-08-31 11:00:00+00:00,27.3,92.903824,34.268707,0.0,3.0,99.0,3.2599385,6.3401003,0.0,0.0
2024-08-31 12:00:00+00:00,28.15,86.076416,35.002144,0.0,3.0,100.0,1.9386592,338.19852,0.0,0.0
2024-08-31 13:00:00+00:00,26.05,95.93318,32.075657,0.4,51.0,99.0,6.4799995,270.0,0.0,0.0
2024-08-31 14:00:00+00:00,26.15,95.36754,32.687565,0.1,51.0,100.0,2.968636,284.03625,0.0,0.0
2024-08-31 15:00:00+00:00,27.1,87.79217,33.555695,0.0,3.0,99.0,1.484318,284.03625,0.0,0.0
2024-08-31 16:00:00+00:00,27.0,88.309204,33.32014,0.0,3.0,95.0,2.4149535,296.56497,0.0,0.0
2024-08-31 17:00:00+00:00,26.5,90.1356,32.606197,0.0,3.0,100.0,3.219938,296.56497,0.0,0.0
2024-08-31 18:00:00+00:00,26.25,90.38814,32.15699,0.0,3.0,99.0,3.7064266,299.0545,0.0,0.0
2024-08-31 19:00:00+00:00,27.15,85.98031,33.158516,0.0,0.0,7.0,3.219938,296.56497,0.0,0.0
2024-08-31 20:00:00+00:00,26.95,87.51761,33.02025,0.0,0.0,0.0,3.2399998,270.0,0.0,0.0
2024-08-31 21:00:00+00:00,26.55,90.13909,32.674038,0.0,0.0,1.0,3.319036,282.5288,0.0,0.0
2024-08-31 22:00:00+00:00,25.7,93.65885,31.682358,0.0,0.0,2.0,3.4152596,288.43503,1.0,18.279314
2024-08-31 23:00:00+00:00,26.8,93.70891,33.65287,0.0,0.0,4.0,2.4149535,296.56497,1.0,163.72066
2024-09-01 00:00:00+00:00,27.95,89.17494,35.12359,0.0,0.0,1.0,1.609969,296.56497,1.0,377.46146
2024-09-01 01:00:00+00:00,29.25,83.9241,36.755188,0.0,0.0,0.0,0.5091169,44.999897,1.0,583.9293
2024-09-01 02:00:00+00:00,30.55,78.109726,38.77292,0.0,0.0,1.0,2.1897945,99.46225,1.0,750.6357
2024-09-01 03:00:00+00:00,31.55,71.84273,40.042564,0.0,0.0,4.0,3.7064266,119.05451,1.0,855.3288
2024-09-01 04:00:00+00:00,32.3,67.43901,40.6067,0.0,0.0,8.0,4.6938257,122.471176,1.0,863.53577
2024-09-01 05:00:00+00:00,32.7,65.34887,40.427,0.0,1.0,41.0,4.510787,118.61037,1.0,757.6453
2024-09-01 06:00:00+00:00,32.05,69.01108,39.336933,1.5,61.0,58.0,5.6233797,39.805527,1.0,663.172
2024-09-01 07:00:00+00:00,31.25,70.10266,37.395844,0.4,51.0,49.0,4.6800003,247.3801,1.0,428.82654
2024-09-01 08:00:00+00:00,31.1,72.40624,38.006042,0.0,2.0,63.0,1.2979984,146.3099,1.0,419.30392
2024-09-01 09:00:00+00:00,30.5,75.15368,37.262794,0.0,2.0,50.0,2.52,90.0,1.0,170.63696
2024-09-01 10:00:00+00:00,29.45,86.962944,37.124294,0.0,1.0,23.0,3.2599385,96.340096,1.0,38.078743
2024-09-01 11:00:00+00:00,28.45,86.61632,35.28955,0.0,0.0,14.0,3.8939953,56.3099,0.0,0.0
2024-09-01 12:00:00+00:00,29.65,77.98123,36.265377,0.0,0.0,3.0,2.6208394,105.945465,0.0,0.0
2024-09-01 13:00:00+00:00,30.35,78.08126,37.822777,0.0,1.0,40.0,0.0,270.0,0.0,0.0
2024-09-01 14:00:00+00:00,30.05,79.67205,37.440712,0.0,0.0,7.0,0.8049845,206.56499,0.0,0.0
2024-09-01 15:00:00+00:00,29.7,81.53258,37.077606,0.0,0.0,1.0,1.1384199,251.56496,0.0,0.0
2024-09-01 16:00:00+00:00,29.25,84.67057,36.672146,0.0,0.0,0.0,1.8,323.13,0.0,0.0
2024-09-01 17:00:00+00:00,28.65,88.9654,36.134476,0.0,0.0,4.0,2.5959969,326.3099,0.0,0.0
2024-09-01 18:00:00+00:00,28.25,91.59544,35.962646,0.0,1.0,20.0,1.5273507,315.0001,0.0,0.0
2024-09-01 19:00:00+00:00,27.75,94.86162,35.49577,0.0,1.0,36.0,1.8,323.13,0.0,0.0
2024-09-01 20:00:00+00:00,27.2,96.25029,34.67536,0.1,51.0,52.0,2.1897945,350.53775,0.0,0.0
2024-09-01 21:00:00+00:00,26.45,98.24414,33.480976,0.1,51.0,78.0,3.319036,347.4712,0.0,0.0
2024-09-01 22:00:00+00:00,26.35,98.24284,33.395977,0.0,2.0,59.0,2.7416782,336.8014,1.0,18.861652
2024-09-01 23:00:00+00:00,27.15,94.839355,34.24944,0.1,51.0,24.0,3.319036,310.60123,1.0,127.070274
2024-09-02 00:00:00+00:00,28.35,89.20512,35.847153,0.0,2.0,54.0,1.2979984,303.6901,1.0,325.60526
2024-09-02 01:00:00+00:00,29.95,76.87471,36.697746,0.0,1.0,29.0,1.9386592,338.19852,1.0,574.86035
2024-09-02 02:00:00+00:00,31.1,74.36372,39.137802,0.0,1.0,41.0,1.835647,348.6901,1.0,745.233
2024-09-02 03:00:00+00:00,32.15,69.44024,40.975014,0.0,1.0,21.0,1.2979984,33.6901,1.0,839.58374
2024-09-02 04:00:00+00:00,32.95,65.399925,41.980915,0.0,0.0,16.0,1.1384199,108.43504,1.0,863.41547
2024-09-02 05:00:00+00:00,33.35,64.90238,41.610214,0.1,51.0,52.0,3.6,126.86999,1.0,763.34125
2024-09-02 06:00:00+00:00,32.95,68.77324,40.333103,0.0,1.0,40.0,7.7879906,123.6901,1.0,646.8338
2024-09-02 07:00:00+00:00,32.15,70.47544,38.453197,0.2,51.0,42.0,7.9932976,97.76508,1.0,484.58932
2024-09-02 08:00:00+00:00,32.3,68.447014,38.870365,0.2,51.0,34.0,4.510787,61.389645,1.0,380.7492
2024-09-02 09:00:00+00:00,31.4,70.96896,38.093567,0.0,0.0,18.0,2.52,90.0,1.0,206.63776
2024-09-02 10:00:00+00:00,29.3,89.0152,37.370724,0.8,53.0,48.0,1.8,360.0,1.0,39.30904
2024-09-02 11:00:00+00:00,28.5,89.21642,35.940018,0.0,0.0,16.0,2.4149535,333.43503,0.0,0.0
2024-09-02 12:00:00+00:00,29.0,85.90356,36.353115,0.0,0.0,5.0,2.2768397,18.435053,0.0,0.0
2024-09-02 13:00:00+00:00,27.6,94.85607,34.888596,0.0,0.0,0.0,4.198285,120.96369,0.0,0.0
2024-09-02 14:00:00+00:00,27.4,95.40934,34.67179,0.0,0.0,1.0,3.8268526,131.18582,0.0,0.0
2024-09-02 15:00:00+00:00,27.35,96.82252,34.87142,0.0,0.0,4.0,3.096837,125.537766,0.0,0.0
2024-09-02 16:00:00+00:00,26.7,100.0,34.28754,0.0,3.0,99.0,2.16,360.0,0.0,0.0
2024-09-02 17:00:00+00:00,26.5,100.0,33.924374,0.1,51.0,100.0,2.3051248,321.34018,0.0,0.0
2024-09-02 18:00:00+00:00,26.3,100.0,33.65229,0.1,51.0,100.0,1.835647,348.6901,0.0,0.0
2024-09-02 19:00:00+00:00,26.05,99.704605,33.155647,0.1,51.0,100.0,2.0991426,329.03632,0.0,0.0
2024-09-02 20:00:00+00:00,26.1,100.0,33.228703,0.0,3.0,100.0,2.4149535,333.43503,0.0,0.0
2024-09-02 21:00:00+00:00,26.0,97.94736,32.739555,0.2,51.0,99.0,2.968636,14.036275,0.0,0.0
2024-09-02 22:00:00+00:00,25.85,97.65458,32.56854,0.1,51.0,100.0,2.1897945,9.462248,1.0,9.740644
2024-09-02 23:00:00+00:00,26.45,96.80158,33.322678,0.0,2.0,67.0,3.219938,333.43503,1.0,122.45834
2024-09-03 00:00:00+00:00,27.75,89.42434,34.406265,0.1,51.0,22.0,4.452954,345.9637,1.0,315.67487
2024-09-03 01:00:00+00:00,29.05,83.65452,36.40376,0.1,51.0,16.0,0.35999998,90.0,1.0,500.1052
2024-09-03 02:00:00+00:00,30.1,79.91443,37.699017,0.0,1.0,39.0,3.8939953,56.3099,1.0,698.4248
2024-09-03 03:00:00+00:00,30.9,75.216934,38.19608,0.0,3.0,99.0,7.754637,68.19853,1.0,753.70245
2024-09-03 04:00:00+00:00,31.4,70.75845,38.077183,0.0,3.0,94.0,9.885262,79.50858,1.0,746.9057
2024-09-03 05:00:00+00:00,31.4,68.68326,37.40278,0.1,51.0,15.0,11.252519,82.64771,1.0,702.4152
2024-09-03 06:00:00+00:00,31.85,64.01358,37.578686,0.0,0.0,7.0,12.015589,81.38444,1.0,733.54114
2024-09-03 07:00:00+00:00,31.5,64.13222,36.431553,0.0,0.0,2.0,13.039754,83.659904,1.0,628.81006
2024-09-03 08:00:00+00:00,30.8,65.74533,34.67958,0.0,0.0,0.0,13.698934,86.98728,1.0,448.51675
2024-09-03 09:00:00+00:00,29.85,71.54323,34.564384,0.0,0.0,0.0,10.105681,94.08554,1.0,237.2325
2024-09-03 10:00:00+00:00,28.25,78.48279,33.599308,0.0,0.0,4.0,5.771239,93.57626,1.0,40.625153
2024-09-03 11:00:00+00:00,26.9,84.677086,32.196037,0.0,0.0,16.0,5.937272,75.96373,0.0,0.0
2024-09-03 12:00:00+00:00,26.3,87.461006,31.485157,0.0,0.0,12.0,6.489992,33.6901,0.0,0.0
2024-09-03 13:00:00+00:00,26.55,84.38595,31.661953,0.0,0.0,2.0,5.506941,11.3098955,0.0,0.0
2024-09-03 14:00:00+00:00,25.9,86.37844,30.899605,0.0,0.0,4.0,5.2416787,344.05453,0.0,0.0
2024-09-03 15:00:00+00:00,25.2,89.50271,30.220253,0.0,0.0,8.0,4.6938257,327.52884,0.0,0.0
2024-09-03 16:00:00+00:00,25.1,90.03732,30.246822,0.0,0.0,12.0,3.8268526,311.18582,0.0,0.0
2024-09-03 17:00:00+00:00,25.15,90.3129,30.134617,0.0,0.0,14.0,5.3517847,312.27362,0.0,0.0
2024-09-03 18:00:00+00:00,24.75,91.383514,29.466625,0.0,0.0,5.0,6.3690495,312.70938,0.0,0.0
2024-09-03 19:00:00+00:00,24.5,91.92252,29.153221,0.0,0.0,17.0,6.193674,305.53775,0.0,0.0
2024-09-03 20:00:00+00:00,24.5,91.36808,29.123543,0.0,1.0,27.0,5.991594,302.7352,0.0,0.0
2024-09-03 21:00:00+00:00,24.5,90.54191,29.015137,0.0,1.0,20.0,6.1305785,310.2363,0.0,0.0
2024-09-03 22:00:00+00:00,24.55,90.27146,29.11258,0.0,3.0,82.0,5.8048253,299.74478,1.0,20.14236
2024-09-03 23:00:00+00:00,25.9,86.118256,30.55154,0.0,1.0,37.0,7.42159,284.03625,1.0,99.03276
2024-09-04 00:00:00+00:00,27.8,76.78186,32.50201,0.0,3.0,96.0,6.849467,3.0127327,1.0,240.76279
2024-09-04 01:00:00+00:00,29.2,70.57073,33.450134,0.0,3.0,81.0,9.726664,38.990997,1.0,446.0591
2024-09-04 02:00:00+00:00,30.25,65.632835,33.960163,0.0,1.0,35.0,12.599998,53.13002,1.0,561.16956
2024-09-04 03:00:00+00:00,31.2,62.920063,35.646408,0.0,2.0,65.0,14.578888,69.775055,1.0,752.61664
2024-09-04 04:00:00+00:00,31.25,62.36332,35.02379,0.0,3.0,81.0,15.463246,65.22488,1.0,637.5112
2024-09-04 05:00:00+00:00,31.55,60.205605,35.45082,0.0,2.0,76.0,15.978484,67.47939,1.0,688.52936
2024-09-04 06:00:00+00:00,30.7,62.811985,34.10897,0.0,2.0,77.0,13.450708,74.47583,1.0,431.82034
2024-09-04 07:00:00+00:00,30.7,63.002617,34.24358,0.0,2.0,70.0,12.7279215,81.86999,1.0,424.3316
2024-09-04 08:00:00+00:00,30.2,67.63412,34.297863,0.0,0.0,17.0,11.792404,77.660934,1.0,308.136
2024-09-04 09:00:00+00:00,29.75,70.45877,34.276634,0.0,0.0,19.0,9.904906,70.90642,1.0,215.93976
2024-09-04 10:00:00+00:00,28.35,74.58451,33.112022,0.0,0.0,11.0,6.638072,49.398785,1.0,34.798977
2024-09-04 11:00:00+00:00,27.05,79.98729,31.920685,0.0,0.0,11.0,5.495161,31.607454,0.0,0.0
2024-09-04 12:00:00+00:00,26.65,82.38696,31.485622,0.0,0.0,9.0,6.151683,20.556128,0.0,0.0
2024-09-04 13:00:00+00:00,26.4,82.85637,31.228104,0.0,0.0,8.0,5.5887027,14.931467,0.0,0.0
2024-09-04 14:00:00+00:00,26.25,83.846146,31.135761,0.0,1.0,28.0,5.3999996,360.0,0.0,0.0
2024-09-04 15:00:00+00:00,25.85,86.63464,30.931591,0.0,1.0,22.0,4.6800003,337.3801,0.0,0.0
2024-09-04 16:00:00+00:00,25.7,87.67237,30.836727,0.0,0.0,18.0,4.510787,331.38962,0.0,0.0
2024-09-04 17:00:00+00:00,25.5,87.920135,30.610374,0.0,0.0,10.0,4.072935,315.0001,0.0,0.0
2024-09-04 18:00:00+00:00,25.4,88.177536,30.533962,0.0,1.0,26.0,3.7064266,299.0545,0.0,0.0
2024-09-04 19:00:00+00:00,25.4,88.444145,30.492237,0.1,51.0,33.0,4.198285,300.96368,0.0,0.0
2024-09-04 20:00:00+00:00,25.1,90.03732,30.206314,0.0,1.0,36.0,4.1046314,307.87503,0.0,0.0
2024-09-04 21:00:00+00:00,25.2,89.77317,30.415127,0.0,2.0,60.0,3.563818,315.0001,0.0,0.0
2024-09-04 22:00:00+00:00,25.75,87.149635,30.807922,0.0,2.0,64.0,4.8433046,318.01288,1.0,10.424389
2024-09-04 23:00:00+00:00,26.8,83.40345,31.711174,0.0,1.0,33.0,7.0911775,336.0375,1.0,89.14036
2024-09-05 00:00:00+00:00,27.95,78.67652,33.020653,0.0,3.0,82.0,6.6185193,22.380184,1.0,205.25531
2024-09-05 01:00:00+00:00,29.5,73.00006,33.766228,0.1,51.0,48.0,13.18308,55.0079,1.0,481.91245
2024-09-05 02:00:00+00:00,30.35,70.77983,35.00444,0.0,1.0,35.0,11.808878,52.431335,1.0,536.139
2024-09-05 03:00:00+00:00,31.4,66.26346,36.215298,0.0,2.0,50.0,15.683774,58.134064,1.0,732.6894
2024-09-05 04:00:00+00:00,31.75,65.34931,37.044662,0.1,51.0,33.0,14.973577,62.818974,1.0,765.9147
2024-09-05 05:00:00+00:00,31.95,64.419426,37.221752,0.1,51.0,18.0,15.596767,71.14675,1.0,761.7948
2024-09-05 06:00:00+00:00,32.0,64.42988,37.212727,0.0,0.0,16.0,15.827721,72.80138,1.0,725.3883
2024-09-05 07:00:00+00:00,31.65,66.31374,36.420918,0.0,0.0,3.0,15.937878,71.564964,1.0,603.5696
2024-09-05 08:00:00+00:00,31.05,69.02796,35.556732,0.0,0.0,3.0,13.910169,79.56258,1.0,428.76215
2024-09-05 09:00:00+00:00,30.15,73.76786,35.11357,0.0,0.0,19.0,11.901798,86.531845,1.0,221.58417
2024-09-05 10:00:00+00:00,28.8,78.0921,34.161552,0.0,1.0,31.0,7.6367526,81.86999,1.0,31.546434
2024-09-05 11:00:00+00:00,27.7,82.511375,33.279945,0.0,0.0,19.0,5.495161,58.392544,0.0,0.0
2024-09-05 12:00:00+00:00,27.0,87.000496,32.753296,0.0,0.0,18.0,5.1919937,33.6901,0.0,0.0
2024-09-05 13:00:00+00:00,26.95,87.779434,32.644974,0.0,0.0,8.0,6.0347,17.354122,0.0,0.0
2024-09-05 14:00:00+00:00,27.5,81.994484,33.12676,0.0,1.0,21.0,3.8773184,338.19852,0.0,0.0
2024-09-05 15:00:00+00:00,27.75,79.600426,33.407597,0.0,1.0,24.0,2.5959969,326.3099,0.0,0.0
2024-09-05 16:00:00+00:00,26.5,86.95532,32.195744,0.0,1.0,27.0,3.4152596,341.56494,0.0,0.0
2024-09-05 17:00:00+00:00,25.8,91.174255,31.445469,0.0,1.0,34.0,4.198285,329.03632,0.0,0.0
2024-09-05 18:00:00+00:00,25.9,91.454,31.711918,0.0,1.0,37.0,3.7064266,330.9455,0.0,0.0
2024-09-05 19:00:00+00:00,26.0,91.46011,31.890945,0.0,3.0,91.0,3.6,323.13,0.0,0.0
2024-09-05 20:00:00+00:00,26.3,89.85246,32.220196,0.0,1.0,46.0,3.396233,302.00534,0.0,0.0
2024-09-05 21:00:00+00:00,26.05,91.463135,31.978104,0.0,3.0,96.0,3.563818,315.0001,0.0,0.0
2024-09-05 22:00:00+00:00,26.3,91.205605,32.406525,0.0,3.0,99.0,3.219938,333.43503,1.0,10.802982
2024-09-05 23:00:00+00:00,27.05,87.52628,33.28601,0.0,3.0,100.0,2.5455842,351.87,1.0,55.07676
2024-09-06 00:00:00+00:00,27.5,84.993324,33.024113,0.2,51.0,94.0,7.2,53.13002,1.0,159.48581
2024-09-06 01:00:00+00:00,28.7,81.1671,34.470257,0.1,51.0,27.0,7.289445,57.094753,1.0,416.30344
2024-09-06 02:00:00+00:00,29.2,79.795006,34.936073,0.0,1.0,30.0,8.427383,70.01681,1.0,522.0032
2024-09-06 03:00:00+00:00,30.55,73.61484,36.974407,0.1,51.0,38.0,9.255571,76.50425,1.0,726.3711
2024-09-06 04:00:00+00:00,30.75,72.777664,37.009823,0.0,1.0,22.0,11.792404,77.660934,1.0,745.5708
2024-09-06 05:00:00+00:00,31.4,72.672806,38.34516,0.1,51.0,34.0,12.287555,95.04236,1.0,785.097
2024-09-06 06:00:00+00:00,30.65,72.11338,36.42667,1.2,55.0,45.0,11.885453,88.264336,1.0,644.8384
2024-09-06 07:00:00+00:00,30.6,73.40451,35.653168,0.0,1.0,33.0,13.684735,88.4926,1.0,515.6888
2024-09-06 08:00:00+00:00,29.75,77.073746,35.195778,0.2,51.0,37.0,10.182337,98.13002,1.0,329.9245
2024-09-06 09:00:00+00:00,28.75,81.41533,34.63002,0.1,51.0,45.0,6.9899354,101.88863,1.0,149.27414
2024-09-06 10:00:00+00:00,27.85,85.029205,33.810238,0.2,51.0,40.0,5.771239,93.57626,1.0,24.06197
2024-09-06 11:00:00+00:00,26.85,92.05721,33.19568,0.1,51.0,31.0,4.73506,98.74608,0.0,0.0
2024-09-06 12:00:00+00:00,27.0,89.10267,33.28643,0.1,51.0,72.0,3.319036,77.4712,0.0,0.0
2024-09-06 13:00:00+00:00,26.65,91.49953,33.07687,0.8,53.0,88.0,2.8116899,219.80553,0.0,0.0
2024-09-06 14:00:00+00:00,26.5,94.81503,33.214527,0.1,51.0,38.0,2.9024127,262.8751,0.0,0.0
2024-09-06 15:00:00+00:00,26.0,97.36769,32.629475,0.0,3.0,85.0,3.2599385,276.3401,0.0,0.0
2024-09-06 16:00:00+00:00,26.35,96.51279,33.105816,0.0,3.0,82.0,3.319036,282.5288,0.0,0.0
2024-09-06 17:00:00+00:00,26.3,95.656204,33.098255,0.2,51.0,100.0,2.0991426,329.03632,0.0,0.0
2024-09-06 18:00:00+00:00,26.25,95.37089,32.96788,0.2,51.0,100.0,2.1897945,350.53775,0.0,0.0
2024-09-06 19:00:00+00:00,26.55,90.67873,33.170567,0.1,51.0,100.0,0.35999998,270.0,0.0,0.0
2024-09-06 20:00:00+00:00,26.5,95.37929,33.47078,0.3,51.0,100.0,1.609969,296.56497,0.0,0.0
2024-09-06 21:00:00+00:00,26.35,94.24749,33.014034,0.5,53.0,79.0,2.0991426,59.03632,0.0,0.0
2024-09-06 22:00:00+00:00,25.95,93.950165,32.17548,0.0,3.0,82.0,3.0758414,69.44387,1.0,11.210324
2024-09-06 23:00:00+00:00,26.5,88.532974,32.673286,0.1,51.0,63.0,1.4399999,90.0,1.0,77.76933
2024-09-07 00:00:00+00:00,27.15,85.98031,33.06265,0.1,51.0,50.0,3.8773184,21.801476,1.0,233.67406
2024-09-07 01:00:00+00:00,28.7,84.61322,35.929623,0.1,51.0,30.0,0.5091169,224.9999,1.0,496.00174
2024-09-07 02:00:00+00:00,30.0,79.19546,36.597878,0.2,51.0,100.0,9.422101,83.41815,1.0,705.1275
2024-09-07 03:00:00+00:00,28.85,79.98631,34.614178,0.9,53.0,39.0,6.87779,83.99109,1.0,345.37415
2024-09-07 04:00:00+00:00,30.15,75.321915,37.02352,0.1,51.0,70.0,8.891344,111.3707,1.0,768.72614
2024-09-07 05:00:00+00:00,27.1,85.718636,33.16201,4.0,63.0,97.0,2.4149535,116.56499,1.0,503.03943
2024-09-07 06:00:00+00:00,28.3,81.60266,34.56631,0.1,51.0,93.0,2.5455842,278.13,1.0,365.22522
2024-09-07 07:00:00+00:00,29.25,78.857834,35.216663,0.3,51.0,98.0,6.162207,83.29026,1.0,468.47067
2024-09-07 08:00:00+00:00,27.3,87.54793,32.973717,3.2,63.0,100.0,7.5170207,106.699326,1.0,293.39798
2024-09-07 09:00:00+00:00,27.1,87.53062,33.105255,0.2,51.0,100.0,4.3498964,65.55606,1.0,73.2433
2024-09-07 10:00:00+00:00,26.65,89.60959,32.678024,0.1,51.0,99.0,3.9763298,174.80566,1.0,9.0186615
2024-09-07 11:00:00+00:00,26.25,92.57386,32.69369,0.0,3.0,100.0,1.8,323.13,0.0,0.0
2024-09-07 12:00:00+00:00,26.55,90.94963,32.97298,0.1,51.0,100.0,1.9386592,111.801476,0.0,0.0
2024-09-07 13:00:00+00:00,25.6,96.781624,31.824635,0.1,51.0,97.0,3.7585104,253.30067,0.0,0.0
2024-09-07 14:00:00+00:00,25.9,95.0754,32.30104,0.1,51.0,22.0,2.5455842,315.0001,0.0,0.0
2024-09-07 15:00:00+00:00,25.45,95.91532,31.604164,0.0,1.0,27.0,2.9024127,29.744795,0.0,0.0
2024-09-07 16:00:00+00:00,25.9,92.27882,32.011894,0.3,51.0,71.0,2.3051248,38.65983,0.0,0.0
2024-09-07 17:00:00+00:00,26.5,86.43493,32.557056,0.0,3.0,100.0,0.5091169,44.999897,0.0,0.0
2024-09-07 18:00:00+00:00,26.25,87.1943,31.98748,0.0,3.0,100.0,2.2768397,341.56494,0.0,0.0
2024-09-07 19:00:00+00:00,25.85,94.22667,32.20893,0.0,3.0,100.0,1.9386592,21.801476,0.0,0.0
2024-09-07 20:00:00+00:00,26.1,86.137474,31.217812,0.1,51.0,100.0,5.0528407,94.08554,0.0,0.0
2024-09-07 21:00:00+00:00,25.25,91.965866,30.927101,0.1,51.0,81.0,2.2768397,18.435053,0.0,0.0
2024-09-07 22:00:00+00:00,24.85,95.61005,30.682941,0.0,1.0,34.0,2.2768397,108.43504,1.0,11.649713
2024-09-07 23:00:00+00:00,25.6,90.072586,31.083637,0.0,2.0,51.0,3.6,143.13002,1.0,130.15614
2024-09-08 00:00:00+00:00,26.35,86.16144,32.095016,0.0,2.0,61.0,1.8,126.86999,1.0,304.1492
2024-09-08 01:00:00+00:00,27.95,87.085724,34.661972,0.1,51.0,28.0,2.9024127,119.74479,1.0,512.28326
2024-09-08 02:00:00+00:00,28.9,83.14371,36.328426,0.2,51.0,25.0,2.0364676,135.0001,1.0,679.0121
2024-09-08 03:00:00+00:00,29.85,77.08858,37.567917,0.2,51.0,100.0,2.968636,104.03627,1.0,758.7365
2024-09-08 04:00:00+00:00,29.1,76.97702,34.39817,0.5,53.0,100.0,8.287822,92.4895,1.0,417.6809
2024-09-08 05:00:00+00:00,27.75,82.270676,33.32986,2.0,61.0,66.0,5.495161,58.392544,1.0,410.93942
2024-09-08 06:00:00+00:00,29.05,79.53785,36.24781,0.1,51.0,42.0,2.3051248,218.65984,1.0,617.8881
2024-09-08 07:00:00+00:00,29.2,80.032555,35.671505,0.2,51.0,100.0,6.28713,113.62939,1.0,551.8545
2024-09-08 08:00:00+00:00,27.95,84.282974,34.22076,1.0,55.0,59.0,3.4152596,108.43504,1.0,301.33594
2024-09-08 09:00:00+00:00,28.2,82.324234,34.421696,0.1,51.0,41.0,3.0758414,110.55613,1.0,153.0004
2024-09-08 10:00:00+00:00,26.8,88.029434,33.076,0.4,51.0,68.0,1.609969,296.56497,1.0,20.437107
2024-09-08 11:00:00+00:00,26.75,87.50023,32.716198,0.0,1.0,40.0,3.0758414,290.55612,0.0,0.0
2024-09-08 12:00:00+00:00,27.1,82.68863,32.902443,0.3,51.0,36.0,1.609969,116.56499,0.0,0.0
2024-09-08 13:00:00+00:00,25.8,91.72235,31.50639,0.4,51.0,41.0,4.2136917,250.0168,0.0,0.0
2024-09-08 14:00:00+00:00,25.7,90.62233,31.233932,0.0,1.0,30.0,4.1046314,254.74483,0.0,0.0
2024-09-08 15:00:00+00:00,25.85,88.480576,31.279346,0.0,1.0,25.0,3.7585104,286.6993,0.0,0.0
2024-09-08 16:00:00+00:00,26.5,85.40235,31.8751,0.1,51.0,19.0,4.3349743,318.36655,0.0,0.0
2024-09-08 17:00:00+00:00,24.95,93.06284,30.155575,0.0,0.0,15.0,5.0911684,315.0001,0.0,0.0
2024-09-08 18:00:00+00:00,24.45,94.45213,29.424534,0.0,1.0,25.0,5.634891,333.43503,0.0,0.0
2024-09-08 19:00:00+00:00,25.75,90.62569,31.209301,0.0,1.0,33.0,4.829907,333.43503,0.0,0.0
2024-09-08 20:00:00+00:00,24.5,94.73918,29.769985,0.0,1.0,28.0,4.0249224,333.43503,0.0,0.0
2024-09-08 21:00:00+00:00,24.45,95.02314,29.739147,0.0,1.0,24.0,3.8939953,326.3099,0.0,0.0
2024-09-08 22:00:00+00:00,24.2,95.30118,29.263874,0.0,1.0,28.0,4.6102495,308.65982,1.0,12.126003
2024-09-08 23:00:00+00:00,25.8,91.174255,31.537998,0.0,1.0,30.0,3.563818,315.0001,1.0,137.68068
2024-09-09 00:00:00+00:00,26.65,88.81012,32.995014,0.1,51.0,85.0,1.1384199,71.564964,1.0,336.3716
2024-09-09 01:00:00+00:00,28.0,80.35373,33.875675,0.0,1.0,21.0,2.8116899,39.805527,1.0,496.26083
2024-09-09 02:00:00+00:00,28.9,78.34007,35.330833,0.1,51.0,12.0,3.6,53.13002,1.0,663.7945
2024-09-09 03:00:00+00:00,29.95,74.84296,37.47078,0.1,51.0,26.0,4.6938257,57.528828,1.0,817.3001
2024-09-09 04:00:00+00:00,30.75,71.91629,37.99,0.1,51.0,18.0,7.9526596,84.805664,1.0,826.1393
2024-09-09 05:00:00+00:00,31.05,69.234474,37.699177,0.0,1.0,26.0,10.440001,90.0,1.0,810.9095
2024-09-09 06:00:00+00:00,30.7,68.75541,36.277267,0.1,51.0,55.0,11.901798,86.531845,1.0,692.1217
2024-09-09 07:00:00+00:00,30.55,68.52094,35.270462,0.0,0.0,18.0,11.879999,90.0,1.0,542.4553
2024-09-09 08:00:00+00:00,29.9,71.9824,34.55485,0.0,0.0,10.0,11.159999,90.0,1.0,385.30145
2024-09-09 09:00:00+00:00,29.15,76.525696,34.38891,0.0,0.0,6.0,8.473393,102.26476,1.0,192.89215
2024-09-09 10:00:00+00:00,27.8,84.771065,33.968414,0.0,0.0,4.0,3.8939953,123.6901,1.0,21.768597
2024-09-09 11:00:00+00:00,26.85,88.56102,32.84532,0.0,0.0,13.0,4.198285,149.03632,0.0,0.0
2024-09-09 12:00:00+00:00,27.6,79.58017,32.985954,0.5,53.0,29.0,3.8268526,138.81418,0.0,0.0
2024-09-09 13:00:00+00:00,25.75,91.17109,31.07309,0.1,51.0,55.0,6.193674,234.46223,0.0,0.0
2024-09-09 14:00:00+00:00,24.85,95.61005,30.117859,0.9,53.0,72.0,6.151683,249.44386,0.0,0.0
2024-09-09 15:00:00+00:00,24.9,95.03945,30.127396,0.2,51.0,33.0,6.2145634,259.9921,0.0,0.0
2024-09-09 16:00:00+00:00,24.55,95.600395,29.94944,0.0,1.0,33.0,3.9763298,275.19434,0.0,0.0
2024-09-09 17:00:00+00:00,24.4,95.595566,29.629753,0.0,1.0,33.0,4.510787,298.61035,0.0,0.0
2024-09-09 18:00:00+00:00,24.2,95.87776,29.290306,0.0,1.0,31.0,4.8433046,311.98712,0.0,0.0
2024-09-09 19:00:00+00:00,24.0,96.45215,28.961308,0.0,1.0,29.0,5.315336,298.30066,0.0,0.0
2024-09-09 20:00:00+00:00,24.0,96.45215,29.022385,0.0,1.0,33.0,4.896529,287.1028,0.0,0.0
2024-09-09 21:00:00+00:00,23.7,97.61702,28.625061,0.0,1.0,21.0,5.154415,294.77512,0.0,0.0
2024-09-09 22:00:00+00:00,24.0,97.91679,29.30114,0.0,0.0,19.0,4.0249224,296.56497,1.0,12.643589
2024-09-09 23:00:00+00:00,25.25,94.20153,30.766075,0.0,0.0,4.0,5.0911684,315.0001,1.0,152.27625
2024-09-10 00:00:00+00:00,26.8,89.888176,32.717926,0.0,0.0,7.0,5.6233797,309.8055,1.0,368.6479
2024-09-10 01:00:00+00:00,28.8,78.0921,34.487747,0.0,0.0,6.0,5.3999996,306.86996,1.0,578.3529
2024-09-10 02:00:00+00:00,30.35,68.68867,36.70154,0.0,0.0,5.0,4.198285,329.03632,1.0,752.12744
2024-09-10 03:00:00+00:00,31.55,64.14276,38.980762,0.0,0.0,3.0,2.5455842,8.130019,1.0,849.69446
2024-09-10 04:00:00+00:00,32.6,57.423008,39.692097,0.0,0.0,5.0,3.7585104,73.300674,1.0,882.63403
2024-09-10 05:00:00+00:00,33.0,56.484764,39.815414,0.0,0.0,8.0,5.3999996,126.86998,1.0,848.8379
2024-09-10 06:00:00+00:00,33.15,55.170094,39.178432,0.0,1.0,22.0,6.9247384,152.10283,1.0,762.5164
2024-09-10 07:00:00+00:00,32.85,56.62003,38.08776,0.0,0.0,12.0,6.8399997,180.0,1.0,595.9863
2024-09-10 08:00:00+00:00,32.55,60.068565,37.408356,0.0,1.0,34.0,7.5942082,211.42952,1.0,387.2157
2024-09-10 09:00:00+00:00,32.5,58.80382,37.870502,0.0,1.0,39.0,2.4149535,206.56499,1.0,168.62338
2024-09-10 10:00:00+00:00,29.65,78.213326,35.990532,0.0,0.0,13.0,4.73506,98.74608,1.0,18.598688
2024-09-10 11:00:00+00:00,28.2,83.311806,34.24957,0.0,0.0,5.0,5.154415,114.775116,0.0,0.0
2024-09-10 12:00:00+00:00,27.15,87.274155,32.860706,0.0,0.0,13.0,6.3690495,137.29063,0.0,0.0
2024-09-10 13:00:00+00:00,27.1,85.97543,32.72943,0.0,0.0,4.0,5.6002855,135.0001,0.0,0.0
2024-09-10 14:00:00+00:00,28.5,75.286125,33.98866,0.0,0.0,0.0,2.9024127,172.87508,0.0,0.0
2024-09-10 15:00:00+00:00,27.8,82.03079,33.771114,0.0,0.0,0.0,2.8116899,230.19447,0.0,0.0
2024-09-10 16:00:00+00:00,25.9,92.83231,31.79773,0.0,0.0,0.0,4.2136917,250.0168,0.0,0.0
2024-09-10 17:00:00+00:00,25.4,95.05747,31.268944,0.0,0.0,2.0,3.9763298,275.19434,0.0,0.0
2024-09-10 18:00:00+00:00,24.8,99.107834,30.778496,0.0,0.0,0.0,3.671294,258.6901,0.0,0.0
2024-09-10 19:00:00+00:00,24.85,100.0,31.06026,0.0,3.0,97.0,2.968636,255.96373,0.0,0.0
2024-09-10 20:00:00+00:00,24.35,99.700806,30.113758,0.0,3.0,95.0,3.6179552,275.7105,0.0,0.0
2024-09-10 21:00:00+00:00,23.95,98.804474,29.214882,0.0,1.0,33.0,4.6938257,302.47116,0.0,0.0
2024-09-10 22:00:00+00:00,23.95,97.91604,29.078335,0.0,1.0,29.0,5.00128,300.25635,1.0,13.201569
2024-09-10 23:00:00+00:00,25.75,93.66112,31.880253,0.0,1.0,25.0,2.6208394,285.94547,1.0,149.42183
2024-09-11 00:00:00+00:00,27.45,86.0092,33.886772,0.0,1.0,27.0,1.609969,296.56497,1.0,361.2629
2024-09-11 01:00:00+00:00,29.2,78.850876,35.97987,0.0,2.0,55.0,0.35999998,360.0,1.0,571.57477
2024-09-11 02:00:00+00:00,30.65,73.63147,38.457615,0.0,3.0,87.0,0.8049845,26.564985,1.0,746.71936
2024-09-11 03:00:00+00:00,31.9,67.36072,40.11513,0.0,1.0,23.0,1.4399999,360.0,1.0,826.6248
2024-09-11 04:00:00+00:00,32.95,59.97858,40.628365,0.0,0.0,10.0,2.6208394,15.945477,1.0,842.06274
2024-09-11 05:00:00+00:00,33.55,56.27562,40.709164,0.0,2.0,68.0,4.5820518,44.999897,1.0,836.87964
2024-09-11 06:00:00+00:00,33.65,55.124435,39.891747,0.0,3.0,95.0,4.802999,77.00539,1.0,699.0598
2024-09-11 07:00:00+00:00,33.6,56.11832,39.33768,0.0,0.0,2.0,5.95906,115.01687,1.0,600.0222
2024-09-11 08:00:00+00:00,33.1,58.588722,38.086918,0.0,0.0,14.0,7.127636,135.0001,1.0,410.76953
2024-09-11 09:00:00+00:00,31.85,67.15046,37.466087,0.0,0.0,2.0,7.628263,160.70985,1.0,199.5466
2024-09-11 10:00:00+00:00,30.05,74.41417,35.534233,0.0,0.0,4.0,8.557102,165.37909,1.0,18.305765
2024-09-11 11:00:00+00:00,28.9,81.1922,35.045555,0.0,0.0,17.0,5.6233797,140.19447,0.0,0.0
2024-09-11 12:00:00+00:00,28.3,83.07537,34.37687,0.0,2.0,78.0,5.1919937,123.690094,0.0,0.0
2024-09-11 13:00:00+00:00,28.5,86.87748,35.337803,0.0,3.0,100.0,4.379589,99.46225,0.0,0.0
2024-09-11 14:00:00+00:00,28.2,86.33689,34.81556,0.0,3.0,100.0,4.0249224,116.56499,0.0,0.0
2024-09-11 15:00:00+00:00,27.3,90.997574,33.86981,0.0,3.0,100.0,4.3498964,114.44395,0.0,0.0
2024-09-11 16:00:00+00:00,27.15,89.64606,33.537365,0.0,3.0,100.0,3.7585104,106.699326,0.0,0.0
2024-09-11 17:00:00+00:00,27.85,85.2828,34.26157,0.0,3.0,84.0,2.9024127,97.12492,0.0,0.0
2024-09-11 18:00:00+00:00,27.7,85.2677,34.121468,0.0,2.0,56.0,2.16,90.0,0.0,0.0
2024-09-11 19:00:00+00:00,27.4,86.26141,33.73548,0.0,3.0,89.0,2.3051248,38.65983,0.0,0.0
2024-09-11 20:00:00+00:00,26.45,93.13731,32.982216,0.0,3.0,100.0,2.5455842,8.130019,0.0,0.0
2024-09-11 21:00:00+00:00,25.7,97.36191,32.22609,0.0,3.0,100.0,2.5959969,33.6901,0.0,0.0
2024-09-11 22:00:00+00:00,25.4,97.93827,31.697655,0.0,3.0,93.0,3.2599385,6.3401003,1.0,13.806609
2024-09-11 23:00:00+00:00,26.6,93.978455,33.089375,0.0,3.0,100.0,4.2136917,340.0168,1.0,134.1876
2024-09-12 00:00:00+00:00,27.75,87.32696,34.135235,0.0,3.0,100.0,4.452954,345.9637,1.0,350.01904
2024-09-12 01:00:00+00:00,29.05,82.424835,35.902714,0.0,3.0,94.0,2.6208394,344.05453,1.0,535.91675
2024-09-12 02:00:00+00:00,30.35,73.36258,37.36663,0.0,3.0,87.0,2.5959969,56.309914,1.0,703.1528
2024-09-12 03:00:00+00:00,31.3,68.86941,38.264114,0.1,51.0,86.0,7.2805495,81.46932,1.0,809.83264
2024-09-12 04:00:00+00:00,31.85,65.56561,38.578064,0.0,2.0,77.0,9.3876505,85.60138,1.0,836.8753
2024-09-12 05:00:00+00:00,32.05,63.10288,37.914543,0.0,3.0,99.0,11.885453,88.264336,1.0,783.872
2024-09-12 06:00:00+00:00,31.8,65.16426,37.266865,0.0,3.0,93.0,13.32,90.0,1.0,695.9221
2024-09-12 07:00:00+00:00,31.1,68.83147,36.020336,0.0,3.0,99.0,13.363711,94.635376,1.0,548.3938
2024-09-12 08:00:00+00:00,30.65,70.62277,35.348583,0.0,0.0,17.0,12.599999,90.0,1.0,396.7964
2024-09-12 09:00:00+00:00,29.7,75.70116,34.926373,0.0,1.0,24.0,10.105681,94.08554,1.0,186.62791
2024-09-12 10:00:00+00:00,28.25,82.08497,34.28798,0.0,2.0,62.0,4.3349743,94.76356,1.0,14.756609
2024-09-12 11:00:00+00:00,27.45,88.872604,33.794632,0.0,3.0,100.0,4.73506,98.74608,0.0,0.0
2024-09-12 12:00:00+00:00,27.2,87.80068,33.322826,0.0,3.0,83.0,4.2136917,70.01681,0.0,0.0
2024-09-12 13:00:00+00:00,27.25,87.28298,33.36756,1.2,55.0,72.0,4.0249224,63.435013,0.0,0.0
2024-09-12 14:00:00+00:00,26.7,91.50255,33.118263,1.6,61.0,98.0,3.096837,35.537766,0.0,0.0
2024-09-12 15:00:00+00:00,26.7,94.82251,33.591137,0.1,51.0,96.0,2.6208394,15.945477,0.0,0.0
2024-09-12 16:00:00+00:00,26.7,92.04869,33.339268,0.5,53.0,96.0,2.0364676,315.0001,0.0,0.0
2024-09-12 17:00:00+00:00,26.4,91.4844,32.650047,0.1,51.0,52.0,2.9024127,352.87506,0.0,0.0
2024-09-12 18:00:00+00:00,26.2,94.52215,32.568462,0.1,51.0,28.0,3.671294,11.3098955,0.0,0.0
2024-09-12 19:00:00+00:00,26.05,94.235,32.352455,0.1,51.0,69.0,3.219938,333.43503,0.0,0.0
2024-09-12 20:00:00+00:00,25.65,93.93708,31.605488,0.1,51.0,94.0,3.6,306.86996,0.0,0.0
2024-09-12 21:00:00+00:00,25.2,96.48333,31.068924,0.1,51.0,99.0,4.198285,329.03632,0.0,0.0
2024-09-12 22:00:00+00:00,25.1,96.76978,30.962307,0.0,3.0,86.0,4.0249224,333.43503,1.0,14.468835
2024-09-12 23:00:00+00:00,26.2,91.745926,32.144073,0.1,51.0,64.0,4.3349743,318.36655,1.0,95.766884
2024-09-13 00:00:00+00:00,27.2,85.728455,33.19398,0.1,51.0,28.0,3.319036,12.528798,1.0,322.07523
2024-09-13 01:00:00+00:00,28.2,80.62064,33.705124,0.1,51.0,22.0,6.439876,26.564985,1.0,511.79178
2024-09-13 02:00:00+00:00,29.45,74.09411,34.944237,0.0,0.0,19.0,8.404285,43.26433,1.0,673.7523
2024-09-13 03:00:00+00:00,30.4,68.49217,36.158096,0.0,0.0,16.0,10.028439,68.96242,1.0,784.67035
2024-09-13 04:00:00+00:00,30.85,65.36069,36.33356,0.1,51.0,31.0,12.144331,78.02389,1.0,810.46436
2024-09-13 05:00:00+00:00,30.3,68.47298,35.611397,0.1,51.0,58.0,13.363711,85.364624,1.0,762.15704
2024-09-13 06:00:00+00:00,30.25,70.550026,35.77115,0.1,51.0,7.0,10.239453,79.87539,1.0,637.2452
2024-09-13 07:00:00+00:00,30.75,67.53864,35.761517,0.0,0.0,3.0,10.239453,79.87539,1.0,552.44
2024-09-13 08:00:00+00:00,30.45,68.70775,34.996063,0.0,0.0,4.0,10.823973,86.186005,1.0,406.10526
2024-09-13 09:00:00+00:00,29.4,74.53106,34.313587,0.0,0.0,7.0,9.826088,98.42689,1.0,192.64607
2024-09-13 10:00:00+00:00,27.8,80.569016,33.061405,0.0,0.0,6.0,6.379216,106.38962,1.0,12.919749
2024-09-13 11:00:00+00:00,27.3,82.96061,32.792095,0.0,0.0,5.0,4.802999,102.99462,0.0,0.0
2024-09-13 12:00:00+00:00,27.55,80.29487,33.132362,0.1,51.0,93.0,2.9024127,7.12493,0.0,0.0
2024-09-13 13:00:00+00:00,26.45,87.73677,32.0222,0.0,1.0,36.0,4.6938252,184.39862,0.0,0.0
2024-09-13 14:00:00+00:00,25.5,91.704544,30.868404,0.4,51.0,100.0,5.2416787,254.05453,0.0,0.0
2024-09-13 15:00:00+00:00,25.2,94.48231,30.974586,0.0,1.0,49.0,3.319036,257.4712,0.0,0.0
2024-09-13 16:00:00+00:00,24.6,96.467804,30.070797,0.0,3.0,99.0,4.3349743,265.23645,0.0,0.0
2024-09-13 17:00:00+00:00,24.55,97.632,30.410538,0.1,51.0,98.0,2.3051248,141.34016,0.0,0.0
2024-09-13 18:00:00+00:00,24.35,97.62848,30.212269,0.1,51.0,100.0,1.4399999,180.0,0.0,0.0
2024-09-13 19:00:00+00:00,23.85,98.50643,29.259258,0.0,3.0,100.0,3.0758414,290.55612,0.0,0.0
2024-09-13 20:00:00+00:00,24.15,97.33162,29.527962,0.0,3.0,100.0,3.7064266,299.0545,0.0,0.0
2024-09-13 21:00:00+00:00,24.1,97.91836,29.532135,0.0,3.0,90.0,3.5455887,293.9625,0.0,0.0
2024-09-13 22:00:00+00:00,24.2,97.040085,29.620358,0.0,3.0,100.0,3.4152596,288.43503,1.0,0.0
2024-09-13 23:00:00+00:00,25.2,92.79616,30.636715,0.0,3.0,100.0,4.3498964,294.44394,1.0,49.880234
2024-09-14 00:00:00+00:00,25.5,91.704544,30.903461,0.2,51.0,100.0,5.00128,300.25635,1.0,59.074085
2024-09-14 01:00:00+00:00,25.75,92.547195,31.088406,0.8,53.0,100.0,7.172949,342.47433,1.0,151.38074
2024-09-14 02:00:00+00:00,26.3,87.19879,31.381123,0.5,53.0,100.0,6.989936,325.4914,1.0,174.44272
2024-09-14 03:00:00+00:00,26.75,84.40726,31.858955,0.2,51.0,100.0,6.3690495,312.70938,1.0,209.23123
2024-09-14 04:00:00+00:00,27.7,80.31452,32.869442,0.2,51.0,100.0,6.3690495,317.29062,1.0,363.73886
2024-09-14 05:00:00+00:00,28.05,77.51659,32.724586,0.2,51.0,100.0,8.699793,335.55606,1.0,378.03983
2024-09-14 06:00:00+00:00,28.2,76.1512,32.689434,0.0,3.0,100.0,9.339208,332.44727,1.0,302.00992
2024-09-14 07:00:00+00:00,28.15,76.14348,32.936962,0.2,51.0,100.0,7.0911775,336.0375,1.0,216.85338
2024-09-14 08:00:00+00:00,28.5,73.71429,33.117447,0.1,51.0,98.0,7.42159,337.1663,1.0,293.49194
2024-09-14 09:00:00+00:00,27.95,78.67652,33.653816,0.1,51.0,75.0,2.2768397,341.56494,1.0,108.30528
2024-09-14 10:00:00+00:00,26.95,84.9367,32.649467,0.1,51.0,99.0,3.6,323.13,1.0,6.315853
2024-09-14 11:00:00+00:00,25.9,87.16306,31.122795,0.4,51.0,97.0,4.3349743,265.23645,0.0,0.0
2024-09-14 12:00:00+00:00,25.85,90.9045,31.775604,4.8,63.0,100.0,2.2768397,251.56496,0.0,0.0
2024-09-14 13:00:00+00:00,25.55,90.885086,30.889328,0.0,3.0,99.0,5.0142193,291.03757,0.0,0.0
2024-09-14 14:00:00+00:00,25.2,92.23998,30.526714,0.0,3.0,96.0,4.6800003,292.6199,0.0,0.0
2024-09-14 15:00:00+00:00,25.15,92.2372,30.541512,0.3,51.0,100.0,4.0249224,349.69522,0.0,0.0
2024-09-14 16:00:00+00:00,25.45,89.52123,30.3709,0.2,51.0,99.0,6.4096174,321.8427,0.0,0.0
2024-09-14 17:00:00+00:00,25.0,91.95147,30.372238,0.9,53.0,99.0,3.319036,347.4712,0.0,0.0
2024-09-14 18:00:00+00:00,24.85,93.33844,30.272243,0.8,53.0,99.0,3.396233,327.99466,0.0,0.0
2024-09-14 19:00:00+00:00,24.75,94.46421,30.432056,10.6,65.0,100.0,2.0364676,224.9999,0.0,0.0
2024-09-14 20:00:00+00:00,24.65,93.89302,30.29029,13.0,65.0,100.0,1.484318,255.96373,0.0,0.0
2024-09-14 21:00:00+00:00,24.35,92.19243,29.105053,0.5,53.0,54.0,5.0911684,315.0001,0.0,0.0
2024-09-14 22:00:00+00:00,24.65,89.46172,28.952553,0.1,51.0,100.0,7.386582,316.9749,1.0,0.0
2024-09-14 23:00:00+00:00,24.55,94.74111,29.752857,0.1,51.0,100.0,4.6938257,327.52884,1.0,34.001633
2024-09-15 00:00:00+00:00,25.0,92.78578,29.908516,2.8,63.0,100.0,7.127636,315.0001,1.0,151.66248
2024-09-15 01:00:00+00:00,26.4,87.20769,31.95042,2.6,63.0,98.0,4.198285,300.96368,1.0,328.2671
2024-09-15 02:00:00+00:00,27.2,81.958115,32.971405,0.8,53.0,89.0,1.609969,296.56497,1.0,415.41104
2024-09-15 03:00:00+00:00,27.3,84.972755,33.345974,5.7,63.0,83.0,2.7416782,203.19862,1.0,570.115
2024-09-15 04:00:00+00:00,27.05,86.48649,32.26826,0.5,53.0,91.0,8.64,180.0,1.0,535.4136
2024-09-15 05:00:00+00:00,26.85,88.0336,32.079365,0.4,51.0,90.0,9.007196,177.70944,1.0,414.06378
2024-09-15 06:00:00+00:00,27.2,88.062744,33.33794,0.5,53.0,62.0,4.3349743,131.63345,1.0,514.3969
2024-09-15 07:00:00+00:00,27.85,84.776215,34.19573,0.5,53.0,73.0,2.9024127,119.74479,1.0,361.7196
2024-09-15 08:00:00+00:00,28.3,83.82042,34.476273,0.2,51.0,91.0,5.1919937,146.3099,1.0,264.0156
2024-09-15 09:00:00+00:00,27.4,85.74807,33.441208,2.3,61.0,100.0,3.8773184,68.19853,1.0,131.87119
2024-09-15 10:00:00+00:00,26.45,93.41479,33.151886,1.3,61.0,100.0,1.609969,26.564985,1.0,4.842947
2024-09-15 11:00:00+00:00,26.4,95.37595,33.27027,0.1,51.0,99.0,1.835647,348.6901,0.0,0.0
2024-09-15 12:00:00+00:00,26.5,94.53398,33.34154,0.3,51.0,100.0,1.8,53.13002,0.0,0.0
2024-09-15 13:00:00+00:00,25.85,94.50823,32.204853,0.3,51.0,87.0,2.1897945,189.46225,0.0,0.0
2024-09-15 14:00:00+00:00,25.55,95.06289,31.671715,0.4,51.0,100.0,2.9024127,172.87508,0.0,0.0
2024-09-15 15:00:00+00:00,25.3,95.62443,31.22136,0.2,51.0,100.0,3.6179552,185.7105,0.0,0.0
2024-09-15 16:00:00+00:00,25.3,94.769714,31.22042,0.2,51.0,99.0,2.968636,255.96373,0.0,0.0
2024-09-15 17:00:00+00:00,25.1,95.33196,30.906277,0.0,3.0,100.0,3.319036,282.5288,0.0,0.0
2024-09-15 18:00:00+00:00,25.2,94.76591,31.118927,0.0,3.0,100.0,2.5455842,261.87,0.0,0.0
2024-09-15 19:00:00+00:00,25.2,95.90786,31.297825,0.0,3.0,100.0,2.1897945,260.53775,0.0,0.0
2024-09-15 20:00:00+00:00,25.25,93.919495,31.044147,0.0,3.0,100.0,2.968636,284.03625,0.0,0.0
2024-09-15 21:00:00+00:00,24.95,94.472275,30.527485,0.0,3.0,100.0,3.6,270.0,0.0,0.0
2024-09-15 22:00:00+00:00,24.95,95.90035,30.629097,0.0,3.0,98.0,3.9763298,264.80566,1.0,0.0
2024-09-15 23:00:00+00:00,26.2,91.47226,32.372734,0.0,3.0,87.0,2.5455842,224.9999,1.0,127.64705
2024-09-16 00:00:00+00:00,27.0,90.17035,33.605526,0.0,0.0,19.0,2.0364676,224.9999,1.0,297.14392
2024-09-16 01:00:00+00:00,27.1,89.909485,33.729443,0.1,51.0,100.0,2.0991426,30.963696,1.0,110.99151
2024-09-16 02:00:00+00:00,28.45,83.092476,34.636997,0.0,3.0,100.0,5.1165614,50.710617,1.0,385.99045
2024-09-16 03:00:00+00:00,29.45,78.88551,35.331146,0.2,51.0,100.0,8.913181,46.636536,1.0,607.73016
2024-09-16 04:00:00+00:00,29.65,77.74976,35.162117,0.6,53.0,100.0,9.957108,49.398785,1.0,470.67883
2024-09-16 05:00:00+00:00,30.95,71.95124,36.92879,0.1,51.0,100.0,10.636766,66.03751,1.0,639.46344
2024-09-16 06:00:00+00:00,31.35,70.12103,37.464516,0.0,3.0,100.0,10.829959,74.57778,1.0,648.5626
2024-09-16 07:00:00+00:00,31.35,69.7048,36.9917,0.0,3.0,100.0,10.308831,77.90526,1.0,541.22754
2024-09-16 08:00:00+00:00,31.1,70.07511,36.3971,0.0,3.0,100.0,9.826088,81.57312,1.0,365.16678
2024-09-16 09:00:00+00:00,30.2,75.778915,36.23247,0.0,3.0,100.0,6.8399997,90.0,1.0,173.67729
2024-09-16 10:00:00+00:00,28.1,86.32749,34.393322,0.0,3.0,100.0,5.771239,86.423744,1.0,4.14501
2024-09-16 11:00:00+00:00,27.65,83.99957,33.343407,0.0,3.0,100.0,5.815978,68.19853,0.0,0.0
2024-09-16 12:00:00+00:00,27.4,83.47094,32.863705,0.0,3.0,100.0,5.8603754,42.510403,0.0,0.0
2024-09-16 13:00:00+00:00,27.6,82.49959,33.160843,0.2,51.0,100.0,5.1919937,56.309914,0.0,0.0
2024-09-16 14:00:00+00:00,27.15,87.274155,33.14014,0.3,51.0,100.0,4.452954,14.036275,0.0,0.0
2024-09-16 15:00:00+00:00,27.1,88.84534,33.202744,0.0,3.0,100.0,4.802999,12.99463,0.0,0.0
2024-09-16 16:00:00+00:00,27.1,89.110306,33.38803,0.0,3.0,100.0,3.7585104,16.699326,0.0,0.0
2024-09-16 17:00:00+00:00,26.9,90.432274,33.249825,0.2,51.0,100.0,3.563818,44.999897,0.0,0.0
2024-09-16 18:00:00+00:00,26.8,90.96565,33.10184,0.1,51.0,100.0,3.8939953,33.6901,0.0,0.0
2024-09-16 19:00:00+00:00,26.6,92.043045,32.82921,0.2,51.0,100.0,4.39436,55.0079,0.0,0.0
2024-09-16 20:00:00+00:00,26.6,91.49651,32.731693,0.3,51.0,79.0,4.6102495,38.65983,0.0,0.0
2024-09-16 21:00:00+00:00,26.15,93.679375,32.3349,0.1,51.0,85.0,4.0249224,10.304792,0.0,0.0
2024-09-16 22:00:00+00:00,26.05,94.51622,32.216232,0.1,51.0,40.0,4.379589,9.462248,1.0,0.0
2024-09-16 23:00:00+00:00,27.3,89.125595,33.350163,0.1,51.0,56.0,6.297428,30.963696,1.0,99.347466
2024-09-17 00:00:00+00:00,27.9,87.34015,33.879135,0.2,51.0,25.0,7.928177,50.52757,1.0,254.9074
2024-09-17 01:00:00+00:00,29.7,76.837326,34.88939,0.0,1.0,33.0,11.4862,57.804302,1.0,560.881
2024-09-17 02:00:00+00:00,30.6,72.752045,36.335133,0.0,1.0,23.0,10.685391,57.380775,1.0,688.0541
2024-09-17 03:00:00+00:00,31.4,68.07116,37.03218,0.0,1.0,20.0,13.217443,60.64234,1.0,758.2997
2024-09-17 04:00:00+00:00,31.45,66.67146,36.634922,0.0,0.0,14.0,15.941944,64.59232,1.0,767.4969
2024-09-17 05:00:00+00:00,31.5,66.28358,36.716736,0.0,1.0,20.0,16.854767,70.01681,1.0,781.76904
2024-09-17 06:00:00+00:00,31.1,69.24384,36.050262,0.0,1.0,31.0,17.114204,67.75093,1.0,670.7957
2024-09-17 07:00:00+00:00,30.4,72.50128,34.920918,0.0,1.0,39.0,15.256526,70.70986,1.0,505.01135
2024-09-17 08:00:00+00:00,29.55,76.13081,34.521454,0.1,51.0,35.0,11.631956,68.19853,1.0,324.09763
2024-09-17 09:00:00+00:00,28.75,80.93205,34.032898,0.1,51.0,13.0,10.630672,61.69934,1.0,144.67056
2024-09-17 10:00:00+00:00,27.5,84.993324,33.252357,0.0,0.0,3.0,5.634891,63.435013,1.0,2.5443583
2024-09-17 11:00:00+00:00,26.5,88.79833,32.157993,0.0,0.0,14.0,5.1919937,56.309914,0.0,0.0
2024-09-17 12:00:00+00:00,26.25,89.58023,31.855728,0.0,1.0,22.0,5.1165614,39.289394,0.0,0.0
2024-09-17 13:00:00+00:00,26.05,85.87346,30.835545,0.2,51.0,30.0,6.9153743,51.34017,0.0,0.0
2024-09-17 14:00:00+00:00,25.7,89.270836,30.97137,0.4,51.0,68.0,4.8433046,48.01287,0.0,0.0
2024-09-17 15:00:00+00:00,25.75,89.81293,30.917027,0.4,51.0,97.0,6.193674,54.46224,0.0,0.0
2024-09-17 16:00:00+00:00,26.0,89.56185,31.3208,0.3,51.0,34.0,5.991594,32.73523,0.0,0.0
2024-09-17 17:00:00+00:00,25.3,90.86884,30.50282,0.0,0.0,11.0,4.896529,17.102825,0.0,0.0
2024-09-17 18:00:00+00:00,24.3,93.03021,29.125492,0.2,51.0,49.0,5.0142193,338.9624,0.0,0.0
2024-09-17 19:00:00+00:00,24.9,94.1868,30.375092,0.4,51.0,100.0,3.8773184,338.19852,0.0,0.0
2024-09-17 20:00:00+00:00,25.45,93.92827,31.330624,0.2,51.0,98.0,3.2399998,360.0,0.0,0.0
2024-09-17 21:00:00+00:00,25.5,91.704544,31.105198,0.1,51.0,95.0,3.6179552,354.2895,0.0,0.0
2024-09-17 22:00:00+00:00,25.55,91.70755,31.08178,0.1,51.0,82.0,4.3349743,318.36655,1.0,0.0
2024-09-17 23:00:00+00:00,26.05,90.917435,31.6465,0.0,3.0,96.0,5.3999996,306.86996,1.0,83.489525
2024-09-18 00:00:00+00:00,26.75,85.684166,31.888176,0.1,51.0,76.0,7.2359104,5.7105074,1.0,164.92737
2024-09-18 01:00:00+00:00,28.4,76.18204,32.52397,0.2,51.0,46.0,12.682018,34.592358,1.0,482.36554
2024-09-18 02:00:00+00:00,29.05,73.80601,33.24488,0.2,51.0,17.0,13.324863,38.418083,1.0,620.4762
2024-09-18 03:00:00+00:00,30.0,65.58155,34.252087,0.0,1.0,28.0,14.512064,46.005,1.0,763.47296
2024-09-18 04:00:00+00:00,30.7,60.379574,34.419754,0.0,2.0,65.0,16.641972,51.146618,1.0,778.4684
2024-09-18 05:00:00+00:00,31.1,61.5804,35.1837,0.0,1.0,42.0,14.982228,54.782326,1.0,695.674
2024-09-18 06:00:00+00:00,31.45,60.000824,35.654083,0.0,1.0,30.0,14.33234,64.72231,1.0,682.6738
2024-09-18 07:00:00+00:00,31.25,61.427353,35.231064,0.0,1.0,25.0,12.849528,78.6901,1.0,555.47705
2024-09-18 08:00:00+00:00,30.1,70.31141,34.422653,0.0,0.0,6.0,12.57426,103.24053,1.0,364.6587
2024-09-18 09:00:00+00:00,28.85,78.09922,34.132767,0.0,1.0,39.0,8.39657,120.96369,1.0,172.27151
2024-09-18 10:00:00+00:00,27.3,83.45971,32.535984,0.1,51.0,66.0,6.989936,124.50858,1.0,0.23688996
2024-09-18 11:00:00+00:00,26.3,90.66221,32.342022,0.1,51.0,100.0,3.219938,206.56499,0.0,0.0
2024-09-18 12:00:00+00:00,26.2,91.47226,32.24868,0.0,3.0,100.0,3.396233,237.99466,0.0,0.0
2024-09-18 13:00:00+00:00,26.1,93.6771,32.252182,0.0,1.0,34.0,4.0249224,280.30478,0.0,0.0
2024-09-18 14:00:00+00:00,25.7,95.06825,31.762009,0.0,3.0,80.0,3.9763298,275.19434,0.0,0.0
2024-09-18 15:00:00+00:00,25.6,94.78111,31.617287,0.0,3.0,86.0,3.6179552,275.7105,0.0,0.0
2024-09-18 16:00:00+00:00,25.65,95.06646,31.724102,0.0,3.0,99.0,3.671294,281.3099,0.0,0.0
2024-09-18 17:00:00+00:00,25.85,94.22667,31.951134,0.0,3.0,100.0,3.7064266,299.0545,0.0,0.0
2024-09-18 18:00:00+00:00,25.65,92.81942,31.434944,0.0,3.0,100.0,3.8939953,303.6901,0.0,0.0
2024-09-18 19:00:00+00:00,25.25,94.48428,30.94149,0.3,51.0,100.0,4.1046314,307.87503,0.0,0.0
2024-09-18 20:00:00+00:00,25.35,95.62604,31.398022,0.4,51.0,100.0,2.968636,284.03625,0.0,0.0
2024-09-18 21:00:00+00:00,25.3,95.0539,31.252216,0.4,51.0,100.0,2.968636,284.03625,0.0,0.0
2024-09-18 22:00:00+00:00,25.3,95.33881,31.118427,0.2,51.0,100.0,4.1046314,307.87503,1.0,0.0
2024-09-18 23:00:00+00:00,25.7,94.78488,31.645344,0.3,51.0,100.0,4.5536795,288.43503,1.0,54.71646
2024-09-19 00:00:00+00:00,26.6,89.87388,32.90186,0.3,51.0,86.0,2.0991426,300.96368,1.0,190.8596
2024-09-19 01:00:00+00:00,28.55,83.5992,35.132698,0.0,2.0,77.0,3.319036,310.60123,1.0,469.76254
2024-09-19 02:00:00+00:00,29.35,77.93817,35.013382,0.0,1.0,22.0,7.7879906,303.6901,1.0,504.91037
2024-09-19 03:00:00+00:00,29.95,73.95513,36.041824,0.1,51.0,26.0,8.287822,325.6196,1.0,697.53265
2024-09-19 04:00:00+00:00,30.1,74.64435,36.547417,0.1,51.0,35.0,9.3876505,355.60138,1.0,730.8838
2024-09-19 05:00:00+00:00,30.5,74.93091,38.488518,0.1,51.0,27.0,1.835647,11.3098955,1.0,704.2432
2024-09-19 06:00:00+00:00,31.05,73.04523,38.75119,0.0,1.0,28.0,3.0758414,69.44387,1.0,656.9944
2024-09-19 07:00:00+00:00,31.0,72.60438,37.586494,0.0,2.0,59.0,3.2599385,173.6599,1.0,454.16324
2024-09-19 08:00:00+00:00,29.05,78.127846,35.686184,1.9,61.0,74.0,0.0,270.0,1.0,276.06256
2024-09-19 09:00:00+00:00,27.4,88.86871,33.81479,3.1,63.0,72.0,4.0249224,116.56499,1.0,132.0942
2024-09-19 10:00:00+00:00,27.4,87.03648,34.09553,0.3,51.0,48.0,0.5091169,315.0001,1.0,0.0
2024-09-19 11:00:00+00:00,26.8,93.70891,33.63755,0.0,1.0,35.0,2.52,90.0,0.0,0.0
2024-09-19 12:00:00+00:00,27.6,85.25758,34.2188,0.0,2.0,75.0,0.35999998,360.0,0.0,0.0
2024-09-19 13:00:00+00:00,27.4,90.19802,33.83319,0.0,2.0,76.0,5.0528407,175.91446,0.0,0.0
2024-09-19 14:00:00+00:00,26.9,92.06006,33.42158,0.9,53.0,89.0,3.7585104,196.69933,0.0,0.0
2024-09-19 15:00:00+00:00,27.2,90.1842,33.783974,0.1,51.0,86.0,3.096837,125.537766,0.0,0.0
2024-09-19 16:00:00+00:00,27.4,89.398384,34.05878,0.0,3.0,87.0,2.8116899,129.80553,0.0,0.0
2024-09-19 17:00:00+00:00,27.45,89.9343,34.352272,0.0,3.0,86.0,1.835647,348.6901,0.0,0.0
2024-09-19 18:00:00+00:00,26.25,95.08788,32.73401,0.0,3.0,99.0,3.563818,315.0001,0.0,0.0
2024-09-19 19:00:00+00:00,26.05,95.93318,32.53663,0.0,3.0,95.0,3.319036,282.5288,0.0,0.0
2024-09-19 20:00:00+00:00,25.65,98.52623,32.159424,0.0,3.0,98.0,3.396233,237.99466,0.0,0.0
2024-09-19 21:00:00+00:00,25.55,99.99999,32.340622,0.0,3.0,100.0,2.16,270.0,0.0,0.0
2024-09-19 22:00:00+00:00,25.15,99.99999,31.54076,0.0,3.0,100.0,3.0758414,290.55612,1.0,0.0
2024-09-19 23:00:00+00:00,25.9,98.821655,32.683315,0.0,3.0,93.0,2.9024127,299.74478,1.0,104.481476
2024-09-20 00:00:00+00:00,26.75,92.875854,33.70256,0.0,3.0,84.0,0.8049845,26.564985,1.0,262.01312
2024-09-20 01:00:00+00:00,28.9,81.433914,35.689022,0.0,3.0,99.0,1.4399999,180.0,1.0,461.78372
2024-09-20 02:00:00+00:00,30.05,76.20747,36.891167,0.1,51.0,92.0,1.4399999,180.0,1.0,608.5389
2024-09-20 03:00:00+00:00,30.9,71.30283,38.665485,0.1,51.0,49.0,1.2979984,123.690094,1.0,752.90326
2024-09-20 04:00:00+00:00,31.45,68.69275,38.99169,0.1,51.0,64.0,3.319036,102.5288,1.0,754.9781
2024-09-20 05:00:00+00:00,31.8,69.581276,39.321754,0.1,51.0,57.0,6.638072,102.5288,1.0,757.6613
2024-09-20 06:00:00+00:00,30.7,71.69352,36.502804,0.8,53.0,73.0,13.684735,144.63745,1.0,699.8188
2024-09-20 07:00:00+00:00,30.1,75.76339,36.095264,0.5,53.0,93.0,6.638072,130.60121,1.0,395.8143
2024-09-20 08:00:00+00:00,30.4,74.91498,36.293823,0.0,1.0,43.0,7.7879906,123.6901,1.0,346.06064
2024-09-20 09:00:00+00:00,29.6,79.848206,36.034184,0.0,2.0,53.0,5.4833565,113.19862,1.0,137.25984
2024-09-20 10:00:00+00:00,27.9,92.66087,35.494133,0.3,51.0,72.0,1.609969,333.43503,1.0,0.0
2024-09-20 11:00:00+00:00,27.25,94.00658,34.159687,0.1,51.0,96.0,4.379589,350.53775,0.0,0.0
2024-09-20 12:00:00+00:00,27.5,91.550674,34.341328,0.0,3.0,90.0,3.8939953,326.3099,0.0,0.0
2024-09-20 13:00:00+00:00,28.55,84.09707,35.38714,0.1,51.0,100.0,2.0364676,44.999897,0.0,0.0
2024-09-20 14:00:00+00:00,27.8,87.85148,34.46301,0.1,51.0,99.0,3.2399998,90.0,0.0,0.0
2024-09-20 15:00:00+00:00,28.15,86.076416,35.022366,0.0,3.0,99.0,1.8,53.13002,0.0,0.0
2024-09-20 16:00:00+00:00,26.2,93.124985,32.352024,0.5,53.0,99.0,4.0249224,79.69521,0.0,0.0
2024-09-20 17:00:00+00:00,26.6,93.69983,33.33405,0.3,51.0,99.0,2.3051248,321.34018,0.0,0.0
2024-09-20 18:00:00+00:00,26.3,96.79813,33.014927,0.1,51.0,99.0,3.6,323.13,0.0,0.0
2024-09-20 19:00:00+00:00,25.9,95.35913,32.2819,0.0,3.0,100.0,2.9024127,299.74478,0.0,0.0
2024-09-20 20:00:00+00:00,25.5,96.7793,31.671986,0.0,3.0,92.0,3.671294,281.3099,0.0,0.0
2024-09-20 21:00:00+00:00,25.25,97.64419,31.2285,0.0,3.0,100.0,4.5536795,288.43503,0.0,0.0
2024-09-20 22:00:00+00:00,25.3,99.40668,31.606712,0.0,3.0,100.0,3.8773184,291.80148,1.0,0.0
2024-09-20 23:00:00+00:00,26.35,96.22705,32.898006,0.0,3.0,99.0,4.510787,298.61035,1.0,116.0717
2024-09-21 00:00:00+00:00,27.55,91.0135,34.476105,0.0,3.0,99.0,3.0758414,290.55612,1.0,335.87753
2024-09-21 01:00:00+00:00,29.4,81.014275,35.916634,0.0,0.0,14.0,5.154415,335.22488,1.0,554.5197
2024-09-21 02:00:00+00:00,30.6,73.18647,37.266262,0.0,2.0,78.0,4.802999,12.99463,1.0,680.5508
2024-09-21 03:00:00+00:00,31.6,67.90699,38.76557,0.0,3.0,100.0,4.5820518,44.999897,1.0,761.21326
2024-09-21 04:00:00+00:00,32.6,63.599297,40.034523,0.0,0.0,13.0,6.130579,86.63361,1.0,836.5851
2024-09-21 05:00:00+00:00,33.05,60.90648,39.79454,0.0,1.0,27.0,7.9526596,95.19434,1.0,779.8519
2024-09-21 06:00:00+00:00,32.95,61.066784,39.104553,0.2,51.0,79.0,8.209263,105.25517,1.0,669.463
2024-09-21 07:00:00+00:00,31.5,71.19782,36.968956,0.1,51.0,93.0,11.609651,119.74479,1.0,429.30518
2024-09-21 08:00:00+00:00,30.3,75.345566,36.05239,2.8,63.0,97.0,8.759178,99.46225,1.0,298.73886
2024-09-21 09:00:00+00:00,29.2,82.19866,35.977894,0.5,53.0,99.0,3.6,126.86999,1.0,112.39552
2024-09-21 10:00:00+00:00,27.45,92.91143,34.462616,8.7,65.0,100.0,3.671294,11.3098955,1.0,0.0
2024-09-21 11:00:00+00:00,27.0,95.1145,34.09075,7.8,65.0,100.0,2.9024127,277.1249,0.0,0.0
2024-09-21 12:00:00+00:00,26.75,95.95381,33.775105,3.4,63.0,100.0,2.8799999,270.0,0.0,0.0
2024-09-21 13:00:00+00:00,25.8,97.65372,31.989452,2.6,63.0,100.0,5.5887027,284.93146,0.0,0.0
2024-09-21 14:00:00+00:00,25.85,94.79058,31.288113,4.3,63.0,100.0,8.699793,245.55606,0.0,0.0
2024-09-21 15:00:00+00:00,25.6,95.91978,31.53772,4.6,63.0,100.0,5.0528407,274.08554,0.0,0.0
2024-09-21 16:00:00+00:00,25.75,96.49744,31.748375,0.5,53.0,100.0,5.7599998,270.0,0.0,0.0
2024-09-21 17:00:00+00:00,25.85,95.07362,31.377495,0.1,51.0,100.0,8.311245,274.96964,0.0,0.0
2024-09-21 18:00:00+00:00,25.9,95.0754,31.755398,0.0,3.0,100.0,6.28713,293.6294,0.0,0.0
2024-09-21 19:00:00+00:00,25.7,94.78488,31.722454,0.1,51.0,100.0,4.0249224,349.69522,0.0,0.0
2024-09-21 20:00:00+00:00,25.8,94.22459,31.810673,1.8,61.0,100.0,4.1046314,37.875053,0.0,0.0
2024-09-21 21:00:00+00:00,25.35,89.78402,30.49287,7.6,65.0,100.0,4.68,360.0,0.0,0.0
2024-09-21 22:00:00+00:00,24.75,89.7405,29.287231,2.4,61.0,100.0,6.379216,343.61038,1.0,0.0
2024-09-21 23:00:00+00:00,24.9,90.29567,30.066841,0.3,51.0,100.0,3.0758414,339.44388,1.0,16.66877
2024-09-22 00:00:00+00:00,25.3,81.22804,28.612114,0.1,51.0,100.0,10.464798,3.9451082,1.0,93.09504
2024-09-22 01:00:00+00:00,25.75,80.79169,30.119576,0.3,51.0,100.0,4.5536795,18.435053,1.0,164.43256
2024-09-22 02:00:00+00:00,25.25,85.27595,30.014797,0.5,53.0,100.0,3.4152596,18.435053,1.0,126.519295
2024-09-22 03:00:00+00:00,25.5,83.255806,30.361252,1.1,55.0,100.0,2.16,90.0,1.0,197.60861
2024-09-22 04:00:00+00:00,25.5,82.499855,30.473267,1.6,61.0,100.0,0.8049845,243.43501,1.0,198.76733
2024-09-22 05:00:00+00:00,24.7,86.790794,28.940098,3.1,63.0,100.0,6.0347,17.354122,1.0,104.27349
2024-09-22 06:00:00+00:00,24.65,85.21473,28.940426,1.8,61.0,100.0,4.3349743,41.63345,1.0,134.01245
2024-09-22 07:00:00+00:00,24.7,85.21982,29.415764,1.9,61.0,100.0,1.609969,63.435013,1.0,85.427505
2024-09-22 08:00:00+00:00,24.55,88.9131,29.390503,2.4,61.0,100.0,2.9024127,187.12492,1.0,68.61598
2024-09-22 09:00:00+00:00,24.25,90.2506,28.990025,3.3,63.0,100.0,3.396233,212.00534,1.0,18.49294
2024-09-22 10:00:00+00:00,23.9,92.44733,28.712967,3.6,63.0,100.0,3.096837,215.53777,0.0,0.0
2024-09-22 11:00:00+00:00,24.1,91.899254,29.264748,4.8,63.0,100.0,1.08,180.0,0.0,0.0
2024-09-22 12:00:00+00:00,24.0,92.45274,28.990334,5.6,63.0,100.0,2.2768397,18.435053,0.0,0.0
2024-09-22 13:00:00+00:00,23.1,92.12172,26.711575,6.0,63.0,100.0,8.049845,206.56499,0.0,0.0
2024-09-22 14:00:00+00:00,23.0,92.11599,27.348354,5.1,63.0,100.0,2.6208394,195.94547,0.0,0.0
2024-09-22 15:00:00+00:00,23.1,91.56038,27.595665,2.4,61.0,100.0,1.609969,153.43501,0.0,0.0
2024-09-22 16:00:00+00:00,23.15,92.12457,27.773796,5.3,63.0,100.0,1.2979984,56.309914,0.0,0.0
2024-09-22 17:00:00+00:00,22.8,91.54214,27.099672,4.4,63.0,100.0,1.835647,78.6901,0.0,0.0
2024-09-22 18:00:00+00:00,22.3,90.6706,26.225746,4.7,63.0,100.0,2.0364676,135.0001,0.0,0.0
2024-09-22 19:00:00+00:00,22.1,90.099495,25.71603,3.0,63.0,100.0,3.096837,215.53777,0.0,0.0
2024-09-22 20:00:00+00:00,22.1,90.65714,25.913006,2.0,61.0,100.0,2.0991426,239.0363,0.0,0.0
2024-09-22 21:00:00+00:00,21.95,91.208244,25.711456,2.8,63.0,100.0,2.2768397,288.43503,0.0,0.0
2024-09-22 22:00:00+00:00,22.0,92.05868,25.773695,2.9,63.0,100.0,2.9024127,299.74478,1.0,0.0
2024-09-22 23:00:00+00:00,22.35,87.64914,25.728325,0.3,51.0,100.0,4.0249224,243.43501,1.0,24.207119
2024-09-23 00:00:00+00:00,22.3,87.644775,25.607798,2.0,61.0,100.0,4.3349743,311.63345,1.0,69.884674
2024-09-23 01:00:00+00:00,22.2,87.907555,25.832067,1.7,61.0,100.0,1.9386592,248.19853,1.0,96.13865
2024-09-23 02:00:00+00:00,22.35,87.64914,25.963112,2.3,61.0,100.0,2.4149535,333.43503,1.0,122.16338
2024-09-23 03:00:00+00:00,22.45,87.92897,25.966682,2.1,61.0,100.0,3.6,36.86999,1.0,190.27654
2024-09-23 04:00:00+00:00,22.45,88.473366,26.425625,2.0,61.0,100.0,0.8049845,333.43503,1.0,120.04646
2024-09-23 05:00:00+00:00,22.35,89.56356,25.95421,4.2,63.0,100.0,3.7064266,240.94548,1.0,74.0409
2024-09-23 06:00:00+00:00,22.35,90.11724,26.123358,5.1,63.0,100.0,2.9024127,262.8751,1.0,63.693966
2024-09-23 07:00:00+00:00,22.35,90.953384,26.292957,3.5,63.0,100.0,2.2768397,288.43503,1.0,30.228067
2024-09-23 08:00:00+00:00,22.6,88.75867,26.678984,2.5,63.0,100.0,0.8049845,333.43503,1.0,48.91408
2024-09-23 09:00:00+00:00,22.55,89.8546,26.562298,3.9,63.0,100.0,1.8,323.13,1.0,13.115229
2024-09-23 10:00:00+00:00,22.25,92.640755,26.161009,2.7,63.0,100.0,3.219938,296.56497,0.0,0.0
2024-09-23 11:00:00+00:00,22.2,92.353745,26.000126,0.9,53.0,100.0,3.6179552,264.2895,0.0,0.0
2024-09-23 12:00:00+00:00,22.25,93.785324,26.401049,0.9,53.0,100.0,2.3051248,321.34018,0.0,0.0
2024-09-23 13:00:00+00:00,22.4,93.792145,26.600286,1.3,61.0,100.0,2.52,270.0,0.0,0.0
2024-09-23 14:00:00+00:00,22.5,93.796684,26.839144,0.5,53.0,100.0,1.9386592,291.80148,0.0,0.0
2024-09-23 15:00:00+00:00,22.5,94.37256,26.953596,0.1,51.0,100.0,1.5273507,315.0001,0.0,0.0
2024-09-23 16:00:00+00:00,22.5,94.084236,26.914276,0.3,51.0,100.0,1.609969,296.56497,0.0,0.0
2024-09-23 17:00:00+00:00,22.4,92.081696,26.322954,5.1,63.0,100.0,3.319036,319.39877,0.0,0.0
2024-09-23 18:00:00+00:00,22.2,93.78302,26.14343,10.6,65.0,100.0,3.5455887,246.0375,0.0,0.0
2024-09-23 19:00:00+00:00,22.4,93.505135,26.751513,0.8,53.0,100.0,1.2979984,303.6901,0.0,0.0
2024-09-23 20:00:00+00:00,22.7,86.8721,26.692823,0.4,51.0,100.0,0.5091169,135.0001,0.0,0.0
2024-09-23 21:00:00+00:00,22.1,94.06688,26.181725,1.2,55.0,100.0,2.4149535,243.43501,0.0,0.0
2024-09-23 22:00:00+00:00,22.25,94.07338,26.457924,0.5,53.0,100.0,2.0991426,210.96368,1.0,0.0
2024-09-23 23:00:00+00:00,22.6,91.811165,26.789871,0.1,51.0,100.0,2.0364676,224.9999,1.0,29.958752
2024-09-24 00:00:00+00:00,22.85,89.876335,27.066679,0.5,53.0,100.0,1.484318,255.96373,1.0,71.244774
2024-09-24 01:00:00+00:00,23.95,88.59532,28.539402,0.3,51.0,100.0,2.0991426,239.0363,1.0,272.27734
2024-09-24 02:00:00+00:00,24.7,86.002174,29.382835,0.0,3.0,100.0,2.4149535,153.43501,1.0,310.88068
2024-09-24 03:00:00+00:00,25.7,83.78533,30.481339,0.0,3.0,100.0,3.8939953,146.3099,1.0,423.38922
2024-09-24 04:00:00+00:00,26.2,82.83304,30.94936,0.1,51.0,100.0,5.315336,151.69934,1.0,330.8268
2024-09-24 05:00:00+00:00,26.5,83.36952,31.55877,1.1,55.0,100.0,4.829907,116.56499,1.0,323.34387
2024-09-24 06:00:00+00:00,26.45,84.88493,31.21379,0.8,53.0,100.0,7.8954163,136.8476,1.0,260.264
2024-09-24 07:00:00+00:00,26.25,84.09966,30.54063,0.6,53.0,100.0,9.686609,138.01286,1.0,222.95032
2024-09-24 08:00:00+00:00,25.05,93.62903,30.02884,0.8,53.0,100.0,7.491114,125.21768,1.0,51.2566
2024-09-24 09:00:00+00:00,24.9,93.90408,30.20528,1.5,61.0,100.0,4.829907,116.56499,1.0,35.15198
2024-09-24 10:00:00+00:00,24.4,95.883835,29.869587,1.5,61.0,100.0,3.0758414,110.55613,0.0,0.0
2024-09-24 11:00:00+00:00,24.35,96.17142,29.819653,0.9,53.0,100.0,3.0758414,110.55613,0.0,0.0
2024-09-24 12:00:00+00:00,24.35,96.4613,29.888824,0.6,53.0,100.0,2.8116899,129.80553,0.0,0.0
2024-09-24 13:00:00+00:00,24.35,96.17142,29.407146,7.2,63.0,100.0,5.904439,127.568665,0.0,0.0
2024-09-24 14:00:00+00:00,24.25,96.1686,29.495037,5.3,63.0,100.0,4.198285,149.03632,0.0,0.0
2024-09-24 15:00:00+00:00,24.65,91.93124,30.14709,2.9,63.0,100.0,1.0182338,135.0001,0.0,0.0
2024-09-24 16:00:00+00:00,24.25,95.87926,29.740719,1.3,61.0,100.0,2.3051248,128.65984,0.0,0.0
2024-09-24 17:00:00+00:00,24.4,93.88195,29.769691,0.4,51.0,100.0,2.3051248,141.34016,0.0,0.0
2024-09-24 18:00:00+00:00,24.6,91.65091,29.996735,1.1,55.0,100.0,1.2979984,213.6901,0.0,0.0
2024-09-24 19:00:00+00:00,24.6,91.65091,30.037537,0.5,53.0,99.0,1.0182338,224.9999,0.0,0.0
2024-09-24 20:00:00+00:00,24.05,95.29606,29.273106,0.0,3.0,100.0,2.9024127,330.25522,0.0,0.0
2024-09-24 21:00:00+00:00,23.85,96.44826,28.971626,0.0,3.0,99.0,3.6,323.13,0.0,0.0
2024-09-24 22:00:00+00:00,23.55,96.440414,28.378223,0.0,3.0,100.0,4.39436,304.9921,1.0,0.0
2024-09-24 23:00:00+00:00,24.75,91.65988,29.838406,0.0,3.0,100.0,4.0249224,280.30478,1.0,90.39032
2024-09-25 00:00:00+00:00,25.35,90.59899,30.797249,0.0,3.0,100.0,3.219938,296.56497,1.0,221.71613
2024-09-25 01:00:00+00:00,25.8,91.174255,31.519115,0.3,51.0,100.0,3.693291,313.0251,1.0,248.01855
2024-09-25 02:00:00+00:00,27.15,85.72353,33.163128,0.1,51.0,100.0,2.968636,345.9637,1.0,548.71234
2024-09-25 03:00:00+00:00,27.85,83.02386,34.191948,0.1,51.0,28.0,2.5959969,56.309914,1.0,603.16046
2024-09-25 04:00:00+00:00,28.55,81.87686,35.875626,0.2,51.0,94.0,4.8633323,87.87895,1.0,745.24084
2024-09-25 05:00:00+00:00,27.7,80.07361,32.602127,5.5,63.0,100.0,7.989243,165.65063,1.0,448.84528
2024-09-25 06:00:00+00:00,26.65,89.342415,32.35968,1.7,61.0,100.0,5.937272,165.96373,1.0,168.43098
2024-09-25 07:00:00+00:00,26.75,87.76237,32.621002,1.4,61.0,100.0,3.9477081,114.22774,1.0,215.6464
2024-09-25 08:00:00+00:00,26.65,84.65082,31.803223,0.9,53.0,100.0,5.854844,135.0001,1.0,147.77437
2024-09-25 09:00:00+00:00,25.95,89.022026,31.368015,0.5,53.0,100.0,4.6834598,92.20255,1.0,43.286694
2024-09-25 10:00:00+00:00,25.15,92.51503,30.691917,1.8,61.0,100.0,3.2048087,141.84273,0.0,0.0
2024-09-25 11:00:00+00:00,25.1,95.04668,31.04158,3.0,63.0,100.0,2.1749482,155.55606,0.0,0.0
2024-09-25 12:00:00+00:00,24.9,92.501564,30.28318,3.4,63.0,100.0,3.244996,160.55988,0.0,0.0
2024-09-25 13:00:00+00:00,24.75,94.46421,30.414043,6.8,63.0,100.0,2.16,360.0,0.0,0.0
2024-09-25 14:00:00+00:00,24.75,94.74875,30.512207,0.1,51.0,98.0,1.6981165,32.005356,0.0,0.0
2024-09-25 15:00:00+00:00,24.6,95.028595,30.141014,0.2,51.0,100.0,2.7943513,14.931467,0.0,0.0
2024-09-25 16:00:00+00:00,24.25,96.1686,29.648853,0.2,51.0,100.0,3.143565,13.240531,0.0,0.0
2024-09-25 17:00:00+00:00,24.25,95.30292,29.663147,0.1,51.0,100.0,2.4216523,318.01288,0.0,0.0
2024-09-25 18:00:00+00:00,24.3,94.1614,29.633717,0.0,3.0,100.0,2.3469129,302.47116,0.0,0.0
2024-09-25 19:00:00+00:00,24.15,94.440025,29.35635,0.0,3.0,100.0,2.8116899,309.8055,0.0,0.0
2024-09-25 20:00:00+00:00,24.0,95.00674,29.09853,0.0,3.0,100.0,3.3481934,306.25394,0.0,0.0
2024-09-25 21:00:00+00:00,23.85,95.577774,28.923279,0.0,3.0,92.0,3.319036,310.60123,0.0,0.0
2024-09-25 22:00:00+00:00,23.6,95.56966,28.452232,0.0,3.0,100.0,3.8268526,318.81415,1.0,0.0
2024-09-25 23:00:00+00:00,24.7,93.33119,30.13604,0.0,3.0,100.0,2.6758924,312.27362,1.0,79.55827
2024-09-26 00:00:00+00:00,25.4,90.87533,31.081135,0.0,3.0,89.0,2.0364676,315.0001,1.0,180.40027
2024-09-26 01:00:00+00:00,26.8,87.2432,32.965645,0.1,51.0,53.0,1.7076298,341.56494,1.0,417.3534
2024-09-26 02:00:00+00:00,27.4,85.237404,33.74208,0.1,51.0,46.0,1.3708391,66.801384,1.0,534.5679
2024-09-26 03:00:00+00:00,27.7,85.2677,34.0132,0.2,51.0,99.0,2.9024127,97.12492,1.0,561.31305
2024-09-26 04:00:00+00:00,28.2,81.10422,34.32009,0.3,51.0,76.0,6.151683,110.55613,1.0,637.2296
2024-09-26 05:00:00+00:00,27.4,82.47596,32.2521,0.3,51.0,100.0,9.391102,102.17145,1.0,540.2052
2024-09-26 06:00:00+00:00,26.4,83.61012,31.18666,2.0,61.0,100.0,6.489992,86.82024,1.0,230.07285
2024-09-26 07:00:00+00:00,26.6,84.90048,31.84182,0.7,53.0,100.0,5.2478566,95.906044,1.0,218.10815
2024-09-26 08:00:00+00:00,26.0,87.43475,31.064114,0.4,51.0,100.0,6.050785,112.751015,1.0,146.66179
2024-09-26 09:00:00+00:00,25.5,90.06556,30.795216,0.7,53.0,100.0,4.471107,139.89915,1.0,57.056892
2024-09-26 10:00:00+00:00,25.15,93.91512,30.99955,0.3,51.0,100.0,2.16,180.0,0.0,0.0
2024-09-26 11:00:00+00:00,24.85,93.90185,30.381882,0.4,51.0,100.0,3.0652895,183.3664,0.0,0.0
2024-09-26 12:00:00+00:00,24.9,93.622086,30.488598,0.4,51.0,100.0,2.6758924,222.27362,0.0,0.0
2024-09-26 13:00:00+00:00,25.4,87.11824,30.598213,0.2,51.0,86.0,2.4482648,233.97253,0.0,0.0
2024-09-26 14:00:00+00:00,24.95,91.12054,30.238945,0.2,51.0,100.0,3.06,241.92761,0.0,0.0
2024-09-26 15:00:00+00:00,24.5,91.92252,29.61958,1.2,55.0,93.0,2.995797,237.26477,0.0,0.0
2024-09-26 16:00:00+00:00,24.45,93.60127,29.72847,0.2,51.0,98.0,2.9301877,222.5104,0.0,0.0
2024-09-26 17:00:00+00:00,24.3,91.63296,29.12247,0.0,3.0,100.0,4.0249224,259.69522,0.0,0.0
2024-09-26 18:00:00+00:00,24.05,93.86637,29.072495,0.1,51.0,100.0,3.2599385,263.6599,0.0,0.0
2024-09-26 19:00:00+00:00,24.2,93.58965,29.332779,0.1,51.0,100.0,2.907989,248.19853,0.0,0.0
2024-09-26 20:00:00+00:00,24.05,92.455505,28.928883,0.2,51.0,97.0,3.2399998,270.0,0.0,0.0
2024-09-26 21:00:00+00:00,24.25,91.35261,29.225285,0.0,2.0,58.0,2.5772078,192.09474,0.0,0.0
2024-09-26 22:00:00+00:00,24.7,86.790794,29.444317,0.0,2.0,78.0,2.5772078,192.09474,1.0,0.0
2024-09-26 23:00:00+00:00,24.7,88.38704,29.559566,0.0,1.0,40.0,2.968636,284.03625,1.0,83.85521
2024-09-27 00:00:00+00:00,25.4,88.71141,30.892555,0.0,1.0,41.0,1.659518,167.4712,1.0,250.7328
2024-09-27 01:00:00+00:00,26.05,85.61492,31.420048,0.0,2.0,57.0,2.6999998,306.86996,1.0,372.25568
2024-09-27 02:00:00+00:00,26.7,81.89725,32.142735,0.0,2.0,63.0,1.781909,315.0001,1.0,440.77902
2024-09-27 03:00:00+00:00,27.65,77.69181,33.228138,0.0,2.0,53.0,1.0495713,300.96368,1.0,516.3372
2024-09-27 04:00:00+00:00,28.5,75.059784,34.75989,0.1,51.0,30.0,2.3051248,218.65984,1.0,662.3269
2024-09-27 05:00:00+00:00,28.8,72.00596,34.484123,0.0,3.0,80.0,3.244996,146.3099,1.0,612.05133
2024-09-27 06:00:00+00:00,26.8,80.19616,31.049168,5.2,63.0,97.0,8.942214,49.899166,1.0,438.41428
2024-09-27 07:00:00+00:00,25.5,87.920135,30.720318,4.4,63.0,99.0,3.319036,282.5288,1.0,215.25026
2024-09-27 08:00:00+00:00,25.95,85.604965,31.415997,0.0,3.0,99.0,1.6299692,263.6599,1.0,169.80957
2024-09-27 09:00:00+00:00,25.85,86.113464,31.02819,0.1,51.0,95.0,3.604497,267.13766,1.0,89.67936
2024-09-27 10:00:00+00:00,25.6,84.79637,30.723778,0.1,51.0,83.0,1.9469976,303.6901,0.0,0.0
2024-09-27 11:00:00+00:00,25.8,83.290054,30.814968,0.3,51.0,69.0,2.2910259,315.0001,0.0,0.0
2024-09-27 12:00:00+00:00,25.95,82.3033,30.93364,0.0,2.0,58.0,2.3051248,321.34018,0.0,0.0
2024-09-27 13:00:00+00:00,24.9,88.13594,29.762367,0.1,51.0,95.0,3.5455887,23.962492,0.0,0.0
2024-09-27 14:00:00+00:00,24.3,89.70768,28.88253,0.0,3.0,100.0,4.278551,345.3791,0.0,0.0
2024-09-27 15:00:00+00:00,24.65,86.78616,29.216759,0.0,3.0,91.0,3.6,323.13,0.0,0.0
2024-09-27 16:00:00+00:00,24.55,85.72585,28.868412,0.0,1.0,24.0,4.143911,325.6196,0.0,0.0
2024-09-27 17:00:00+00:00,24.15,86.47541,28.282269,0.0,0.0,14.0,4.471107,319.89914,0.0,0.0
2024-09-27 18:00:00+00:00,23.4,89.094734,27.35906,0.0,0.0,16.0,4.724786,310.36444,0.0,0.0
2024-09-27 19:00:00+00:00,23.1,90.170204,26.984865,0.0,1.0,21.0,4.863332,308.991,0.0,0.0
2024-09-27 20:00:00+00:00,23.1,91.002075,27.10645,0.0,2.0,65.0,4.5891175,311.82007,0.0,0.0
2024-09-27 21:00:00+00:00,23.5,91.58466,27.671524,0.0,3.0,91.0,5.3517847,312.27362,0.0,0.0
2024-09-27 22:00:00+00:00,23.6,91.87006,27.748114,0.0,3.0,96.0,6.090812,304.15976,1.0,0.0
2024-09-27 23:00:00+00:00,24.1,90.51486,28.215004,0.0,3.0,92.0,7.289445,302.90524,1.0,47.945858
2024-09-28 00:00:00+00:00,25.05,83.204285,29.156666,0.0,3.0,80.0,5.5916004,303.17853,1.0,149.5528
2024-09-28 01:00:00+00:00,27.0,74.36356,30.923737,0.0,1.0,31.0,7.0199995,22.61991,1.0,506.9409
2024-09-28 02:00:00+00:00,27.85,70.53744,31.106796,0.1,51.0,49.0,12.906138,50.09217,1.0,643.76416
2024-09-28 03:00:00+00:00,28.15,70.37806,31.74429,0.2,51.0,41.0,11.7,59.48984,1.0,619.7819
2024-09-28 04:00:00+00:00,28.7,68.16364,32.722282,0.2,51.0,47.0,12.472065,69.73422,1.0,696.4901
2024-09-28 05:00:00+00:00,28.95,67.38785,32.993343,0.2,51.0,32.0,13.036026,72.31551,1.0,686.77576
2024-09-28 06:00:00+00:00,28.85,68.19281,32.421146,0.1,51.0,50.0,15.426535,78.55899,1.0,633.4682
2024-09-28 07:00:00+00:00,28.05,72.53123,31.136333,0.1,51.0,16.0,15.095336,81.77337,1.0,470.81525
2024-09-28 08:00:00+00:00,27.45,72.206345,30.327084,0.1,51.0,27.0,14.000713,81.86999,1.0,306.63812
2024-09-28 09:00:00+00:00,26.45,78.46456,30.201138,0.0,0.0,16.0,9.56713,78.05585,1.0,118.605286
2024-09-28 10:00:00+00:00,24.75,84.449104,28.912373,0.0,0.0,16.0,5.020677,75.46551,0.0,0.0
2024-09-28 11:00:00+00:00,24.45,82.12212,28.086658,0.0,0.0,6.0,5.815978,21.801476,0.0,0.0
2024-09-28 12:00:00+00:00,25.4,72.73777,28.732395,0.0,0.0,0.0,4.143911,34.3804,0.0,0.0
2024-09-28 13:00:00+00:00,23.4,87.20381,26.845303,0.0,0.0,0.0,6.9527545,21.25058,0.0,0.0
2024-09-28 14:00:00+00:00,23.1,85.84517,26.431124,0.0,0.0,10.0,5.7515564,339.8636,0.0,0.0
2024-09-28 15:00:00+00:00,22.85,86.6185,26.281366,0.0,0.0,8.0,4.7110505,313.4519,0.0,0.0
2024-09-28 16:00:00+00:00,22.8,86.346954,26.139034,0.0,0.0,10.0,4.991553,295.64096,0.0,0.0
2024-09-28 17:00:00+00:00,22.5,87.66225,25.81039,0.0,0.0,15.0,5.0142193,291.03757,0.0,0.0
2024-09-28 18:00:00+00:00,22.55,85.26113,25.426302,0.0,0.0,8.0,6.601363,295.8663,0.0,0.0
2024-09-28 19:00:00+00:00,22.35,84.450645,25.0053,0.0,0.0,8.0,6.9270773,294.56717,0.0,0.0
2024-09-28 20:00:00+00:00,22.0,86.27001,24.83572,0.0,1.0,28.0,5.6920996,288.43503,0.0,0.0
2024-09-28 21:00:00+00:00,22.45,84.19974,25.071156,0.0,2.0,63.0,7.329338,294.67685,0.0,0.0
2024-09-28 22:00:00+00:00,22.75,82.93721,25.323517,0.0,2.0,62.0,7.823272,293.0255,1.0,0.0
2024-09-28 23:00:00+00:00,23.45,83.27568,26.344824,0.0,3.0,100.0,8.209263,285.25516,1.0,77.21569
2024-09-29 00:00:00+00:00,24.45,83.645805,27.950268,0.0,3.0,100.0,7.8625183,285.94547,1.0,115.86227
2024-09-29 01:00:00+00:00,25.9,76.02519,29.304874,0.0,2.0,62.0,7.9465466,346.90808,1.0,192.63208
2024-09-29 02:00:00+00:00,27.65,71.80276,30.827888,0.0,3.0,90.0,12.320471,25.06744,1.0,443.0362
2024-09-29 03:00:00+00:00,27.95,71.85595,30.542637,0.0,3.0,84.0,17.49615,36.634212,1.0,552.866
2024-09-29 04:00:00+00:00,28.3,71.05031,31.044323,0.0,2.0,78.0,17.95043,43.781216,1.0,580.48535
2024-09-29 05:00:00+00:00,28.3,72.79467,31.570847,0.0,2.0,54.0,15.027575,46.941475,1.0,507.6398
2024-09-29 06:00:00+00:00,28.65,72.197495,32.418175,0.2,51.0,88.0,14.879153,55.348618,1.0,576.1892
2024-09-29 07:00:00+00:00,28.2,75.92208,32.32367,0.0,3.0,83.0,11.638917,58.276447,1.0,320.9576
2024-09-29 08:00:00+00:00,28.1,76.365585,32.42861,0.2,51.0,57.0,10.234705,66.139824,1.0,248.02126
2024-09-29 09:00:00+00:00,27.45,80.523605,32.542587,0.1,51.0,30.0,6.050785,59.620956,1.0,102.607735
2024-09-29 10:00:00+00:00,25.65,87.66808,30.6036,0.0,0.0,19.0,5.5596404,29.054508,0.0,0.0
2024-09-29 11:00:00+00:00,25.0,88.679565,29.709156,0.0,0.0,16.0,5.3999996,360.0,0.0,0.0
2024-09-29 12:00:00+00:00,24.65,90.00543,29.274113,0.0,1.0,48.0,5.5829024,1.8475709,0.0,0.0
2024-09-29 13:00:00+00:00,25.25,87.36876,30.059288,0.1,51.0,27.0,4.7110505,6.581848,0.0,0.0
2024-09-29 14:00:00+00:00,25.2,88.42784,30.102718,0.0,2.0,74.0,4.68,360.0,0.0,0.0
2024-09-29 15:00:00+00:00,25.25,87.63348,29.992737,0.0,2.0,50.0,5.3699164,346.42953,0.0,0.0
2024-09-29 16:00:00+00:00,25.1,87.62048,29.692375,0.0,1.0,41.0,5.7964473,334.2307,0.0,0.0
2024-09-29 17:00:00+00:00,24.8,88.663574,29.345737,0.0,2.0,50.0,5.7176566,331.8215,0.0,0.0
2024-09-29 18:00:00+00:00,24.6,89.72955,29.289299,0.1,51.0,94.0,4.73506,351.2539,0.0,0.0
2024-09-29 19:00:00+00:00,24.8,89.47294,29.63528,0.1,51.0,82.0,4.3349743,355.23645,0.0,0.0
2024-09-29 20:00:00+00:00,24.6,89.72955,29.345467,0.1,51.0,66.0,4.3498964,335.55606,0.0,0.0
2024-09-29 21:00:00+00:00,24.55,89.72595,29.207233,0.1,51.0,94.0,4.755544,330.5242,0.0,0.0
2024-09-29 22:00:00+00:00,24.65,89.73324,29.41066,0.2,51.0,78.0,4.445672,338.6293,1.0,0.0
2024-09-29 23:00:00+00:00,25.4,87.911674,30.011425,0.1,51.0,71.0,7.0843205,332.78397,1.0,81.62451
2024-09-30 00:00:00+00:00,26.25,85.12032,30.266045,0.2,51.0,57.0,12.397806,25.820946,1.0,225.45688
2024-09-30 01:00:00+00:00,27.3,80.99029,31.61258,0.1,51.0,21.0,11.190442,25.740664,1.0,414.41608
2024-09-30 02:00:00+00:00,28.6,74.85018,32.554634,0.0,0.0,16.0,14.957339,39.628963,1.0,646.0628
2024-09-30 03:00:00+00:00,29.25,70.57989,33.375687,0.1,51.0,18.0,15.602999,39.382397,1.0,713.78235
2024-09-30 04:00:00+00:00,29.7,67.94559,33.49679,0.1,51.0,29.0,18.138071,40.16952,1.0,725.49335
2024-09-30 05:00:00+00:00,29.95,66.77316,33.4538,0.1,51.0,31.0,18.844202,43.451904,1.0,670.8242
2024-09-30 06:00:00+00:00,29.85,66.753136,32.840103,0.0,1.0,38.0,19.26084,52.594578,1.0,571.23474
2024-09-30 07:00:00+00:00,28.8,72.22372,32.042324,0.1,51.0,32.0,16.641972,51.146618,1.0,374.546
2024-09-30 08:00:00+00:00,27.75,77.706406,31.407253,0.1,51.0,76.0,14.634343,58.069355,1.0,220.17493
2024-09-30 09:00:00+00:00,26.65,82.38696,30.380505,1.1,55.0,100.0,13.729647,55.684853,1.0,69.47189
2024-09-30 10:00:00+00:00,25.8,85.849014,30.118954,0.3,51.0,58.0,9.085988,33.6901,0.0,0.0
2024-09-30 11:00:00+00:00,25.45,87.386406,29.842113,0.1,51.0,64.0,8.383054,14.931467,0.0,0.0
2024-09-30 12:00:00+00:00,25.45,87.386406,30.009407,0.1,51.0,91.0,7.2359104,5.7105074,0.0,0.0
2024-09-30 13:00:00+00:00,25.7,86.88258,29.746983,0.0,2.0,65.0,11.362834,356.36713,0.0,0.0
2024-09-30 14:00:00+00:00,25.7,86.099014,29.764652,0.1,51.0,97.0,10.6261,1.9414451,0.0,0.0
2024-09-30 15:00:00+00:00,25.65,86.094185,29.499508,0.6,53.0,100.0,11.897714,17.61267,0.0,0.0
2024-09-30 16:00:00+00:00,25.55,86.345314,29.982723,0.2,51.0,100.0,7.69592,10.784258,0.0,0.0
2024-09-30 17:00:00+00:00,25.4,86.59277,29.837944,0.1,51.0,100.0,7.256032,7.12493,0.0,0.0
2024-09-30 18:00:00+00:00,25.3,87.109245,29.562222,0.1,51.0,98.0,8.461914,358.78116,0.0,0.0
2024-09-30 19:00:00+00:00,24.7,91.934105,29.427166,0.7,53.0,100.0,6.5024605,355.23645,0.0,0.0
2024-09-30 20:00:00+00:00,24.6,91.92833,29.190704,0.4,51.0,99.0,7.029225,346.67545,0.0,0.0
2024-09-30 21:00:00+00:00,24.55,91.92544,29.178059,0.6,53.0,100.0,6.5693827,350.53775,0.0,0.0
2024-09-30 22:00:00+00:00,24.45,92.198044,29.060078,0.5,53.0,94.0,6.489992,340.55988,1.0,0.0
2024-09-30 23:00:00+00:00,25.0,88.94825,29.057594,0.2,51.0,97.0,10.070353,335.72556,1.0,54.79415
2024-10-01 00:00:00+00:00,25.45,88.44816,29.634857,0.2,51.0,86.0,10.6261,1.9414451,1.0,117.4171
2024-10-01 01:00:00+00:00,26.7,85.166306,30.672325,0.2,51.0,81.0,14.588885,9.229816,1.0,254.30957
2024-10-01 02:00:00+00:00,27.95,80.58839,32.73587,0.2,51.0,93.0,10.285232,4.0141068,1.0,452.94104
2024-10-01 03:00:00+00:00,28.85,77.17038,33.17897,0.2,51.0,97.0,14.059602,18.667006,1.0,458.765
2024-10-01 04:00:00+00:00,28.75,75.325775,32.197556,0.1,51.0,61.0,17.951334,26.82191,1.0,508.77277
2024-10-01 05:00:00+00:00,28.6,74.17687,31.758598,0.8,53.0,100.0,18.252037,53.01701,1.0,462.63635
2024-10-01 06:00:00+00:00,27.3,84.972755,31.925259,1.1,55.0,98.0,12.483748,47.337337,1.0,208.97377
2024-10-01 07:00:00+00:00,27.7,81.7733,32.216534,0.4,51.0,93.0,12.13499,32.275623,1.0,319.47665
2024-10-01 08:00:00+00:00,26.8,83.9067,30.987408,0.4,51.0,94.0,12.475961,46.169064,1.0,264.6003
2024-10-01 09:00:00+00:00,25.75,88.20651,30.96643,0.5,53.0,99.0,4.5891175,25.559923,1.0,71.31004
2024-10-01 10:00:00+00:00,24.75,94.74875,30.059414,2.0,61.0,100.0,4.802999,12.99463,0.0,0.0
2024-10-01 11:00:00+00:00,24.5,94.45413,29.316689,0.6,53.0,100.0,6.924738,8.97255,0.0,0.0
2024-10-01 12:00:00+00:00,24.25,95.01585,29.251133,0.4,51.0,100.0,5.04,360.0,0.0,0.0
2024-10-01 13:00:00+00:00,24.75,83.16976,28.692272,0.1,51.0,100.0,5.5799994,360.0,0.0,0.0
2024-10-01 14:00:00+00:00,24.15,80.33556,27.468596,0.2,51.0,100.0,5.6521144,350.8377,0.0,0.0
2024-10-01 15:00:00+00:00,23.75,78.317986,26.524395,0.0,3.0,100.0,6.6087217,330.64233,0.0,0.0
2024-10-01 16:00:00+00:00,23.35,78.26005,26.0521,0.1,51.0,100.0,5.7628117,321.34018,0.0,0.0
2024-10-01 17:00:00+00:00,23.2,76.31008,25.716904,0.0,3.0,100.0,5.2323985,319.18503,0.0,0.0
2024-10-01 18:00:00+00:00,23.25,73.735535,25.135746,0.0,3.0,100.0,7.968939,341.56494,0.0,0.0
2024-10-01 19:00:00+00:00,22.8,72.5078,24.614851,0.0,3.0,100.0,6.302571,358.36346,0.0,0.0
2024-10-01 20:00:00+00:00,22.35,76.65709,24.672203,0.1,51.0,100.0,4.2021427,313.26434,0.0,0.0
2024-10-01 21:00:00+00:00,22.25,74.26475,24.166954,0.4,51.0,100.0,5.154415,335.22488,0.0,0.0
2024-10-01 22:00:00+00:00,21.6,84.63305,24.387392,0.6,53.0,100.0,3.710795,345.9637,1.0,0.0
2024-10-01 23:00:00+00:00,20.85,83.75924,22.923243,2.0,61.0,100.0,5.7628117,345.52966,1.0,21.680006
2024-10-02 00:00:00+00:00,21.15,78.9292,22.714174,0.1,51.0,100.0,7.2805495,351.4693,1.0,77.05846
2024-10-02 01:00:00+00:00,21.85,77.30711,23.153065,0.0,3.0,100.0,10.120098,5.102074,1.0,169.599
2024-10-02 02:00:00+00:00,21.3,78.20634,22.387777,0.1,51.0,100.0,10.546525,332.56036,1.0,114.61042
2024-10-02 03:00:00+00:00,22.05,76.12941,23.67089,0.4,51.0,100.0,7.7879906,326.3099,1.0,282.14368
2024-10-02 04:00:00+00:00,22.5,71.09221,23.77888,0.0,3.0,100.0,8.197414,351.15826,1.0,259.88623
2024-10-02 05:00:00+00:00,22.55,68.44471,23.627884,0.0,3.0,100.0,7.9932976,352.23492,1.0,174.89497
2024-10-02 06:00:00+00:00,22.6,67.37387,23.416206,0.0,3.0,100.0,9.224011,354.40076,1.0,155.71788
2024-10-02 07:00:00+00:00,22.2,68.1576,22.625843,0.0,3.0,100.0,11.345713,358.18173,1.0,90.81424
2024-10-02 08:00:00+00:00,21.8,68.29592,22.247446,0.0,3.0,100.0,10.239453,349.8754,1.0,61.603806
2024-10-02 09:00:00+00:00,21.45,66.92404,21.938345,0.0,3.0,100.0,8.227004,349.91946,1.0,27.406311
2024-10-02 10:00:00+00:00,21.25,64.75924,21.39878,0.0,3.0,100.0,8.759178,350.53775,0.0,0.0
2024-10-02 11:00:00+00:00,20.7,69.40522,21.5161,0.6,53.0,100.0,5.5916004,356.3087,0.0,0.0
2024-10-02 12:00:00+00:00,19.75,82.056725,21.336935,1.0,55.0,100.0,4.942631,349.50858,0.0,0.0
2024-10-02 13:00:00+00:00,20.45,68.68833,20.612877,0.0,3.0,100.0,9.044888,5.7105074,0.0,0.0
2024-10-02 14:00:00+00:00,20.1,67.07902,19.666842,0.0,3.0,100.0,11.391313,354.55975,0.0,0.0
2024-10-02 15:00:00+00:00,19.8,67.67424,19.815334,0.0,3.0,100.0,7.9526596,354.80566,0.0,0.0
2024-10-02 16:00:00+00:00,19.55,67.1841,19.556953,0.1,51.0,100.0,7.172949,342.47433,0.0,0.0
2024-10-02 17:00:00+00:00,19.65,65.26001,19.313099,0.0,3.0,100.0,8.709098,341.93942,0.0,0.0
2024-10-02 18:00:00+00:00,19.35,66.92398,19.39406,0.0,3.0,100.0,6.330782,345.17346,0.0,0.0
2024-10-02 19:00:00+00:00,19.5,65.4415,19.415525,0.0,3.0,100.0,6.7469993,350.78906,0.0,0.0
2024-10-02 20:00:00+00:00,19.5,64.8021,19.209465,0.0,3.0,100.0,7.814986,352.0566,0.0,0.0
2024-10-02 21:00:00+00:00,18.85,67.923386,18.990013,0.0,3.0,100.0,5.09435,327.99466,0.0,0.0
2024-10-02 22:00:00+00:00,18.95,70.197426,19.445736,0.5,53.0,100.0,4.060985,347.19574,1.0,0.0
2024-10-02 23:00:00+00:00,18.8,73.43699,19.145369,0.8,53.0,100.0,6.424764,348.6901,1.0,27.795652
2024-10-03 00:00:00+00:00,19.45,70.29307,19.920485,0.3,51.0,100.0,5.441838,325.78424,1.0,115.06389
2024-10-03 01:00:00+00:00,21.7,61.18973,21.087294,0.0,3.0,100.0,12.860871,353.57135,1.0,367.20804
2024-10-03 02:00:00+00:00,22.3,58.041294,21.579126,0.0,3.0,98.0,12.991212,356.02756,1.0,493.41864
2024-10-03 03:00:00+00:00,23.25,55.870792,22.781208,0.0,3.0,100.0,11.989945,7.7650824,1.0,509.9265
2024-10-03 04:00:00+00:00,23.5,56.296017,23.076183,0.0,3.0,100.0,12.549757,8.246243,1.0,428.03906
2024-10-03 05:00:00+00:00,22.85,59.50537,23.061617,0.0,3.0,100.0,8.827344,2.3372545,1.0,224.38208
2024-10-03 06:00:00+00:00,22.55,61.385025,23.066929,0.0,3.0,100.0,7.247096,345.61856,1.0,162.16136
2024-10-03 07:00:00+00:00,22.15,64.53686,22.843815,0.0,3.0,100.0,7.0774574,7.3056703,1.0,102.17751
2024-10-03 08:00:00+00:00,21.75,65.49627,22.552206,0.0,3.0,100.0,5.9427266,1.7356651,1.0,75.03556
2024-10-03 09:00:00+00:00,21.3,68.19623,22.355206,0.0,3.0,100.0,4.73506,351.2539,1.0,39.20445
2024-10-03 10:00:00+00:00,20.9,67.02667,21.706676,0.0,3.0,100.0,4.755544,330.5242,0.0,0.0
2024-10-03 11:00:00+00:00,20.9,65.952545,21.262648,0.0,3.0,99.0,7.1684303,331.50446,0.0,0.0
2024-10-03 12:00:00+00:00,20.45,69.356575,21.05295,0.0,3.0,92.0,6.4096174,321.8427,0.0,0.0
2024-10-03 13:00:00+00:00,19.85,75.77826,20.540977,0.0,3.0,100.0,7.9036193,329.9315,0.0,0.0
2024-10-03 14:00:00+00:00,19.95,74.82876,20.592144,0.0,3.0,100.0,7.970972,334.59232,0.0,0.0
2024-10-03 15:00:00+00:00,20.05,73.182495,20.74823,0.1,51.0,100.0,6.9247384,332.1028,0.0,0.0
2024-10-03 16:00:00+00:00,19.8,73.61101,20.721193,0.1,51.0,100.0,5.004518,322.3057,0.0,0.0
2024-10-03 17:00:00+00:00,19.75,72.425995,20.617285,0.4,51.0,100.0,4.599695,329.42084,0.0,0.0
2024-10-03 18:00:00+00:00,19.45,76.44708,20.02613,0.5,53.0,100.0,8.027678,312.27362,0.0,0.0
2024-10-03 19:00:00+00:00,19.25,78.40431,19.914059,0.1,51.0,100.0,7.9567327,307.64767,0.0,0.0
2024-10-03 20:00:00+00:00,19.2,76.90074,19.56517,0.0,3.0,100.0,9.080639,309.3693,0.0,0.0
2024-10-03 21:00:00+00:00,19.15,76.39971,19.69564,0.0,3.0,100.0,7.4520864,322.85324,0.0,0.0
2024-10-03 22:00:00+00:00,19.2,76.65384,19.812191,0.0,3.0,100.0,7.256032,313.995,1.0,0.0
2024-10-03 23:00:00+00:00,19.5,74.994675,20.105787,0.0,3.0,100.0,7.1684303,331.50446,1.0,24.004171
2024-10-04 00:00:00+00:00,19.95,74.35002,20.44495,0.0,3.0,100.0,8.714677,321.70978,1.0,83.77853
2024-10-04 01:00:00+00:00,21.05,71.27775,21.467136,0.0,3.0,100.0,10.315115,330.75128,1.0,246.44405
2024-10-04 02:00:00+00:00,21.85,67.43699,22.046381,0.0,3.0,96.0,11.555102,341.8472,1.0,344.99115
2024-10-04 03:00:00+00:00,23.35,62.76089,23.692148,0.0,3.0,80.0,11.362834,356.36713,1.0,546.47614
2024-10-04 04:00:00+00:00,24.3,59.845867,24.582132,0.0,3.0,100.0,12.181625,18.970512,1.0,527.66315
2024-10-04 05:00:00+00:00,23.1,67.04796,24.052664,0.9,53.0,100.0,9.418662,44.999897,1.0,298.11594
2024-10-04 06:00:00+00:00,21.45,82.00855,24.006979,3.9,63.0,100.0,3.219938,63.435013,1.0,111.777435
2024-10-04 07:00:00+00:00,21.3,84.865906,24.221373,2.6,63.0,100.0,1.9881649,185.19434,1.0,82.718254
2024-10-04 08:00:00+00:00,20.95,89.7374,24.173172,2.2,61.0,100.0,1.7076298,161.56496,1.0,41.414032
2024-10-04 09:00:00+00:00,20.7,90.84488,23.5685,2.2,61.0,100.0,3.9763298,174.80566,1.0,24.480783
2024-10-04 10:00:00+00:00,20.5,92.54623,23.532228,2.0,61.0,100.0,3.1845248,227.29063,0.0,0.0
2024-10-04 11:00:00+00:00,20.6,93.41895,23.918678,2.8,63.0,100.0,2.0523157,232.12495,0.0,0.0
2024-10-04 12:00:00+00:00,20.5,93.99669,23.694782,3.5,63.0,100.0,2.9024127,240.2552,0.0,0.0
2024-10-04 13:00:00+00:00,20.15,94.56842,22.871754,1.3,61.0,100.0,5.315336,298.30066,0.0,0.0
2024-10-04 14:00:00+00:00,20.1,93.686424,22.765528,0.3,51.0,100.0,5.0432134,272.04535,0.0,0.0
2024-10-04 15:00:00+00:00,20.1,93.10382,22.695797,0.1,51.0,100.0,5.195113,284.03625,0.0,0.0
2024-10-04 16:00:00+00:00,20.05,93.684135,22.637526,0.2,51.0,100.0,5.4149795,285.4222,0.0,0.0
2024-10-04 17:00:00+00:00,20.15,91.092804,22.440071,0.1,51.0,100.0,6.3231,274.89902,0.0,0.0
2024-10-04 18:00:00+00:00,20.0,93.68179,22.454834,0.0,3.0,100.0,6.162207,276.70975,0.0,0.0
2024-10-04 19:00:00+00:00,20.05,94.27017,22.568632,0.1,51.0,100.0,6.2145634,280.0079,0.0,0.0
2024-10-04 20:00:00+00:00,20.0,94.562355,22.621862,0.2,51.0,100.0,5.506941,281.3099,0.0,0.0
2024-10-04 21:00:00+00:00,20.1,93.686424,22.42187,0.0,3.0,100.0,7.3997297,274.18484,0.0,0.0
2024-10-04 22:00:00+00:00,20.2,91.95396,22.633432,0.0,3.0,100.0,5.9834766,276.91113,1.0,0.0
2024-10-04 23:00:00+00:00,20.4,91.9657,22.745535,0.0,3.0,100.0,7.2359104,275.7105,1.0,30.234686
2024-10-05 00:00:00+00:00,20.9,91.14118,23.43684,0.0,3.0,100.0,7.0774574,277.30566,1.0,66.83891
2024-10-05 01:00:00+00:00,20.85,92.85305,23.47546,0.7,53.0,100.0,7.3094187,279.92618,1.0,102.33529
2024-10-05 02:00:00+00:00,21.7,89.514885,24.657715,0.3,51.0,100.0,5.8769383,297.3498,1.0,160.50296
2024-10-05 03:00:00+00:00,22.1,89.26872,25.055496,0.2,51.0,100.0,7.10031,300.46545,1.0,147.32318
2024-10-05 04:00:00+00:00,23.05,87.172264,26.536348,0.0,3.0,100.0,5.402999,299.98157,1.0,271.84448
2024-10-05 05:00:00+00:00,24.0,83.59514,27.632792,0.0,3.0,93.0,5.297018,279.78235,1.0,276.67
2024-10-05 06:00:00+00:00,25.35,77.82847,29.149227,0.0,2.0,60.0,4.6938252,274.39862,1.0,460.84103
2024-10-05 07:00:00+00:00,25.85,76.01735,29.69981,0.0,2.0,54.0,4.7110505,263.41815,1.0,396.48065
2024-10-05 08:00:00+00:00,26.0,75.11453,29.90372,0.0,1.0,38.0,4.1556225,274.96964,1.0,224.06894
2024-10-05 09:00:00+00:00,25.6,85.829384,30.925453,0.0,2.0,64.0,1.3708391,293.1986,1.0,89.22158
2024-10-05 10:00:00+00:00,25.75,76.001724,30.150234,0.0,3.0,83.0,0.56920993,198.43504,0.0,0.0
2024-10-05 11:00:00+00:00,25.25,80.97401,29.68274,0.0,3.0,86.0,2.4014995,257.00537,0.0,0.0
2024-10-05 12:00:00+00:00,24.9,80.681526,28.96006,0.0,3.0,100.0,3.462369,278.97253,0.0,0.0
2024-10-05 13:00:00+00:00,22.75,90.42276,26.707834,0.0,3.0,100.0,3.2599385,276.3401,0.0,0.0
2024-10-05 14:00:00+00:00,22.85,90.429634,26.889576,0.0,3.0,100.0,3.0652895,273.3664,0.0,0.0
2024-10-05 15:00:00+00:00,22.85,90.429634,26.863369,0.0,3.0,100.0,3.244996,273.17978,0.0,0.0
2024-10-05 16:00:00+00:00,22.8,91.82298,26.921192,0.0,3.0,100.0,3.244996,273.17978,0.0,0.0
2024-10-05 17:00:00+00:00,22.8,92.10462,26.9753,0.2,51.0,100.0,3.06,270.0,0.0,0.0
2024-10-05 18:00:00+00:00,22.85,91.82594,27.006346,0.1,51.0,100.0,3.189608,286.38962,0.0,0.0
2024-10-05 19:00:00+00:00,22.8,92.10462,26.923492,0.1,51.0,100.0,3.4152596,288.43503,0.0,0.0
2024-10-05 20:00:00+00:00,22.85,91.82594,26.82317,0.1,51.0,100.0,4.445672,291.3707,0.0,0.0
2024-10-05 21:00:00+00:00,22.75,91.25886,26.632442,0.0,3.0,100.0,4.327493,286.92758,0.0,0.0
2024-10-05 22:00:00+00:00,22.75,91.82002,26.769304,0.0,3.0,100.0,3.7585104,286.6993,1.0,0.0
2024-10-05 23:00:00+00:00,23.25,89.905235,27.216764,0.0,3.0,100.0,4.6730714,285.6423,1.0,38.595306
2024-10-06 00:00:00+00:00,23.85,88.58725,28.033752,0.0,3.0,100.0,4.5,270.0,1.0,108.9067
2024-10-06 01:00:00+00:00,25.75,82.78049,30.355934,0.0,2.0,54.0,4.5,306.86996,1.0,372.2691
2024-10-06 02:00:00+00:00,27.2,76.92376,31.87576,0.0,1.0,45.0,4.802999,347.00537,1.0,505.5843
2024-10-06 03:00:00+00:00,28.25,73.00677,33.509914,0.2,51.0,64.0,4.7928696,55.713078,1.0,656.138
2024-10-06 04:00:00+00:00,28.45,73.48367,33.95966,0.1,51.0,39.0,2.8856194,86.423744,1.0,597.96387
2024-10-06 05:00:00+00:00,28.9,73.11762,34.534943,0.0,3.0,100.0,4.669604,117.552734,1.0,604.6106
2024-10-06 06:00:00+00:00,28.15,77.99873,33.178024,0.7,53.0,79.0,7.120815,110.72565,1.0,494.09796
2024-10-06 07:00:00+00:00,27.5,81.74883,32.917526,0.2,51.0,70.0,5.0975285,47.862484,1.0,424.19052
2024-10-06 08:00:00+00:00,26.5,84.12681,32.03799,2.9,63.0,89.0,2.1674871,184.76355,1.0,183.9051
2024-10-06 09:00:00+00:00,25.8,86.62999,30.875648,4.4,63.0,90.0,4.514377,293.49857,1.0,70.72264
2024-10-06 10:00:00+00:00,24.95,95.04126,30.510517,0.1,51.0,99.0,4.143911,304.3804,0.0,0.0
2024-10-06 11:00:00+00:00,24.5,97.04663,30.049374,0.0,3.0,99.0,3.7971041,328.5705,0.0,0.0
2024-10-06 12:00:00+00:00,24.65,94.46023,30.0428,0.7,53.0,99.0,3.6,323.13,0.0,0.0
2024-10-06 13:00:00+00:00,23.75,94.997604,28.672363,1.9,61.0,100.0,3.5455887,246.0375,0.0,0.0
2024-10-06 14:00:00+00:00,23.5,94.12729,28.024456,0.6,53.0,100.0,4.6834598,272.20255,0.0,0.0
2024-10-06 15:00:00+00:00,23.45,92.70456,27.963501,0.0,3.0,98.0,3.5864744,287.52567,0.0,0.0
2024-10-06 16:00:00+00:00,23.3,94.11871,27.868393,0.1,51.0,90.0,3.6,306.86996,0.0,0.0
2024-10-06 17:00:00+00:00,23.45,95.85499,28.350498,0.2,51.0,86.0,3.096837,305.53775,0.0,0.0
2024-10-06 18:00:00+00:00,23.45,96.145966,28.299747,0.3,51.0,96.0,3.6447225,302.90524,0.0,0.0
2024-10-06 19:00:00+00:00,23.4,97.02255,28.318817,0.7,53.0,100.0,3.572898,319.0857,0.0,0.0
2024-10-06 20:00:00+00:00,23.55,96.440414,28.645985,0.6,53.0,91.0,2.5582807,309.28937,0.0,0.0
2024-10-06 21:00:00+00:00,23.35,96.72787,28.238194,0.2,51.0,84.0,3.381893,295.20108,0.0,0.0
2024-10-06 22:00:00+00:00,23.2,96.138855,27.878498,0.1,51.0,83.0,3.8268526,318.81415,1.0,0.0
2024-10-06 23:00:00+00:00,24.3,91.07922,29.277988,0.1,51.0,95.0,2.5582807,309.28937,1.0,61.423164
2024-10-07 00:00:00+00:00,24.65,91.101524,30.057777,0.2,51.0,94.0,1.0182338,315.0001,1.0,147.13731
2024-10-07 01:00:00+00:00,26.1,84.33773,31.427467,0.1,51.0,26.0,2.1674871,311.63345,1.0,391.0336
2024-10-07 02:00:00+00:00,26.9,81.675095,32.327145,0.1,51.0,100.0,2.5071096,21.037588,1.0,565.70654
2024-10-07 03:00:00+00:00,26.5,82.86799,31.362484,0.3,51.0,100.0,5.7628117,75.52967,1.0,308.2068
2024-10-07 04:00:00+00:00,25.5,85.56013,30.432217,6.1,63.0,75.0,3.4623692,62.10283,1.0,356.30695
2024-10-07 05:00:00+00:00,26.5,77.05235,30.787918,3.6,63.0,96.0,4.913044,118.442825,1.0,451.14008
2024-10-07 06:00:00+00:00,26.85,79.47834,31.198025,0.5,53.0,82.0,7.8583965,110.09532,1.0,401.7668
2024-10-07 07:00:00+00:00,26.15,82.07829,30.29557,3.0,63.0,88.0,8.649369,102.01146,1.0,367.6152
2024-10-07 08:00:00+00:00,25.65,84.03423,29.765255,0.6,53.0,98.0,8.461914,88.78116,1.0,196.11742
2024-10-07 09:00:00+00:00,25.0,86.03132,29.443886,0.3,51.0,100.0,5.223103,91.97489,1.0,67.0401
2024-10-07 10:00:00+00:00,24.4,91.91675,29.578106,0.5,53.0,100.0,2.1897945,80.53775,0.0,0.0
2024-10-07 11:00:00+00:00,24.0,91.06001,28.611511,0.8,53.0,100.0,3.8856654,76.60749,0.0,0.0
2024-10-07 12:00:00+00:00,23.45,93.8395,27.770123,1.7,61.0,100.0,5.6920996,71.564964,0.0,0.0
2024-10-07 13:00:00+00:00,23.85,91.050385,28.751648,0.8,53.0,100.0,1.3104197,164.05453,0.0,0.0
2024-10-07 14:00:00+00:00,23.55,92.99227,28.471653,0.8,53.0,100.0,1.3708391,156.80138,0.0,0.0
2024-10-07 15:00:00+00:00,23.25,93.54524,28.053501,1.0,55.0,100.0,1.4058449,140.19447,0.0,0.0
2024-10-07 16:00:00+00:00,23.0,93.53348,27.575272,0.8,53.0,100.0,2.0124612,153.43501,0.0,0.0
2024-10-07 17:00:00+00:00,22.8,93.81027,27.165018,0.5,53.0,100.0,2.8856194,183.57626,0.0,0.0
2024-10-07 18:00:00+00:00,22.55,94.0864,26.700628,0.2,51.0,100.0,3.604497,182.86235,0.0,0.0
2024-10-07 19:00:00+00:00,22.3,93.787605,26.34077,0.1,51.0,100.0,3.244996,176.82024,0.0,0.0
2024-10-07 20:00:00+00:00,22.1,93.490906,26.031406,0.3,51.0,100.0,3.0811036,186.70975,0.0,0.0
2024-10-07 21:00:00+00:00,21.95,93.19661,25.802118,0.3,51.0,100.0,2.9024127,172.87508,0.0,0.0
2024-10-07 22:00:00+00:00,21.85,93.19166,25.679415,0.4,51.0,100.0,2.6999998,180.0,1.0,0.0
2024-10-07 23:00:00+00:00,22.05,92.0616,25.757242,0.2,51.0,100.0,3.536439,194.7436,1.0,33.0236
2024-10-08 00:00:00+00:00,22.4,88.46927,25.942362,0.1,51.0,100.0,3.6,216.86998,1.0,82.86778
2024-10-08 01:00:00+00:00,23.2,85.591034,26.665941,0.0,3.0,100.0,5.004518,322.3057,1.0,175.80206
2024-10-08 02:00:00+00:00,23.45,80.74116,26.4428,0.0,3.0,100.0,5.7964473,334.2307,1.0,218.44516
2024-10-08 03:00:00+00:00,23.75,78.317986,26.71971,0.0,3.0,100.0,5.2694216,352.14676,1.0,239.24442
2024-10-08 04:00:00+00:00,24.0,75.25608,26.82875,0.0,3.0,100.0,4.8899083,6.3401003,1.0,229.45071
2024-10-08 05:00:00+00:00,23.95,76.189835,26.926243,0.0,3.0,100.0,4.379589,9.462248,1.0,177.49286
2024-10-08 06:00:00+00:00,24.05,74.333084,26.86157,0.0,3.0,100.0,4.510787,28.610369,1.0,156.16058
2024-10-08 07:00:00+00:00,24.0,75.72558,26.95829,0.0,3.0,100.0,4.3349743,41.63345,1.0,97.28954
2024-10-08 08:00:00+00:00,23.9,75.709694,26.862085,0.0,3.0,100.0,3.9763298,84.805664,1.0,85.19904
2024-10-08 09:00:00+00:00,23.1,79.69862,26.067282,0.0,3.0,100.0,4.1125174,113.198616,1.0,16.565393
2024-10-08 10:00:00+00:00,22.5,81.88257,25.089804,0.1,51.0,100.0,6.206738,106.85848,0.0,0.0
2024-10-08 11:00:00+00:00,21.95,80.54399,23.885542,0.1,51.0,100.0,8.107996,92.544754,0.0,0.0
2024-10-08 12:00:00+00:00,21.5,75.80194,23.33808,0.0,3.0,100.0,4.514377,94.57384,0.0,0.0
2024-10-08 13:00:00+00:00,21.15,80.69152,23.483196,0.0,3.0,100.0,3.06,90.0,0.0,0.0
2024-10-08 14:00:00+00:00,21.0,84.03958,23.552479,0.0,3.0,100.0,3.096837,54.46224,0.0,0.0
2024-10-08 15:00:00+00:00,21.55,68.905205,23.251455,0.0,3.0,100.0,1.3708391,336.8014,0.0,0.0
2024-10-08 16:00:00+00:00,21.55,68.24614,23.144892,0.0,3.0,99.0,1.6981165,327.99466,0.0,0.0
2024-10-08 17:00:00+00:00,21.6,67.60274,23.18709,0.0,3.0,99.0,1.484318,345.9637,0.0,0.0
2024-10-08 18:00:00+00:00,21.5,68.017654,23.020899,0.0,3.0,100.0,1.9386592,21.801476,0.0,0.0
2024-10-08 19:00:00+00:00,21.4,67.9976,22.959936,0.0,3.0,98.0,1.4058449,50.194473,0.0,0.0
2024-10-08 20:00:00+00:00,20.8,76.90266,22.74144,0.0,3.0,100.0,2.5071096,21.037588,0.0,0.0
2024-10-08 21:00:00+00:00,21.2,69.9492,22.745142,0.0,3.0,100.0,2.1749482,24.443953,0.0,0.0
2024-10-08 22:00:00+00:00,21.1,70.60565,22.688517,0.0,3.0,100.0,2.0124612,63.435013,1.0,0.0
2024-10-08 23:00:00+00:00,21.05,72.658104,22.879305,0.0,3.0,100.0,1.4512063,82.875084,1.0,54.105587
2024-10-09 00:00:00+00:00,21.1,73.834854,22.868702,0.0,3.0,87.0,2.6999998,53.13002,1.0,144.8742
2024-10-09 01:00:00+00:00,22.1,72.1543,23.68092,0.0,3.0,88.0,5.692099,34.69522,1.0,305.15833
2024-10-09 02:00:00+00:00,22.8,68.930176,24.201248,0.0,2.0,61.0,6.7757506,39.61066,1.0,417.28168
2024-10-09 03:00:00+00:00,23.95,65.12891,25.902523,0.0,3.0,100.0,5.257109,51.952908,1.0,615.33185
2024-10-09 04:00:00+00:00,24.2,64.77087,25.922892,0.0,3.0,100.0,5.5829024,88.15243,1.0,412.54672
2024-10-09 05:00:00+00:00,24.7,64.266495,26.697847,0.0,3.0,100.0,4.73506,98.74608,1.0,501.294
2024-10-09 06:00:00+00:00,24.65,64.05319,26.58068,0.0,3.0,100.0,4.896529,107.10281,1.0,353.03513
2024-10-09 07:00:00+00:00,24.3,66.03145,26.106663,0.0,3.0,100.0,6.198903,115.820946,1.0,212.77054
2024-10-09 08:00:00+00:00,23.65,69.97136,25.093956,0.0,1.0,23.0,9.600937,120.411,1.0,216.41061
2024-10-09 09:00:00+00:00,22.4,75.70699,24.140306,0.0,1.0,31.0,7.729527,117.75845,1.0,89.16747
2024-10-09 10:00:00+00:00,21.2,80.444305,23.181046,0.0,1.0,42.0,5.4744864,117.40749,0.0,0.0
2024-10-09 11:00:00+00:00,20.35,84.23219,22.41352,0.0,1.0,35.0,4.6102495,128.65984,0.0,0.0
2024-10-09 12:00:00+00:00,20.55,80.867615,22.536198,0.0,2.0,54.0,3.7971041,148.57048,0.0,0.0
2024-10-09 13:00:00+00:00,20.25,85.021675,22.45672,1.6,61.0,61.0,3.7799997,180.0,0.0,0.0
2024-10-09 14:00:00+00:00,20.0,87.44114,22.288897,0.1,51.0,54.0,3.8268526,138.81418,0.0,0.0
2024-10-09 15:00:00+00:00,21.1,75.73777,23.111626,0.0,2.0,53.0,2.1674871,94.76356,0.0,0.0
2024-10-09 16:00:00+00:00,20.85,76.66645,22.863544,0.0,2.0,56.0,2.0124612,26.564985,0.0,0.0
2024-10-09 17:00:00+00:00,19.65,87.409744,21.875017,0.0,3.0,100.0,3.2048087,308.15726,0.0,0.0
2024-10-09 18:00:00+00:00,19.8,86.600075,22.068205,0.0,3.0,100.0,2.907989,291.80148,0.0,0.0
2024-10-09 19:00:00+00:00,19.6,89.07439,21.97862,0.0,3.0,100.0,2.907989,291.80148,0.0,0.0
2024-10-09 20:00:00+00:00,19.5,90.19555,21.712408,0.0,3.0,100.0,4.3536186,299.74478,0.0,0.0
2024-10-09 21:00:00+00:00,19.45,91.62143,21.728827,0.0,3.0,100.0,4.514377,293.49857,0.0,0.0
2024-10-09 22:00:00+00:00,19.5,91.62451,21.884045,0.0,3.0,100.0,3.9477081,294.22772,1.0,0.0
2024-10-09 23:00:00+00:00,19.95,90.22746,22.26085,0.0,3.0,100.0,5.072041,297.47433,1.0,46.166847
2024-10-10 00:00:00+00:00,20.55,86.39971,23.047466,0.0,2.0,71.0,3.4763772,291.25058,1.0,127.91962
2024-10-10 01:00:00+00:00,21.85,73.96279,23.89752,0.0,2.0,73.0,2.9301877,42.510403,1.0,273.82526
2024-10-10 02:00:00+00:00,22.85,71.15672,24.979319,0.0,3.0,100.0,3.396233,57.99466,1.0,474.14572
2024-10-10 03:00:00+00:00,23.5,68.84878,25.666094,0.0,3.0,96.0,3.438895,96.00892,1.0,453.3917
2024-10-10 04:00:00+00:00,24.1,67.03938,26.17188,0.0,3.0,98.0,4.5322843,96.84268,1.0,531.20166
2024-10-10 05:00:00+00:00,24.25,67.28135,26.216206,0.0,3.0,100.0,5.8631387,107.87879,1.0,411.9688
2024-10-10 06:00:00+00:00,23.75,69.33278,25.092361,0.0,2.0,79.0,10.144082,117.47435,1.0,311.06552
2024-10-10 07:00:00+00:00,23.3,66.032425,23.996866,0.0,1.0,29.0,11.028581,116.14678,1.0,369.12973
2024-10-10 08:00:00+00:00,22.8,65.29982,23.50121,0.0,0.0,4.0,9.178235,115.55992,1.0,270.04053
2024-10-10 09:00:00+00:00,21.8,70.73691,23.124428,0.0,0.0,4.0,5.7431,122.1957,1.0,90.287575
2024-10-10 10:00:00+00:00,19.7,77.72101,20.67683,0.0,0.0,3.0,6.618519,135.0001,0.0,0.0
2024-10-10 11:00:00+00:00,21.8,58.680458,22.575619,0.0,0.0,3.0,2.0124612,153.43501,0.0,0.0
2024-10-10 12:00:00+00:00,21.55,59.00421,22.159126,0.0,0.0,4.0,2.8001428,315.0001,0.0,0.0
2024-10-10 13:00:00+00:00,20.55,68.045876,21.503698,0.0,0.0,0.0,3.494968,304.50858,0.0,0.0
2024-10-10 14:00:00+00:00,18.2,83.99238,19.301071,0.0,0.0,0.0,5.0975285,312.1375,0.0,0.0
2024-10-10 15:00:00+00:00,17.2,93.848,18.483173,0.0,0.0,0.0,5.904439,307.56866,0.0,0.0
2024-10-10 16:00:00+00:00,17.15,95.96074,18.718601,0.0,0.0,18.0,4.7928696,304.28693,0.0,0.0
2024-10-10 17:00:00+00:00,17.2,95.65768,18.75105,0.0,1.0,34.0,4.913044,298.4428,0.0,0.0
2024-10-10 18:00:00+00:00,16.95,94.43744,18.268154,0.0,0.0,10.0,5.2478566,300.96368,0.0,0.0
2024-10-10 19:00:00+00:00,16.6,95.94393,17.81946,0.0,0.0,5.0,5.6492476,300.65057,0.0,0.0
2024-10-10 20:00:00+00:00,16.3,97.48076,17.395279,0.0,0.0,10.0,6.3639607,298.7397,0.0,0.0
2024-10-10 21:00:00+00:00,16.1,98.731346,17.136698,0.0,0.0,19.0,6.76618,298.61035,0.0,0.0
2024-10-10 22:00:00+00:00,16.0,99.363396,17.002077,0.0,1.0,32.0,7.0038276,295.90643,1.0,0.0
2024-10-10 23:00:00+00:00,17.2,96.26768,18.333698,0.0,1.0,33.0,8.0599,299.42737,1.0,107.94367
2024-10-11 00:00:00+00:00,19.2,86.81747,20.716202,0.0,0.0,17.0,6.439876,296.56497,1.0,293.1566
2024-10-11 01:00:00+00:00,21.45,72.03732,23.164495,0.0,0.0,10.0,2.9301877,317.4896,1.0,488.43488
2024-10-11 02:00:00+00:00,22.9,67.007164,24.428816,0.0,0.0,4.0,7.9077177,48.69148,1.0,680.7212
2024-10-11 03:00:00+00:00,23.75,59.525978,25.244753,0.0,0.0,4.0,9.847496,59.215923,1.0,774.0941
2024-10-11 04:00:00+00:00,24.35,55.78327,26.001354,0.0,0.0,2.0,10.560341,60.376347,1.0,823.84845
2024-10-11 05:00:00+00:00,24.6,52.868374,25.843966,0.0,0.0,1.0,11.063778,68.025444,1.0,777.1855
2024-10-11 06:00:00+00:00,24.6,53.383324,25.481241,0.0,0.0,0.0,10.694485,83.233925,1.0,666.35504
2024-10-11 07:00:00+00:00,24.1,56.44392,24.237806,0.0,0.0,0.0,11.16145,89.07598,1.0,501.57925
2024-10-11 08:00:00+00:00,23.25,63.141026,23.542244,0.0,0.0,0.0,11.705537,91.76235,1.0,299.12357
2024-10-11 09:00:00+00:00,21.8,73.48694,23.330788,0.0,0.0,0.0,6.037383,100.30479,1.0,94.078354
2024-10-11 10:00:00+00:00,19.65,81.00665,20.799698,0.0,0.0,1.0,7.0911775,113.962494,0.0,0.0
2024-10-11 11:00:00+00:00,21.6,67.38618,23.06698,0.0,0.0,0.0,2.1749482,155.55606,0.0,0.0
2024-10-11 12:00:00+00:00,18.55,84.8411,19.95751,0.0,0.0,0.0,4.3536186,299.74478,0.0,0.0
2024-10-11 13:00:00+00:00,18.85,86.2346,20.351395,0.0,0.0,0.0,5.2478566,300.96368,0.0,0.0
2024-10-11 14:00:00+00:00,18.4,90.40324,20.071522,0.0,0.0,4.0,4.942631,303.11136,0.0,0.0
2024-10-11 15:00:00+00:00,18.15,90.96187,19.69639,0.0,0.0,3.0,5.369916,309.55963,0.0,0.0
2024-10-11 16:00:00+00:00,18.05,90.09162,19.346981,0.0,0.0,5.0,6.3690495,312.70938,0.0,0.0
2024-10-11 17:00:00+00:00,17.85,90.364624,18.979876,0.0,0.0,0.0,7.0934615,305.7068,0.0,0.0
2024-10-11 18:00:00+00:00,17.45,92.96755,18.644426,0.0,0.0,1.0,6.792466,302.00534,0.0,0.0
2024-10-11 19:00:00+00:00,17.3,93.55415,18.532448,0.0,0.0,2.0,6.391901,302.3474,0.0,0.0
2024-10-11 20:00:00+00:00,17.1,93.24648,18.375286,0.0,0.0,3.0,5.402999,299.98157,0.0,0.0
2024-10-11 21:00:00+00:00,17.15,92.06557,18.301191,0.0,0.0,7.0,5.8409934,303.6901,0.0,0.0
2024-10-11 22:00:00+00:00,17.0,91.762634,18.077047,0.0,0.0,19.0,5.8048253,299.74478,0.0,0.0
2024-10-11 23:00:00+00:00,18.75,85.67757,19.840307,0.0,1.0,24.0,7.5019197,300.25635,1.0,98.21681
2024-10-12 00:00:00+00:00,20.6,77.85567,21.883446,0.0,0.0,13.0,7.0199995,292.6199,1.0,277.69196
2024-10-12 01:00:00+00:00,21.6,73.68598,23.06004,0.0,3.0,91.0,6.0908127,288.9705,1.0,276.397
2024-10-12 02:00:00+00:00,23.25,68.79996,25.252542,0.0,3.0,84.0,3.8183763,315.0001,1.0,386.85382
2024-10-12 03:00:00+00:00,24.85,65.73107,26.551567,0.0,3.0,98.0,8.287822,55.6196,1.0,498.29672
2024-10-12 04:00:00+00:00,25.4,66.46639,26.920784,0.1,51.0,92.0,11.726277,72.12121,1.0,500.8789
2024-10-12 05:00:00+00:00,25.35,66.87296,26.904362,0.0,3.0,89.0,11.656998,76.60749,1.0,367.16928
2024-10-12 06:00:00+00:00,25.3,68.12741,26.88727,0.0,2.0,55.0,12.241323,72.89719,1.0,330.22272
2024-10-12 07:00:00+00:00,25.15,68.310745,26.607016,0.0,3.0,90.0,12.810386,72.838,1.0,324.73788
2024-10-12 08:00:00+00:00,24.6,72.37234,26.880777,0.0,3.0,100.0,8.477216,86.347855,1.0,168.71387
2024-10-12 09:00:00+00:00,23.65,78.06084,26.605013,0.0,3.0,100.0,4.8633323,92.12105,1.0,52.114803
2024-10-12 10:00:00+00:00,23.45,74.93246,26.150011,0.0,3.0,100.0,3.8141315,109.290146,0.0,0.0
2024-10-12 11:00:00+00:00,23.35,75.62187,26.555576,0.1,51.0,48.0,0.5091169,224.9999,0.0,0.0
2024-10-12 12:00:00+00:00,23.25,75.842575,26.306509,0.0,1.0,33.0,1.3708391,293.1986,0.0,0.0
2024-10-12 13:00:00+00:00,22.4,80.35219,25.314007,0.0,0.0,19.0,2.6758924,289.6539,0.0,0.0
2024-10-12 14:00:00+00:00,20.65,90.84159,23.405222,0.0,1.0,25.0,4.5891175,295.5599,0.0,0.0
2024-10-12 15:00:00+00:00,20.55,92.261345,23.35358,0.0,1.0,40.0,4.7521367,294.62354,0.0,0.0
2024-10-12 16:00:00+00:00,21.15,89.75216,24.083862,0.0,3.0,100.0,4.3536186,299.74478,0.0,0.0
2024-10-12 17:00:00+00:00,21.4,88.112404,24.128836,0.0,3.0,100.0,5.5916004,303.17853,0.0,0.0
2024-10-12 18:00:00+00:00,21.35,88.38273,24.15885,0.1,51.0,100.0,5.0432134,304.82455,0.0,0.0
2024-10-12 19:00:00+00:00,21.4,88.38687,24.284039,0.1,51.0,88.0,4.6938257,302.47116,0.0,0.0
2024-10-12 20:00:00+00:00,21.1,90.02804,24.02048,0.0,2.0,78.0,4.4456716,301.75943,0.0,0.0
2024-10-12 21:00:00+00:00,21.05,89.74478,23.84955,0.0,2.0,58.0,4.942631,303.11136,0.0,0.0
2024-10-12 22:00:00+00:00,21.3,88.10394,23.958874,0.0,2.0,70.0,5.7402787,311.18582,0.0,0.0
2024-10-12 23:00:00+00:00,22.0,86.53821,24.520899,0.0,1.0,33.0,8.019601,315.90927,1.0,71.09397
2024-10-13 00:00:00+00:00,23.35,83.264175,26.356318,0.0,1.0,34.0,7.0934615,305.7068,1.0,226.44023
2024-10-13 01:00:00+00:00,25.0,75.65012,28.132454,0.0,2.0,57.0,6.391901,9.727519,1.0,436.37018
2024-10-13 02:00:00+00:00,26.15,71.53466,29.303165,0.0,3.0,87.0,6.9480934,53.426876,1.0,494.02396
2024-10-13 03:00:00+00:00,26.65,69.669365,29.855381,0.2,51.0,40.0,6.763786,64.79892,1.0,543.2124
2024-10-13 04:00:00+00:00,27.0,68.03983,30.620209,0.2,51.0,37.0,7.8625183,74.054535,1.0,653.67053
2024-10-13 05:00:00+00:00,27.25,66.8425,30.675808,0.2,51.0,27.0,8.4042845,80.13426,1.0,615.9753
2024-10-13 06:00:00+00:00,27.25,66.63674,30.227867,0.2,51.0,40.0,9.430694,76.75947,1.0,547.92676
2024-10-13 07:00:00+00:00,27.05,68.049644,29.898388,0.2,51.0,39.0,9.208192,85.51548,1.0,383.7129
2024-10-13 08:00:00+00:00,26.15,73.31727,29.318375,0.4,51.0,63.0,8.281956,91.24534,1.0,226.72272
2024-10-13 09:00:00+00:00,25.15,82.710045,29.378468,0.0,1.0,45.0,4.755544,119.4758,1.0,69.6059
2024-10-13 10:00:00+00:00,23.3,90.737366,27.29647,0.0,1.0,36.0,5.22,136.39711,0.0,0.0
2024-10-13 11:00:00+00:00,22.65,92.66212,26.464996,0.0,1.0,43.0,5.3457265,135.0001,0.0,0.0
2024-10-13 12:00:00+00:00,23.55,88.29243,27.856674,0.0,2.0,61.0,2.3400002,67.3801,0.0,0.0
2024-10-13 13:00:00+00:00,23.35,86.66538,27.321938,0.0,1.0,44.0,2.7943513,284.93146,0.0,0.0
2024-10-13 14:00:00+00:00,23.55,85.6262,27.687216,0.1,51.0,36.0,1.659518,319.39877,0.0,0.0
2024-10-13 15:00:00+00:00,23.2,88.26334,27.362473,0.1,51.0,74.0,2.0364676,315.0001,0.0,0.0
2024-10-13 16:00:00+00:00,22.1,93.77849,26.005777,0.2,51.0,68.0,3.4388947,317.1211,0.0,0.0
2024-10-13 17:00:00+00:00,21.85,95.21935,25.67943,0.1,51.0,66.0,3.9640884,320.52756,0.0,0.0
2024-10-13 18:00:00+00:00,21.55,96.09148,25.25885,0.0,3.0,100.0,4.2481523,306.38446,0.0,0.0
2024-10-13 19:00:00+00:00,21.55,96.09148,25.279205,0.0,3.0,92.0,4.1085763,298.8107,0.0,0.0
2024-10-13 20:00:00+00:00,21.6,95.79799,25.396801,0.0,2.0,65.0,3.6447225,302.90524,0.0,0.0
2024-10-13 21:00:00+00:00,21.45,96.38461,25.174032,0.0,2.0,65.0,3.9640884,309.47244,0.0,0.0
2024-10-13 22:00:00+00:00,20.95,96.37114,24.373535,0.0,1.0,38.0,4.2481523,306.38446,0.0,0.0
2024-10-13 23:00:00+00:00,21.9,93.769394,25.361292,0.0,1.0,28.0,5.7628117,308.65982,1.0,93.490326
2024-10-14 00:00:00+00:00,23.05,91.83774,27.124256,0.0,1.0,25.0,4.5,306.86996,1.0,265.22778
2024-10-14 01:00:00+00:00,25.15,82.4582,29.465958,0.0,0.0,13.0,3.9640884,309.47244,1.0,491.4403
2024-10-14 02:00:00+00:00,26.6,74.52503,30.97136,0.0,1.0,42.0,3.9518096,30.068504,1.0,634.02637
2024-10-14 03:00:00+00:00,27.45,69.39353,31.842815,0.1,51.0,18.0,3.096837,54.46224,1.0,619.4705
2024-10-14 04:00:00+00:00,28.3,66.035,33.306324,0.0,0.0,19.0,2.0523157,74.74483,1.0,664.648
2024-10-14 05:00:00+00:00,28.7,63.341564,33.319996,0.1,51.0,15.0,2.7534704,101.3099,1.0,623.553
2024-10-14 06:00:00+00:00,28.7,63.731647,32.39697,0.1,51.0,27.0,5.991594,122.73522,1.0,527.26385
2024-10-14 07:00:00+00:00,28.3,65.23,31.56601,0.1,51.0,25.0,8.139901,125.095894,1.0,411.20865
2024-10-14 08:00:00+00:00,27.35,71.53061,30.82687,0.0,0.0,15.0,8.936778,124.33028,1.0,237.80771
2024-10-14 09:00:00+00:00,26.1,80.103355,30.348942,0.0,0.0,8.0,6.156947,127.875046,1.0,76.01483
2024-10-14 10:00:00+00:00,23.95,90.50468,28.255127,0.0,0.0,6.0,5.3999996,143.13002,0.0,0.0
2024-10-14 11:00:00+00:00,23.55,92.14731,27.828793,0.0,0.0,1.0,5.195113,165.96373,0.0,0.0
2024-10-14 12:00:00+00:00,24.1,91.34329,28.915783,0.0,0.0,2.0,3.0758414,200.55612,0.0,0.0
2024-10-14 13:00:00+00:00,23.9,92.44733,28.922577,0.0,0.0,2.0,1.659518,220.60121,0.0,0.0
2024-10-14 14:00:00+00:00,23.6,93.84622,28.399223,0.0,0.0,2.0,2.995797,302.7352,0.0,0.0
2024-10-14 15:00:00+00:00,22.5,97.298744,26.921587,0.0,0.0,5.0,3.6447225,327.09476,0.0,0.0
2024-10-14 16:00:00+00:00,21.6,99.69457,25.645065,0.0,0.0,17.0,4.3349743,311.63345,0.0,0.0
2024-10-14 17:00:00+00:00,21.25,99.6938,25.008358,0.0,1.0,35.0,5.004518,322.3057,0.0,0.0
2024-10-14 18:00:00+00:00,21.15,99.387924,24.869154,0.0,3.0,99.0,4.724786,319.63553,0.0,0.0
2024-10-14 19:00:00+00:00,21.65,98.18047,25.614216,0.0,3.0,100.0,4.143911,325.6196,0.0,0.0
2024-10-14 20:00:00+00:00,21.6,97.28056,25.317692,0.0,3.0,97.0,5.0975285,317.86246,0.0,0.0
2024-10-14 21:00:00+00:00,21.75,92.61393,25.04519,0.0,3.0,100.0,5.6521144,307.23492,0.0,0.0
2024-10-14 22:00:00+00:00,21.85,90.9207,25.068321,0.1,51.0,100.0,5.4744864,297.4075,0.0,0.0
2024-10-14 23:00:00+00:00,22.35,89.287865,25.536737,0.1,51.0,78.0,6.391901,302.3474,1.0,48.284046
2024-10-15 00:00:00+00:00,23.55,85.6262,27.046824,0.1,51.0,38.0,6.050785,300.37906,1.0,212.50008
2024-10-15 01:00:00+00:00,25.25,81.71904,29.609097,0.2,51.0,90.0,3.4763772,291.25058,1.0,310.6578
2024-10-15 02:00:00+00:00,26.6,77.302216,31.373066,0.1,51.0,57.0,2.1674871,48.366554,1.0,485.44037
2024-10-15 03:00:00+00:00,27.3,74.6395,31.359013,0.3,51.0,49.0,8.467655,92.4366,1.0,600.67065
2024-10-15 04:00:00+00:00,27.8,74.72083,32.831,0.3,51.0,37.0,8.287822,92.4895,1.0,688.69727
2024-10-15 05:00:00+00:00,28.2,74.11088,33.11584,0.0,1.0,21.0,7.7420926,91.33219,1.0,606.93115
2024-10-15 06:00:00+00:00,27.55,75.82071,31.776382,0.2,51.0,52.0,8.281956,91.24534,1.0,443.6444
2024-10-15 07:00:00+00:00,27.3,75.55192,31.325943,0.1,51.0,56.0,8.461914,88.78116,1.0,357.7105
2024-10-15 08:00:00+00:00,26.05,78.64692,30.17495,0.3,51.0,84.0,5.6492476,67.52052,1.0,164.33978
2024-10-15 09:00:00+00:00,25.6,83.26721,30.436317,0.1,51.0,86.0,2.7238941,82.40546,1.0,47.860714
2024-10-15 10:00:00+00:00,24.4,88.631546,28.834988,0.0,2.0,61.0,4.8965297,126.027466,0.0,0.0
2024-10-15 11:00:00+00:00,25.0,84.47587,29.604103,0.1,51.0,63.0,2.9522195,127.568665,0.0,0.0
2024-10-15 12:00:00+00:00,24.5,87.568275,29.267254,0.1,51.0,55.0,2.226477,165.96373,0.0,0.0
2024-10-15 13:00:00+00:00,24.6,88.91698,29.797974,0.0,1.0,48.0,0.6489992,303.6901,0.0,0.0
2024-10-15 14:00:00+00:00,23.1,95.26313,27.747375,0.0,1.0,48.0,3.06,298.0724,0.0,0.0
2024-10-15 15:00:00+00:00,22.5,96.70725,26.734644,0.0,2.0,55.0,4.542994,303.6901,0.0,0.0
2024-10-15 16:00:00+00:00,22.55,96.70848,26.804258,0.1,51.0,76.0,4.599695,329.42084,0.0,0.0
2024-10-15 17:00:00+00:00,22.9,95.256195,27.293793,0.1,51.0,45.0,4.0249224,333.43503,0.0,0.0
2024-10-15 18:00:00+00:00,22.15,96.10883,26.056501,0.1,51.0,34.0,5.09435,327.99466,0.0,0.0
2024-10-15 19:00:00+00:00,22.05,95.81199,25.931112,0.0,1.0,40.0,4.7110505,316.5481,0.0,0.0
2024-10-15 20:00:00+00:00,22.1,94.64597,25.931116,0.0,1.0,22.0,4.5,323.13,0.0,0.0
2024-10-15 21:00:00+00:00,21.9,94.058174,25.5039,0.0,1.0,27.0,4.965521,316.46872,0.0,0.0
2024-10-15 22:00:00+00:00,21.95,93.19661,25.50125,0.0,1.0,23.0,4.965521,313.53125,0.0,0.0
2024-10-15 23:00:00+00:00,23.15,89.898026,26.940521,0.0,0.0,14.0,5.509882,308.36752,1.0,95.28672
2024-10-16 00:00:00+00:00,24.15,84.38462,27.974804,0.0,1.0,36.0,5.0816135,337.06787,1.0,271.3552
2024-10-16 01:00:00+00:00,25.7,78.837845,29.257885,0.0,2.0,72.0,8.39657,30.963696,1.0,465.0532
2024-10-16 02:00:00+00:00,26.7,73.41091,30.05016,0.0,1.0,38.0,9.059205,49.02836,1.0,577.38416
2024-10-16 03:00:00+00:00,27.5,67.512856,31.083359,0.0,3.0,92.0,9.2660675,60.94549,1.0,679.02826
2024-10-16 04:00:00+00:00,27.8,64.92538,30.585495,0.0,3.0,87.0,10.24578,71.564964,1.0,573.0113
2024-10-16 05:00:00+00:00,28.1,64.78872,31.137966,0.0,3.0,98.0,10.658068,85.15609,1.0,582.5804
2024-10-16 06:00:00+00:00,27.9,65.75059,30.618885,0.0,1.0,46.0,10.9859,88.12216,1.0,433.24442
2024-10-16 07:00:00+00:00,27.7,66.31875,30.362175,0.0,3.0,89.0,11.196231,85.38944,1.0,369.5329
2024-10-16 08:00:00+00:00,26.9,70.79547,29.769321,0.0,1.0,26.0,10.873252,96.654335,1.0,241.2486
2024-10-16 09:00:00+00:00,25.3,79.265594,28.913937,0.0,1.0,20.0,6.889557,109.85531,1.0,72.771805
2024-10-16 10:00:00+00:00,23.35,88.54676,27.159613,0.0,1.0,21.0,5.1919937,123.690094,0.0,0.0
2024-10-16 11:00:00+00:00,23.25,88.26753,27.049139,0.0,0.0,13.0,4.7110505,133.45189,0.0,0.0
2024-10-16 12:00:00+00:00,23.9,84.35764,28.084362,0.0,1.0,24.0,1.6981165,302.00534,0.0,0.0
2024-10-16 13:00:00+00:00,23.65,85.37366,27.714415,0.0,0.0,4.0,2.3400002,202.6199,0.0,0.0
2024-10-16 14:00:00+00:00,23.1,88.25504,27.294626,0.0,0.0,13.0,1.4512063,240.2552,0.0,0.0
2024-10-16 15:00:00+00:00,21.45,95.2052,25.194334,0.0,0.0,12.0,3.1072817,280.0079,0.0,0.0
2024-10-16 16:00:00+00:00,21.65,96.0944,25.464508,0.0,0.0,10.0,3.8856654,283.39252,0.0,0.0
2024-10-16 17:00:00+00:00,21.35,96.38193,24.877522,0.0,0.0,2.0,4.952453,289.0936,0.0,0.0
2024-10-16 18:00:00+00:00,20.9,96.07258,24.12672,0.0,0.0,0.0,5.2478566,292.16638,0.0,0.0
2024-10-16 19:00:00+00:00,20.6,95.76668,23.636562,0.0,0.0,7.0,5.3426957,302.61923,0.0,0.0
2024-10-16 20:00:00+00:00,20.35,95.758804,23.317677,0.0,0.0,15.0,4.965521,313.53125,0.0,0.0
2024-10-16 21:00:00+00:00,19.9,96.64287,22.702074,0.0,2.0,53.0,5.0975285,312.1375,0.0,0.0
2024-10-16 22:00:00+00:00,20.4,96.6554,23.5227,0.0,3.0,100.0,4.5820518,315.0001,0.0,0.0
2024-10-16 23:00:00+00:00,21.15,93.73504,23.912525,0.0,3.0,100.0,7.9077177,311.30853,1.0,55.949898
2024-10-17 00:00:00+00:00,22.4,88.46927,25.31475,0.0,3.0,91.0,7.9036193,300.06848,1.0,135.89304
2024-10-17 01:00:00+00:00,25.4,76.180756,28.453339,0.0,1.0,39.0,8.714677,308.2902,1.0,416.19418
2024-10-17 02:00:00+00:00,27.05,70.60613,31.0275,0.0,3.0,88.0,3.6402748,351.4693,1.0,524.9944
2024-10-17 03:00:00+00:00,27.65,69.219315,31.661633,0.0,2.0,66.0,4.327493,73.07241,1.0,432.49826
2024-10-17 04:00:00+00:00,28.35,66.85871,32.090782,0.0,3.0,100.0,6.5520988,74.054535,1.0,519.67596
2024-10-17 05:00:00+00:00,28.65,66.10652,32.474483,0.0,2.0,61.0,7.3094187,80.07382,1.0,554.3768
2024-10-17 06:00:00+00:00,28.4,68.1052,32.02927,0.0,2.0,54.0,8.641874,91.19346,1.0,420.0827
2024-10-17 07:00:00+00:00,27.95,70.55582,31.523308,0.0,2.0,50.0,9.605998,102.99462,1.0,363.9634
2024-10-17 08:00:00+00:00,27.0,75.96501,30.806808,0.3,51.0,38.0,9.179999,118.072395,1.0,200.53604
2024-10-17 09:00:00+00:00,25.85,82.79218,30.25872,0.1,51.0,14.0,6.248359,131.49637,1.0,59.549114
2024-10-17 10:00:00+00:00,24.2,89.97338,28.771896,0.0,1.0,24.0,4.1556225,162.3498,0.0,0.0
2024-10-17 11:00:00+00:00,23.45,93.8395,27.941872,0.0,1.0,23.0,4.514377,175.42616,0.0,0.0
2024-10-17 12:00:00+00:00,24.15,90.51826,28.825802,0.0,1.0,26.0,3.6402748,188.53069,0.0,0.0
2024-10-17 13:00:00+00:00,24.25,91.62991,29.29411,0.0,0.0,14.0,2.3051248,218.65984,0.0,0.0
2024-10-17 14:00:00+00:00,24.0,92.73353,28.954205,0.0,0.0,14.0,2.7238941,277.59454,0.0,0.0
2024-10-17 15:00:00+00:00,22.95,96.13174,27.548517,0.0,1.0,27.0,3.396233,302.00534,0.0,0.0
2024-10-17 16:00:00+00:00,22.15,98.78829,26.483925,0.0,1.0,28.0,3.8647635,297.75842,0.0,0.0
2024-10-17 17:00:00+00:00,21.65,100.0,25.723621,0.0,3.0,99.0,4.514377,293.49857,0.0,0.0
2024-10-17 18:00:00+00:00,22.0,100.0,26.432436,0.0,3.0,100.0,3.381893,295.20108,0.0,0.0
2024-10-17 19:00:00+00:00,22.3,98.78965,26.583937,0.0,3.0,100.0,4.7827187,289.79895,0.0,0.0
2024-10-17 20:00:00+00:00,22.15,99.09001,26.241238,0.0,3.0,100.0,5.7204895,294.14554,0.0,0.0
2024-10-17 21:00:00+00:00,22.2,97.88872,26.196514,0.0,2.0,67.0,5.7964473,295.76926,0.0,0.0
2024-10-17 22:00:00+00:00,22.05,96.99258,26.012722,0.0,3.0,100.0,4.896529,287.1028,0.0,0.0
2024-10-17 23:00:00+00:00,22.55,95.53531,26.580633,0.0,3.0,100.0,5.3699164,283.57043,1.0,56.5206
2024-10-18 00:00:00+00:00,23.75,90.4911,27.96447,0.0,2.0,62.0,5.2478566,292.16638,1.0,165.47406
2024-10-18 01:00:00+00:00,25.85,82.04186,30.425388,0.0,0.0,3.0,4.510787,298.61035,1.0,471.39594
2024-10-18 02:00:00+00:00,27.3,74.6395,32.152428,0.0,0.0,6.0,3.3092597,292.3802,1.0,633.40204
2024-10-18 03:00:00+00:00,28.0,72.522545,33.57778,0.0,0.0,0.0,1.835647,258.6901,1.0,665.48285
2024-10-18 04:00:00+00:00,28.75,69.21723,35.259995,0.0,0.0,2.0,0.40249225,26.564985,1.0,746.77277
2024-10-18 05:00:00+00:00,29.25,64.43699,34.522068,0.0,0.0,5.0,2.995797,57.264786,1.0,660.6419
2024-10-18 06:00:00+00:00,29.8,62.99956,34.55862,0.0,0.0,3.0,3.319036,77.4712,1.0,554.9152
2024-10-18 07:00:00+00:00,30.05,64.01949,34.72308,0.0,0.0,3.0,3.6,126.86999,1.0,432.17453
2024-10-18 08:00:00+00:00,29.4,69.760284,34.157047,0.0,0.0,9.0,6.248359,131.49637,1.0,256.19946
2024-10-18 09:00:00+00:00,27.7,82.0187,33.04979,0.0,0.0,7.0,6.638072,139.39879,1.0,70.54133
2024-10-18 10:00:00+00:00,26.0,90.91417,31.478115,0.0,0.0,14.0,5.994297,131.34769,0.0,0.0
2024-10-18 11:00:00+00:00,25.2,95.05029,30.869751,0.0,1.0,29.0,4.471107,130.10085,0.0,0.0
2024-10-18 12:00:00+00:00,24.1,95.58587,29.117218,0.0,1.0,46.0,4.724786,130.36446,0.0,0.0
2024-10-18 13:00:00+00:00,24.9,92.78058,30.302864,0.0,0.0,16.0,3.319036,102.5288,0.0,0.0
2024-10-18 14:00:00+00:00,25.15,93.91512,31.065517,0.0,0.0,8.0,1.7076298,71.564964,0.0,0.0
2024-10-18 15:00:00+00:00,24.55,100.0,30.868828,0.0,3.0,100.0,0.9,323.13,0.0,0.0
2024-10-18 16:00:00+00:00,23.1,100.0,28.038708,0.0,3.0,97.0,4.2481523,306.38446,0.0,0.0
2024-10-18 17:00:00+00:00,23.35,100.0,28.462074,0.0,3.0,97.0,4.080882,311.42358,0.0,0.0
2024-10-18 18:00:00+00:00,23.05,100.0,28.068985,0.0,3.0,98.0,3.494968,304.50858,0.0,0.0
2024-10-18 19:00:00+00:00,22.9,100.0,27.61632,0.0,3.0,100.0,4.965521,313.53125,0.0,0.0
2024-10-18 20:00:00+00:00,22.85,100.0,27.515047,0.0,3.0,100.0,5.1165614,309.28937,0.0,0.0
2024-10-18 21:00:00+00:00,22.6,100.0,27.177084,0.0,3.0,100.0,4.724786,310.36444,0.0,0.0
2024-10-18 22:00:00+00:00,22.7,99.6971,27.137873,0.0,3.0,100.0,5.876938,310.0302,0.0,0.0
2024-10-18 23:00:00+00:00,23.35,95.85192,27.807045,0.0,3.0,97.0,5.7402787,311.18582,1.0,59.397648
2024-10-19 00:00:00+00:00,24.65,90.00543,29.364147,0.0,2.0,53.0,4.965521,316.46872,1.0,209.8655
2024-10-19 01:00:00+00:00,26.9,82.66524,32.200012,0.0,2.0,54.0,4.2136917,340.0168,1.0,433.03748
2024-10-19 02:00:00+00:00,28.5,73.49207,33.371407,0.1,51.0,24.0,5.4744864,27.40749,1.0,599.61707
2024-10-19 03:00:00+00:00,29.65,67.1185,34.80647,0.1,51.0,16.0,6.489992,56.3099,1.0,688.4941
2024-10-19 04:00:00+00:00,30.45,62.757793,35.478603,0.0,0.0,12.0,8.383054,75.068535,1.0,725.60156
2024-10-19 05:00:00+00:00,30.75,60.759563,35.0294,0.0,0.0,13.0,12.24,90.0,1.0,702.07153
2024-10-19 06:00:00+00:00,29.7,64.92539,32.896267,0.0,1.0,30.0,17.123669,93.012726,1.0,607.35504
2024-10-19 07:00:00+00:00,27.55,76.51228,30.607517,0.0,2.0,50.0,16.902758,82.042564,1.0,417.89777
2024-10-19 08:00:00+00:00,26.7,76.14974,29.417816,0.0,2.0,73.0,15.677576,77.39985,1.0,215.6576
2024-10-19 09:00:00+00:00,25.65,75.289116,28.222088,0.0,2.0,52.0,12.193588,81.51115,1.0,47.905956
2024-10-19 10:00:00+00:00,24.3,77.194824,27.24245,0.0,2.0,65.0,6.4799995,90.0,0.0,0.0
2024-10-19 11:00:00+00:00,24.1,79.58879,27.29835,0.1,51.0,85.0,5.771239,93.57626,0.0,0.0
2024-10-19 12:00:00+00:00,24.05,80.57045,27.085773,0.0,3.0,89.0,7.415038,84.4279,0.0,0.0
2024-10-19 13:00:00+00:00,24.15,81.33152,27.237148,0.0,3.0,86.0,7.9526596,84.805664,0.0,0.0
2024-10-19 14:00:00+00:00,23.25,84.28713,26.625727,0.0,3.0,88.0,4.913044,98.42689,0.0,0.0
2024-10-19 15:00:00+00:00,23.2,79.46495,25.854324,0.0,3.0,86.0,6.424764,78.6901,0.0,0.0
2024-10-19 16:00:00+00:00,22.6,73.85686,24.431847,0.0,3.0,93.0,6.489992,70.559875,0.0,0.0
2024-10-19 17:00:00+00:00,21.9,80.7901,24.29196,0.0,3.0,100.0,4.978554,49.398785,0.0,0.0
2024-10-19 18:00:00+00:00,21.9,81.552414,24.422926,0.0,3.0,100.0,4.5572357,9.090207,0.0,0.0
2024-10-19 19:00:00+00:00,22.1,79.31215,24.595497,0.0,3.0,100.0,3.9518096,30.068504,0.0,0.0
2024-10-19 20:00:00+00:00,22.05,76.12941,24.216743,0.0,3.0,100.0,4.0449967,57.724377,0.0,0.0
2024-10-19 21:00:00+00:00,21.9,78.04815,24.22171,0.0,3.0,100.0,3.745557,54.782326,0.0,0.0
2024-10-19 22:00:00+00:00,21.7,78.51163,24.003716,0.0,3.0,100.0,3.563818,44.999897,0.0,0.0
2024-10-19 23:00:00+00:00,21.9,75.62676,23.848148,0.0,3.0,100.0,4.7928696,34.286938,1.0,34.636658
2024-10-20 00:00:00+00:00,22.05,74.231125,24.053831,0.0,3.0,99.0,3.9640884,39.47243,1.0,100.42892
2024-10-20 01:00:00+00:00,23.0,71.1843,24.46849,0.0,1.0,27.0,8.37532,61.782738,1.0,416.89264
2024-10-20 02:00:00+00:00,24.2,65.181854,24.994743,0.0,2.0,75.0,12.242646,48.57643,1.0,574.57855
2024-10-20 03:00:00+00:00,25.3,62.20402,26.322836,0.0,3.0,81.0,12.330985,56.3099,1.0,595.53876
2024-10-20 04:00:00+00:00,25.75,61.525345,26.969114,0.0,2.0,70.0,11.402683,78.15795,1.0,563.75165
2024-10-20 05:00:00+00:00,26.5,61.309048,28.743763,0.0,2.0,50.0,11.252519,82.64771,1.0,663.23956
2024-10-20 06:00:00+00:00,26.4,61.67175,27.80547,0.0,2.0,67.0,12.324414,96.70974,1.0,522.99524
2024-10-20 07:00:00+00:00,24.6,68.63122,25.54059,0.0,2.0,53.0,14.913952,113.47101,1.0,395.85315
2024-10-20 08:00:00+00:00,23.3,73.05344,24.65011,0.0,1.0,21.0,11.328566,107.57135,1.0,223.54195
2024-10-20 09:00:00+00:00,22.75,74.81745,24.65522,0.0,0.0,19.0,7.0591216,109.359085,1.0,59.1318
2024-10-20 10:00:00+00:00,21.35,81.99616,23.700552,0.0,0.0,13.0,4.323748,87.614105,0.0,0.0
2024-10-20 11:00:00+00:00,22.05,73.763084,24.13723,0.0,0.0,17.0,3.096837,35.537766,0.0,0.0
2024-10-20 12:00:00+00:00,20.5,84.24874,22.781046,0.0,0.0,16.0,3.572898,319.0857,0.0,0.0
2024-10-20 13:00:00+00:00,20.5,85.31589,22.787098,0.0,0.0,18.0,4.143911,325.6196,0.0,0.0
2024-10-20 14:00:00+00:00,20.2,86.09453,22.340027,0.0,1.0,30.0,4.6938257,327.52884,0.0,0.0
2024-10-20 15:00:00+00:00,20.1,87.72546,22.341858,0.0,0.0,18.0,4.6102495,321.34018,0.0,0.0
2024-10-20 16:00:00+00:00,19.95,90.22746,22.365078,0.0,0.0,12.0,4.3573384,308.2902,0.0,0.0
2024-10-20 17:00:00+00:00,19.75,91.3529,22.152332,0.0,0.0,17.0,4.4456716,301.75943,0.0,0.0
2024-10-20 18:00:00+00:00,19.25,92.477585,21.418585,0.0,0.0,18.0,5.1165614,309.28937,0.0,0.0
2024-10-20 19:00:00+00:00,19.0,92.755325,21.082396,0.0,0.0,15.0,5.09435,302.00534,0.0,0.0
2024-10-20 20:00:00+00:00,18.8,93.33109,20.793518,0.0,0.0,14.0,5.3999996,306.86996,0.0,0.0
2024-10-20 21:00:00+00:00,18.5,94.20392,20.342424,0.0,0.0,19.0,5.983477,316.2188,0.0,0.0
2024-10-20 22:00:00+00:00,18.4,94.19963,20.25371,0.0,0.0,17.0,5.6060677,312.39737,0.0,0.0
2024-10-20 23:00:00+00:00,20.15,90.24164,22.624247,0.0,0.0,10.0,4.5820518,315.0001,1.0,95.71937
2024-10-21 00:00:00+00:00,21.5,82.78952,24.019733,0.0,0.0,4.0,4.1046314,322.12494,1.0,281.70538
2024-10-21 01:00:00+00:00,23.5,75.41014,26.035423,0.0,1.0,39.0,5.426933,5.7105074,1.0,480.41495
2024-10-21 02:00:00+00:00,25.2,66.21768,27.193533,0.0,2.0,54.0,7.689603,32.57405,1.0,587.84796
2024-10-21 03:00:00+00:00,26.9,60.069973,29.233273,0.0,1.0,35.0,7.538541,56.689358,1.0,625.8712
2024-10-21 04:00:00+00:00,27.65,57.306335,30.190868,0.0,1.0,41.0,10.495713,59.03632,1.0,720.45984
2024-10-21 05:00:00+00:00,28.1,57.414085,31.102009,0.0,1.0,20.0,8.913181,46.636536,1.0,692.0897
2024-10-21 06:00:00+00:00,29.15,52.68524,31.28746,0.0,2.0,61.0,9.167638,46.5911,1.0,561.5521
2024-10-21 07:00:00+00:00,28.5,57.330887,30.358334,0.0,1.0,22.0,11.177405,75.068535,1.0,302.88657
2024-10-21 08:00:00+00:00,26.35,70.26001,28.374317,0.0,0.0,18.0,14.332341,101.59215,1.0,226.03581
2024-10-21 09:00:00+00:00,24.65,78.20626,27.68824,0.0,0.0,1.0,7.748368,120.73541,1.0,62.83926
2024-10-21 10:00:00+00:00,22.55,88.75471,25.84628,0.0,0.0,0.0,5.994297,131.34769,0.0,0.0
2024-10-21 11:00:00+00:00,23.6,83.29294,27.062565,0.0,0.0,11.0,4.846648,121.328636,0.0,0.0
2024-10-21 12:00:00+00:00,23.7,82.79279,27.282295,0.0,1.0,34.0,4.0249224,63.435013,0.0,0.0
2024-10-21 13:00:00+00:00,23.55,83.28719,27.451494,0.0,3.0,94.0,1.659518,310.60123,0.0,0.0
2024-10-21 14:00:00+00:00,22.95,90.15965,26.990097,0.0,3.0,100.0,3.244996,340.55988,0.0,0.0
2024-10-21 15:00:00+00:00,23.2,87.1858,27.059938,0.0,3.0,100.0,3.381893,334.79892,0.0,0.0
2024-10-21 16:00:00+00:00,22.95,88.78664,26.812807,0.0,3.0,100.0,3.5455887,336.0375,0.0,0.0
2024-10-21 17:00:00+00:00,22.9,88.78266,26.769419,0.1,51.0,76.0,3.319036,347.4712,0.0,0.0
2024-10-21 18:00:00+00:00,22.15,92.351006,25.7471,0.0,1.0,24.0,4.829907,333.43503,0.0,0.0
2024-10-21 19:00:00+00:00,21.6,93.17919,25.061638,0.0,1.0,23.0,4.3349743,311.63345,0.0,0.0
2024-10-21 20:00:00+00:00,21.05,94.3123,24.24502,0.0,0.0,14.0,4.942631,303.11136,0.0,0.0
2024-10-21 21:00:00+00:00,20.5,95.17139,23.416294,0.0,0.0,10.0,5.48631,311.009,0.0,0.0
2024-10-21 22:00:00+00:00,19.95,96.34398,22.63436,0.0,0.0,6.0,5.904439,307.56866,0.0,0.0
2024-10-21 23:00:00+00:00,21.4,92.88177,24.609001,0.0,0.0,6.0,5.1919937,303.6901,1.0,94.44342
2024-10-22 00:00:00+00:00,22.75,89.04417,26.627588,0.0,0.0,4.0,2.9024127,299.74478,1.0,274.16135
2024-10-22 01:00:00+00:00,24.85,79.691185,29.091614,0.0,0.0,9.0,1.2979984,303.6901,1.0,479.53604
2024-10-22 02:00:00+00:00,26.25,71.77324,29.843788,0.0,1.0,45.0,5.495161,58.392544,1.0,628.5026
2024-10-22 03:00:00+00:00,27.1,67.01869,30.321495,0.0,2.0,51.0,5.9399996,90.0,1.0,554.8533
2024-10-22 04:00:00+00:00,27.75,63.527283,30.96077,0.0,2.0,64.0,7.8149853,75.32356,1.0,617.9219
2024-10-22 05:00:00+00:00,27.7,63.910347,30.299347,0.0,3.0,100.0,9.499157,80.18076,1.0,503.49118
2024-10-22 06:00:00+00:00,27.65,64.693924,29.845924,0.0,1.0,23.0,12.791403,92.41946,1.0,451.4419
2024-10-22 07:00:00+00:00,27.55,65.881065,30.080795,0.0,1.0,20.0,11.203464,113.682106,1.0,364.85458
2024-10-22 08:00:00+00:00,26.9,68.863785,29.768227,0.0,1.0,23.0,9.252069,127.09292,1.0,233.08173
2024-10-22 09:00:00+00:00,24.7,79.67077,27.695324,0.0,1.0,21.0,9.299225,132.64667,1.0,53.36332
2024-10-22 10:00:00+00:00,23.15,86.38044,26.645847,0.0,0.0,18.0,5.1575575,150.75127,0.0,0.0
2024-10-22 11:00:00+00:00,22.1,92.06445,25.5878,0.0,1.0,22.0,5.22,136.39711,0.0,0.0
2024-10-22 12:00:00+00:00,23.1,82.978226,26.643433,0.0,1.0,37.0,2.36753,81.25392,0.0,0.0
2024-10-22 13:00:00+00:00,22.55,91.52687,26.481947,0.0,3.0,96.0,3.438895,353.9911,0.0,0.0
2024-10-22 14:00:00+00:00,23.0,89.88718,27.188576,0.0,3.0,100.0,2.226477,345.9637,0.0,0.0
2024-10-22 15:00:00+00:00,23.05,87.71013,27.04797,0.1,51.0,100.0,2.2553935,28.610369,0.0,0.0
2024-10-22 16:00:00+00:00,22.8,87.14964,26.419283,0.3,51.0,83.0,3.6,53.13002,0.0,0.0
2024-10-22 17:00:00+00:00,22.5,87.66225,25.704508,0.1,51.0,76.0,5.7402787,48.814175,0.0,0.0
2024-10-22 18:00:00+00:00,21.95,89.257195,25.107855,0.2,51.0,72.0,5.1919937,56.309914,0.0,0.0
2024-10-22 19:00:00+00:00,21.1,90.30838,24.103258,0.1,51.0,72.0,4.0449963,69.14546,0.0,0.0
2024-10-22 20:00:00+00:00,21.1,88.63775,23.948318,0.1,51.0,57.0,4.1125174,66.80139,0.0,0.0
2024-10-22 21:00:00+00:00,20.65,89.435555,23.343433,0.0,1.0,23.0,4.198285,59.03632,0.0,0.0
2024-10-22 22:00:00+00:00,19.45,91.33398,21.529148,0.0,1.0,23.0,5.728979,46.27295,0.0,0.0
2024-10-22 23:00:00+00:00,20.95,81.94652,22.931694,0.0,2.0,61.0,5.6233797,50.194473,1.0,88.37589
2024-10-23 00:00:00+00:00,21.1,76.948875,22.154837,0.0,2.0,54.0,9.449572,49.635548,1.0,234.28781
2024-10-23 01:00:00+00:00,22.9,64.69839,22.938955,0.0,1.0,37.0,13.581354,55.256752,1.0,457.54648
2024-10-23 02:00:00+00:00,23.4,61.38215,23.406813,0.0,1.0,47.0,13.036026,54.55421,1.0,607.85004
2024-10-23 03:00:00+00:00,24.05,51.54045,24.14598,0.0,2.0,74.0,12.534257,54.9405,1.0,729.40265
2024-10-23 04:00:00+00:00,24.75,48.625572,25.366726,0.0,1.0,46.0,11.385622,50.774345,1.0,776.6186
2024-10-23 05:00:00+00:00,25.55,47.897427,26.236788,0.0,2.0,56.0,11.634741,34.919483,1.0,736.23395
2024-10-23 06:00:00+00:00,26.05,45.451767,26.03064,0.0,3.0,96.0,12.261157,49.76371,1.0,623.8037
2024-10-23 07:00:00+00:00,25.05,47.452225,24.10322,0.0,3.0,100.0,13.218668,83.74606,1.0,457.80338
2024-10-23 08:00:00+00:00,22.65,58.693592,21.993181,0.0,3.0,100.0,13.776763,107.48808,1.0,256.8021
2024-10-23 09:00:00+00:00,20.3,69.77637,19.998016,0.0,1.0,34.0,12.487641,105.03787,1.0,61.02518
2024-10-23 10:00:00+00:00,19.3,74.00058,19.72355,0.0,1.0,46.0,7.388775,92.79265,0.0,0.0
2024-10-23 11:00:00+00:00,19.1,74.2057,19.682266,0.0,1.0,43.0,5.920878,70.46326,0.0,0.0
2024-10-23 12:00:00+00:00,17.9,78.71351,18.36394,0.0,3.0,85.0,6.1094027,44.999897,0.0,0.0
2024-10-23 13:00:00+00:00,19.35,73.059326,19.860865,0.0,3.0,100.0,6.4096174,38.157276,0.0,0.0
2024-10-23 14:00:00+00:00,19.5,69.39584,19.723888,0.0,3.0,100.0,6.76618,28.610369,0.0,0.0
2024-10-23 15:00:00+00:00,19.0,68.623,18.86312,0.0,3.0,100.0,7.689603,20.556128,0.0,0.0
2024-10-23 16:00:00+00:00,18.1,72.60013,18.23837,0.0,3.0,100.0,5.8048253,7.12493,0.0,0.0
2024-10-23 17:00:00+00:00,17.65,71.80942,17.611334,0.0,3.0,100.0,5.637765,16.699326,0.0,0.0
2024-10-23 18:00:00+00:00,17.35,69.42893,16.8514,0.0,3.0,99.0,7.0223074,1.4687687,0.0,0.0
2024-10-23 19:00:00+00:00,17.05,67.77967,16.113146,0.0,3.0,100.0,8.649369,347.98853,0.0,0.0
2024-10-23 20:00:00+00:00,16.75,67.71805,16.011675,0.0,3.0,100.0,6.6697226,356.906,0.0,0.0
2024-10-23 21:00:00+00:00,16.95,62.755802,15.832481,0.0,3.0,100.0,7.3799996,347.3196,0.0,0.0
2024-10-23 22:00:00+00:00,16.5,65.884,15.530949,0.0,3.0,92.0,6.9480934,343.44284,0.0,0.0
2024-10-23 23:00:00+00:00,17.2,64.298225,16.542957,0.0,3.0,100.0,5.4029994,1.9091109,1.0,96.681404
2024-10-24 00:00:00+00:00,18.35,58.424843,17.010283,0.0,3.0,97.0,9.387651,327.52884,1.0,280.61514
2024-10-24 01:00:00+00:00,20.25,53.84891,18.940212,0.0,3.0,87.0,10.2742,356.98727,1.0,490.71283
2024-10-24 02:00:00+00:00,21.6,50.727077,20.013018,0.0,3.0,95.0,14.292725,16.837555,1.0,644.1589
2024-10-24 03:00:00+00:00,22.35,51.602097,21.392174,0.0,2.0,76.0,15.455911,26.266575,1.0,714.8237
2024-10-24 04:00:00+00:00,22.6,50.824165,22.012732,0.0,3.0,100.0,14.33234,25.277687,1.0,723.3243
2024-10-24 05:00:00+00:00,23.05,50.112595,22.441828,0.0,3.0,100.0,13.151091,30.425709,1.0,647.20905
2024-10-24 06:00:00+00:00,23.2,53.024235,22.238115,0.0,3.0,100.0,13.33094,55.451576,1.0,456.58008
2024-10-24 07:00:00+00:00,23.25,52.17794,22.167692,0.0,3.0,100.0,13.690654,50.869614,1.0,407.3267
2024-10-24 08:00:00+00:00,22.9,54.526505,22.316559,0.0,3.0,90.0,11.090103,54.246033,1.0,198.55197
2024-10-24 09:00:00+00:00,21.75,56.783382,21.300728,0.0,3.0,100.0,9.12513,67.98867,1.0,40.643684
2024-10-24 10:00:00+00:00,21.15,54.08042,20.26426,0.0,3.0,100.0,9.236298,56.929314,0.0,0.0
2024-10-24 11:00:00+00:00,20.85,55.086502,19.882008,0.0,3.0,92.0,9.801326,44.256035,0.0,0.0
2024-10-24 12:00:00+00:00,20.6,57.62729,19.848392,0.0,3.0,100.0,9.292254,45.78474,0.0,0.0
2024-10-24 13:00:00+00:00,21.1,56.99601,20.55543,0.0,3.0,100.0,8.534353,27.645891,0.0,0.0
2024-10-24 14:00:00+00:00,20.8,58.824364,20.591188,0.0,3.0,100.0,6.6818557,27.255245,0.0,0.0
2024-10-24 15:00:00+00:00,20.65,59.957108,20.641022,0.0,3.0,100.0,5.6521144,9.16228,0.0,0.0
2024-10-24 16:00:00+00:00,20.6,58.969654,20.386267,0.0,3.0,96.0,6.379216,16.389616,0.0,0.0
2024-10-24 17:00:00+00:00,20.35,60.876915,20.365751,0.0,3.0,100.0,5.3699164,13.5704565,0.0,0.0
2024-10-24 18:00:00+00:00,20.3,61.265694,20.424936,0.0,3.0,99.0,4.73506,351.2539,0.0,0.0
2024-10-24 19:00:00+00:00,19.9,63.213478,19.957535,0.0,3.0,90.0,5.426933,354.2895,0.0,0.0
2024-10-24 20:00:00+00:00,20.05,62.834435,20.132496,0.0,3.0,96.0,5.3699164,346.42953,0.0,0.0
2024-10-24 21:00:00+00:00,19.85,65.09013,20.140602,0.0,3.0,100.0,4.755544,330.5242,0.0,0.0
2024-10-24 22:00:00+00:00,20.15,63.684097,20.323307,0.0,3.0,100.0,5.441838,325.78424,0.0,0.0
2024-10-24 23:00:00+00:00,20.4,66.49112,20.812471,0.0,3.0,100.0,5.95906,334.98312,1.0,22.019566
2024-10-25 00:00:00+00:00,21.1,68.15623,21.71338,0.0,3.0,100.0,7.2403865,325.1246,1.0,74.35015
2024-10-25 01:00:00+00:00,22.05,63.690178,22.414701,0.0,3.0,100.0,8.55142,329.65683,1.0,152.71544
2024-10-25 02:00:00+00:00,22.6,64.42724,23.20251,0.0,3.0,100.0,8.766573,340.8209,1.0,165.46619
2024-10-25 03:00:00+00:00,23.65,64.448135,24.425026,0.0,3.0,100.0,10.3480425,346.93066,1.0,235.15771
2024-10-25 04:00:00+00:00,24.55,64.234215,25.594614,0.0,3.0,100.0,10.823973,3.8140097,1.0,274.2445
2024-10-25 05:00:00+00:00,24.95,64.72646,26.04178,0.0,3.0,100.0,12.007498,12.99463,1.0,246.27548
2024-10-25 06:00:00+00:00,25.05,67.02156,26.688261,0.0,3.0,99.0,10.285232,4.0141068,1.0,186.24138
2024-10-25 07:00:00+00:00,25.05,67.65371,26.857737,0.0,3.0,100.0,9.600937,353.54126,1.0,170.7129
2024-10-25 08:00:00+00:00,24.45,70.78303,26.620953,0.0,3.0,100.0,7.596341,346.293,1.0,49.88897
2024-10-25 09:00:00+00:00,23.85,74.29971,26.55111,0.0,3.0,100.0,4.613762,339.44388,1.0,7.4409866
2024-10-25 10:00:00+00:00,23.6,74.72334,26.220137,0.0,3.0,100.0,4.6834598,357.79745,0.0,0.0
2024-10-25 11:00:00+00:00,23.8,71.10749,25.684843,0.0,3.0,80.0,7.814986,7.9433913,0.0,0.0
2024-10-25 12:00:00+00:00,23.4,73.0708,25.371176,0.0,3.0,100.0,7.3821945,1.397161,0.0,0.0
2024-10-25 13:00:00+00:00,23.15,80.20236,26.09124,0.0,3.0,100.0,4.7928696,325.71307,0.0,0.0
2024-10-25 14:00:00+00:00,23.15,79.70549,26.117363,0.0,3.0,100.0,4.278551,337.75092,0.0,0.0
2024-10-25 15:00:00+00:00,23.05,79.19734,26.019445,0.0,3.0,100.0,3.6,306.86996,0.0,0.0
2024-10-25 16:00:00+00:00,23.0,80.18225,25.860802,0.0,3.0,100.0,4.8433046,311.98712,0.0,0.0
2024-10-25 17:00:00+00:00,23.0,79.933266,25.727404,0.0,3.0,100.0,5.5916004,303.17853,0.0,0.0
2024-10-25 18:00:00+00:00,22.95,80.42531,25.810366,0.0,3.0,100.0,4.846648,291.80148,0.0,0.0
2024-10-25 19:00:00+00:00,22.75,82.16839,25.546898,0.1,51.0,100.0,5.7852573,264.64426,0.0,0.0
2024-10-25 20:00:00+00:00,22.4,84.718544,25.152042,0.1,51.0,100.0,6.601363,258.9965,0.0,0.0
2024-10-25 21:00:00+00:00,22.15,85.750725,24.774336,0.1,51.0,100.0,7.3094187,279.92618,0.0,0.0
2024-10-25 22:00:00+00:00,21.85,85.72072,24.231459,0.1,51.0,100.0,7.970972,276.48297,0.0,0.0
2024-10-25 23:00:00+00:00,21.9,85.194016,24.172276,0.1,51.0,100.0,8.553314,278.47107,1.0,29.727974
2024-10-26 00:00:00+00:00,22.05,84.15583,24.20147,0.1,51.0,100.0,9.215226,282.4074,1.0,69.08518
2024-10-26 01:00:00+00:00,22.35,85.24052,24.641972,0.0,3.0,100.0,9.926147,274.15958,1.0,124.6067
2024-10-26 02:00:00+00:00,22.7,85.80552,25.53346,0.1,51.0,100.0,7.7588143,266.00916,1.0,139.20569
2024-10-26 03:00:00+00:00,23.15,85.58605,26.344341,0.3,51.0,100.0,6.689125,293.80594,1.0,152.60422
2024-10-26 04:00:00+00:00,23.25,84.02745,26.202198,0.2,51.0,100.0,7.6409945,316.90915,1.0,163.73448
2024-10-26 05:00:00+00:00,23.25,84.02745,25.903635,0.1,51.0,100.0,9.688281,324.8335,1.0,170.91025
2024-10-26 06:00:00+00:00,23.6,83.036606,26.295181,0.0,3.0,100.0,9.931042,313.53125,1.0,156.67133
2024-10-26 07:00:00+00:00,24.4,81.11353,27.483904,0.0,3.0,100.0,8.694204,297.09546,1.0,172.2799
2024-10-26 08:00:00+00:00,24.6,79.90244,27.75124,0.0,3.0,100.0,8.049845,296.56497,1.0,118.371704
2024-10-26 09:00:00+00:00,23.8,82.04278,26.543846,0.0,1.0,37.0,9.595874,293.1986,1.0,19.288723
2024-10-26 10:00:00+00:00,22.8,85.28681,25.823874,0.0,3.0,99.0,6.452441,292.98874,0.0,0.0
2024-10-26 11:00:00+00:00,23.0,83.48176,25.884068,0.0,3.0,100.0,6.889557,303.2749,0.0,0.0
2024-10-26 12:00:00+00:00,22.65,85.27139,25.64125,0.0,1.0,35.0,6.156947,307.87503,0.0,0.0
2024-10-26 13:00:00+00:00,22.9,85.29705,25.921978,0.0,3.0,100.0,6.8138976,282.20044,0.0,0.0
2024-10-26 14:00:00+00:00,22.95,86.6279,26.316952,0.1,51.0,94.0,5.506941,281.3099,0.0,0.0
2024-10-26 15:00:00+00:00,22.9,87.15868,26.109688,0.0,3.0,100.0,6.763786,295.20108,0.0,0.0
2024-10-26 16:00:00+00:00,22.95,87.16322,26.349905,0.5,53.0,100.0,5.637765,286.6993,0.0,0.0
2024-10-26 17:00:00+00:00,22.45,93.22137,25.934864,0.6,53.0,100.0,7.2403865,304.8754,0.0,0.0
2024-10-26 18:00:00+00:00,22.35,94.65579,26.120209,0.2,51.0,100.0,5.8409934,303.6901,0.0,0.0
2024-10-26 19:00:00+00:00,22.35,94.65579,26.182337,0.4,51.0,100.0,5.4149795,285.4222,0.0,0.0
2024-10-26 20:00:00+00:00,22.3,94.65383,26.074448,0.6,53.0,100.0,5.6262593,277.3523,0.0,0.0
2024-10-26 21:00:00+00:00,22.2,95.52376,26.023811,0.5,53.0,100.0,5.4744864,260.53775,0.0,0.0
2024-10-26 22:00:00+00:00,22.2,95.816605,26.128572,0.8,53.0,100.0,4.942631,280.49142,0.0,0.0
2024-10-26 23:00:00+00:00,22.4,95.53035,26.472857,1.0,55.0,100.0,4.514377,293.49857,1.0,12.54601
2024-10-27 00:00:00+00:00,22.8,94.962685,27.035881,0.5,53.0,100.0,4.5322843,276.84268,1.0,38.00965
2024-10-27 01:00:00+00:00,25.1,85.7802,29.673264,0.0,1.0,37.0,4.5322843,276.84268,1.0,285.85507
2024-10-27 02:00:00+00:00,26.85,76.40506,31.018978,0.1,51.0,71.0,6.5024605,4.763556,1.0,508.74045
2024-10-27 03:00:00+00:00,27.65,72.68247,31.965603,0.1,51.0,49.0,5.293959,35.311302,1.0,503.84943
2024-10-27 04:00:00+00:00,27.95,71.20329,32.581516,0.0,1.0,42.0,2.9301877,79.380394,1.0,462.05157
2024-10-27 05:00:00+00:00,28.3,69.97878,33.047935,0.1,51.0,43.0,5.223103,91.97489,1.0,595.65765
2024-10-27 06:00:00+00:00,28.3,69.97878,32.506214,0.1,51.0,38.0,6.037383,116.56499,1.0,454.15775
2024-10-27 07:00:00+00:00,27.95,72.07468,31.888725,0.1,51.0,44.0,8.461915,128.08882,1.0,330.47842
2024-10-27 08:00:00+00:00,26.9,77.81761,30.98442,0.1,51.0,57.0,8.461915,128.08882,1.0,168.45529
2024-10-27 09:00:00+00:00,25.8,84.05062,30.464691,0.0,2.0,65.0,5.293959,125.311295,1.0,35.65281
2024-10-27 10:00:00+00:00,24.45,89.17563,29.033024,0.0,2.0,63.0,4.471107,139.89915,0.0,0.0
2024-10-27 11:00:00+00:00,23.9,91.88761,28.517082,0.0,2.0,61.0,4.0449963,159.14546,0.0,0.0
2024-10-27 12:00:00+00:00,23.35,94.12086,27.919926,0.0,2.0,59.0,3.7842832,182.72626,0.0,0.0
2024-10-27 13:00:00+00:00,23.65,95.57129,28.558685,0.0,2.0,60.0,3.6402748,171.46931,0.0,0.0
2024-10-27 14:00:00+00:00,23.25,95.558235,27.833801,0.1,51.0,70.0,4.278551,157.75093,0.0,0.0
2024-10-27 15:00:00+00:00,23.55,91.03114,27.950901,0.1,51.0,84.0,3.5864744,107.52566,0.0,0.0
2024-10-27 16:00:00+00:00,22.65,92.09602,26.477436,0.1,51.0,100.0,4.8899083,96.340096,0.0,0.0
2024-10-27 17:00:00+00:00,22.35,88.46517,25.733433,0.0,3.0,100.0,4.514377,113.49858,0.0,0.0
2024-10-27 18:00:00+00:00,22.1,87.62726,25.363716,0.0,3.0,100.0,3.9477081,114.22774,0.0,0.0
2024-10-27 19:00:00+00:00,22.0,87.07689,25.23017,0.0,3.0,100.0,3.494968,124.50858,0.0,0.0
2024-10-27 20:00:00+00:00,21.8,86.25066,24.59306,0.0,3.0,94.0,5.315336,118.30067,0.0,0.0
2024-10-27 21:00:00+00:00,21.1,85.37766,23.645407,0.0,2.0,79.0,4.2481523,126.384445,0.0,0.0
2024-10-27 22:00:00+00:00,20.65,82.68802,22.901613,0.0,3.0,90.0,3.319036,130.60121,0.0,0.0
2024-10-27 23:00:00+00:00,21.2,77.20836,23.128769,0.0,1.0,39.0,3.8939953,146.3099,1.0,55.93071
2024-10-28 00:00:00+00:00,21.65,74.16362,23.60973,0.0,2.0,57.0,3.096837,144.46223,1.0,195.90446
2024-10-28 01:00:00+00:00,21.25,81.98377,24.028397,0.0,3.0,100.0,1.08,180.0,1.0,153.0366
2024-10-28 02:00:00+00:00,21.85,80.53075,24.474989,0.1,51.0,98.0,3.0652895,93.366394,1.0,189.73785
2024-10-28 03:00:00+00:00,22.55,77.6557,25.141794,0.1,51.0,82.0,3.604497,87.13766,1.0,311.53967
2024-10-28 04:00:00+00:00,23.6,72.194916,25.952559,0.0,3.0,100.0,4.7657523,79.11452,1.0,487.14395
2024-10-28 05:00:00+00:00,24.35,68.58233,26.330162,0.0,3.0,100.0,7.0015144,72.03077,1.0,477.78934
2024-10-28 06:00:00+00:00,24.4,67.5236,25.936586,0.0,3.0,100.0,9.422101,83.41815,1.0,369.25552
2024-10-28 07:00:00+00:00,23.85,68.26879,25.215101,0.0,3.0,100.0,9.531505,100.88548,1.0,254.51648
2024-10-28 08:00:00+00:00,23.05,70.52267,24.378176,0.0,3.0,100.0,9.037721,134.19316,1.0,110.26721
2024-10-28 09:00:00+00:00,22.2,75.43686,24.040773,0.0,2.0,77.0,6.279395,152.70052,1.0,25.428848
2024-10-28 10:00:00+00:00,21.05,82.2172,23.417088,0.0,2.0,62.0,3.4388947,137.12111,0.0,0.0
2024-10-28 11:00:00+00:00,21.0,83.251595,23.505552,0.0,3.0,100.0,2.9522195,142.43134,0.0,0.0
2024-10-28 12:00:00+00:00,21.2,84.325584,23.977314,0.0,3.0,100.0,2.34,180.0,0.0,0.0
2024-10-28 13:00:00+00:00,21.4,77.483345,23.661789,0.0,3.0,95.0,2.3469129,122.471176,0.0,0.0
2024-10-28 14:00:00+00:00,21.55,73.210724,23.573236,0.0,2.0,77.0,1.8,36.86999,0.0,0.0
2024-10-28 15:00:00+00:00,20.65,78.3591,22.535898,0.0,2.0,77.0,3.319036,347.4712,0.0,0.0
2024-10-28 16:00:00+00:00,19.8,81.80269,21.459377,0.0,3.0,87.0,4.445672,338.6293,0.0,0.0
2024-10-28 17:00:00+00:00,19.25,85.728264,20.95281,0.0,2.0,52.0,4.724786,310.36444,0.0,0.0
2024-10-28 18:00:00+00:00,19.05,85.164955,20.63916,0.0,3.0,94.0,4.6452556,305.53775,0.0,0.0
2024-10-28 19:00:00+00:00,19.15,82.770294,20.6972,0.0,3.0,100.0,3.9477081,335.77228,0.0,0.0
2024-10-28 20:00:00+00:00,18.85,85.68773,20.534224,0.0,3.0,88.0,3.710795,345.9637,0.0,0.0
2024-10-28 21:00:00+00:00,17.8,91.22868,19.275995,0.0,1.0,43.0,5.00128,329.74365,0.0,0.0
2024-10-28 22:00:00+00:00,17.5,92.086044,18.914274,0.0,2.0,66.0,5.004518,322.3057,0.0,0.0
2024-10-28 23:00:00+00:00,18.95,88.74164,20.775776,0.0,3.0,89.0,4.6102495,321.34018,1.0,85.03014
2024-10-29 00:00:00+00:00,20.2,75.83462,21.653198,0.0,1.0,43.0,3.62243,333.43503,1.0,269.97217
2024-10-29 01:00:00+00:00,21.7,66.97543,22.68444,0.0,0.0,14.0,5.4833565,23.198618,1.0,424.106
2024-10-29 02:00:00+00:00,22.75,62.22597,23.703487,0.0,2.0,53.0,5.293959,35.311302,1.0,585.84564
2024-10-29 03:00:00+00:00,23.8,59.728878,25.477709,0.0,1.0,20.0,6.341009,55.407658,1.0,700.5169
2024-10-29 04:00:00+00:00,24.7,58.0583,26.26169,0.0,2.0,64.0,8.43699,56.309914,1.0,682.984
2024-10-29 05:00:00+00:00,24.9,57.736645,25.778757,0.0,2.0,51.0,8.936777,71.20003,1.0,551.0492
2024-10-29 06:00:00+00:00,24.6,59.7253,24.922066,0.0,2.0,78.0,12.601285,90.818436,1.0,492.4513
2024-10-29 07:00:00+00:00,23.05,66.825096,23.49992,0.0,1.0,38.0,12.580699,109.21277,1.0,376.28415
2024-10-29 08:00:00+00:00,21.9,71.20733,22.570591,0.0,2.0,62.0,10.7894945,117.84749,1.0,225.21321
2024-10-29 09:00:00+00:00,20.75,75.681435,21.910736,0.0,3.0,82.0,7.0107627,119.197395,1.0,44.082123
2024-10-29 10:00:00+00:00,19.2,84.91051,20.653427,0.0,3.0,92.0,5.8603754,100.619606,0.0,0.0
2024-10-29 11:00:00+00:00,19.15,81.46007,20.425863,0.0,3.0,96.0,5.1165614,50.710617,0.0,0.0
2024-10-29 12:00:00+00:00,19.6,77.20979,20.8246,0.0,3.0,96.0,4.379589,80.53775,0.0,0.0
2024-10-29 13:00:00+00:00,19.45,86.02044,21.364964,0.0,3.0,100.0,3.9966488,7.7650824,0.0,0.0
2024-10-29 14:00:00+00:00,19.25,83.57677,20.892311,0.0,3.0,100.0,3.9966488,352.23492,0.0,0.0
2024-10-29 15:00:00+00:00,19.05,84.355995,20.540619,0.0,3.0,100.0,4.896529,17.102825,0.0,0.0
2024-10-29 16:00:00+00:00,19.25,80.43851,20.562769,0.0,3.0,92.0,4.5891175,25.559923,0.0,0.0
2024-10-29 17:00:00+00:00,17.6,84.46658,18.384266,0.0,3.0,100.0,5.950899,356.53183,0.0,0.0
2024-10-29 18:00:00+00:00,17.15,85.78967,17.755146,0.0,3.0,88.0,6.6624317,1.5481218,0.0,0.0
2024-10-29 19:00:00+00:00,19.05,73.480644,19.760023,0.0,3.0,94.0,4.542994,33.6901,0.0,0.0
2024-10-29 20:00:00+00:00,18.7,72.94429,19.272314,0.0,2.0,66.0,4.379589,80.53775,0.0,0.0
2024-10-29 21:00:00+00:00,18.35,71.70366,19.052624,0.0,2.0,73.0,2.0523157,105.25517,0.0,0.0
2024-10-29 22:00:00+00:00,18.2,70.28303,18.966705,0.0,0.0,3.0,0.56920993,71.564964,0.0,0.0
2024-10-29 23:00:00+00:00,17.45,84.72254,18.822279,0.0,0.0,10.0,1.659518,319.39877,1.0,91.43342
2024-10-30 00:00:00+00:00,18.7,72.001976,19.323393,0.0,1.0,28.0,3.5455887,293.9625,1.0,278.79382
2024-10-30 01:00:00+00:00,20.35,66.91327,20.70413,0.0,3.0,83.0,6.482499,358.40887,1.0,452.72195
2024-10-30 02:00:00+00:00,21.8,58.29917,21.369596,0.0,3.0,80.0,10.478722,4.92703,1.0,615.6633
2024-10-30 03:00:00+00:00,23.35,54.818142,23.339235,0.0,3.0,98.0,12.295462,17.90454,1.0,682.82135
2024-10-30 04:00:00+00:00,24.25,56.4808,24.725616,0.0,3.0,97.0,12.24,28.072395,1.0,655.8495
2024-10-30 05:00:00+00:00,25.2,57.99314,24.691763,0.0,3.0,98.0,20.88,46.39711,1.0,597.2712
2024-10-30 06:00:00+00:00,25.0,62.136936,24.887901,0.0,3.0,100.0,18.455925,45.395092,1.0,381.84665
2024-10-30 07:00:00+00:00,24.95,64.930405,25.818666,0.0,3.0,100.0,13.690654,50.869614,1.0,258.36444
2024-10-30 08:00:00+00:00,24.3,66.240005,24.808674,0.0,3.0,100.0,15.2501545,59.50025,1.0,173.89601
2024-10-30 09:00:00+00:00,23.3,68.159874,23.930412,0.0,3.0,100.0,12.932471,34.7961,1.0,20.34658
2024-10-30 10:00:00+00:00,22.75,68.702,23.742292,0.0,3.0,97.0,9.292255,31.534754,0.0,0.0
2024-10-30 11:00:00+00:00,22.55,69.540886,23.449768,0.0,3.0,100.0,9.927779,22.380184,0.0,0.0
2024-10-30 12:00:00+00:00,22.3,71.28098,23.596552,0.0,3.0,100.0,7.6409945,15.018415,0.0,0.0
2024-10-30 13:00:00+00:00,22.45,74.76795,23.830915,0.0,3.0,100.0,9.734987,19.440128,0.0,0.0
2024-10-30 14:00:00+00:00,22.25,74.97091,23.512085,0.0,3.0,100.0,10.096059,11.3098955,0.0,0.0
2024-10-30 15:00:00+00:00,22.1,74.23951,23.236095,0.0,3.0,100.0,10.062305,10.304792,0.0,0.0
2024-10-30 16:00:00+00:00,21.85,74.197365,22.945292,0.0,3.0,100.0,9.605998,12.99463,0.0,0.0
2024-10-30 17:00:00+00:00,21.7,73.93728,22.418243,0.0,3.0,99.0,11.609651,352.87506,0.0,0.0
2024-10-30 18:00:00+00:00,21.4,74.59361,22.582739,0.0,3.0,100.0,7.9932976,352.23492,0.0,0.0
2024-10-30 19:00:00+00:00,21.4,73.18457,22.012028,0.0,3.0,100.0,11.052058,353.4538,0.0,0.0
2024-10-30 20:00:00+00:00,21.4,72.72012,22.08461,0.0,3.0,100.0,10.272623,348.887,0.0,0.0
2024-10-30 21:00:00+00:00,21.45,72.03732,21.630077,0.0,3.0,100.0,13.451914,347.6375,0.0,0.0
2024-10-30 22:00:00+00:00,21.45,71.80806,21.67983,0.0,3.0,100.0,12.971244,357.6141,0.0,0.0
2024-10-30 23:00:00+00:00,21.5,73.20201,21.821823,0.0,3.0,100.0,13.324863,358.45187,1.0,26.49495
2024-10-31 00:00:00+00:00,21.7,74.64359,22.372665,0.0,3.0,100.0,12.358542,347.38068,1.0,50.685078
2024-10-31 01:00:00+00:00,22.25,78.09957,23.4599,0.1,51.0,100.0,12.452566,355.85544,1.0,73.15251
2024-10-31 02:00:00+00:00,23.45,75.87432,24.580019,0.0,3.0,100.0,15.226764,6.7888846,1.0,192.11519
2024-10-31 03:00:00+00:00,24.45,74.3996,26.197357,0.0,3.0,100.0,13.138765,350.53775,1.0,282.3653
2024-10-31 04:00:00+00:00,24.6,75.11976,26.148909,0.0,3.0,100.0,15.517629,356.00916,1.0,319.38226
2024-10-31 05:00:00+00:00,25.55,74.35198,27.453955,0.1,51.0,100.0,15.697197,356.0549,1.0,391.68542
2024-10-31 06:00:00+00:00,25.55,74.81127,27.217968,0.0,3.0,100.0,17.673029,3.5034683,1.0,266.7321
2024-10-31 07:00:00+00:00,25.05,75.425,25.500622,0.1,51.0,100.0,24.781233,11.3098955,1.0,160.37592
2024-10-31 08:00:00+00:00,24.25,80.59665,25.12167,1.2,55.0,100.0,22.96464,21.134317,1.0,83.381485
2024-10-31 09:00:00+00:00,22.85,90.15259,24.475681,1.5,61.0,100.0,19.434166,15.580991,1.0,8.780604
2024-10-31 10:00:00+00:00,22.75,90.70069,23.667448,0.7,53.0,100.0,24.29133,6.808965,0.0,0.0
2024-10-31 11:00:00+00:00,22.7,90.41932,23.697613,1.3,61.0,100.0,23.376448,6.6324186,0.0,0.0
2024-10-31 12:00:00+00:00,22.65,90.41591,22.79416,1.6,61.0,100.0,29.047003,7.477245,0.0,0.0
2024-10-31 13:00:00+00:00,23.1,90.72405,24.086855,2.4,61.0,100.0,25.107903,12.840678,0.0,0.0
2024-10-31 14:00:00+00:00,22.8,90.982666,23.882656,2.9,63.0,100.0,23.525661,9.246045,0.0,0.0
2024-10-31 15:00:00+00:00,22.5,90.40557,23.178518,3.6,63.0,100.0,24.840652,359.58484,0.0,0.0
2024-10-31 16:00:00+00:00,22.6,90.69069,23.616543,3.8,63.0,100.0,23.0653,2.6837227,0.0,0.0
2024-10-31 17:00:00+00:00,22.6,90.69069,23.72005,4.6,63.0,100.0,22.355536,356.76904,0.0,0.0
2024-10-31 18:00:00+00:00,22.7,90.14204,24.068237,2.1,61.0,100.0,20.652988,353.49445,0.0,0.0
2024-10-31 19:00:00+00:00,22.8,89.87273,24.42432,1.3,61.0,100.0,19.0783,333.67676,0.0,0.0
2024-10-31 20:00:00+00:00,21.85,91.766556,23.439777,0.5,53.0,100.0,17.169018,299.52127,0.0,0.0
2024-10-31 21:00:00+00:00,20.2,90.24513,20.799944,0.9,53.0,100.0,17.5931,277.05222,0.0,0.0
2024-10-31 22:00:00+00:00,19.6,88.236336,19.388622,0.4,51.0,100.0,20.212965,283.9125,0.0,0.0
2024-10-31 23:00:00+00:00,19.95,84.99005,19.098553,0.1,51.0,99.0,23.85051,294.0503,1.0,24.192415
2024-11-01 00:00:00+00:00,20.4,82.39726,19.809044,0.0,3.0,100.0,21.913475,294.2492,1.0,79.64528
2024-11-01 01:00:00+00:00,20.35,88.57657,20.665014,3.2,63.0,100.0,19.070658,289.29013,1.0,128.70918
2024-11-01 02:00:00+00:00,20.15,89.117584,21.00023,6.7,63.0,100.0,15.086748,287.3541,1.0,35.141636
2024-11-01 03:00:00+00:00,21.55,83.83815,22.586678,1.8,61.0,100.0,15.070633,277.54932,1.0,147.47697
2024-11-01 04:00:00+00:00,21.1,87.539154,22.428675,0.8,53.0,100.0,13.878688,279.70657,1.0,132.57262
2024-11-01 05:00:00+00:00,21.0,87.80397,22.577353,2.2,61.0,100.0,12.011544,289.2496,1.0,94.53047
2024-11-01 06:00:00+00:00,22.1,83.119354,23.688587,1.5,61.0,100.0,12.580699,289.21277,1.0,183.88611
2024-11-01 07:00:00+00:00,22.25,80.58366,23.40437,0.2,51.0,100.0,14.420235,294.32556,1.0,151.67383
2024-11-01 08:00:00+00:00,21.85,78.28669,22.616499,0.0,3.0,100.0,14.410121,295.92484,1.0,77.23551
2024-11-01 09:00:00+00:00,21.5,77.49839,22.513573,0.0,3.0,100.0,11.203464,293.6821,1.0,8.93343
2024-11-01 10:00:00+00:00,21.35,75.777916,22.504265,0.0,2.0,78.0,8.766573,289.1791,0.0,0.0
2024-11-01 11:00:00+00:00,21.25,75.04388,22.260918,0.0,2.0,77.0,9.028754,293.49857,0.0,0.0
2024-11-01 12:00:00+00:00,20.6,77.11671,21.815502,0.0,3.0,93.0,7.0591216,289.35907,0.0,0.0
2024-11-01 13:00:00+00:00,20.8,78.132866,21.98296,0.0,0.0,15.0,8.427383,289.9832,0.0,0.0
2024-11-01 14:00:00+00:00,20.25,79.80865,21.442535,0.0,0.0,0.0,7.7879906,303.6901,0.0,0.0
2024-11-01 15:00:00+00:00,19.45,83.07002,20.753666,0.0,0.0,0.0,6.601363,295.8663,0.0,0.0
2024-11-01 16:00:00+00:00,19.05,84.355995,20.30642,0.0,0.0,0.0,6.502461,311.63345,0.0,0.0
2024-11-01 17:00:00+00:00,18.8,84.597755,19.939161,0.0,0.0,0.0,6.7469993,316.08084,0.0,0.0
2024-11-01 18:00:00+00:00,18.45,85.37404,19.55773,0.0,0.0,2.0,6.4096174,308.15726,0.0,0.0
2024-11-01 19:00:00+00:00,18.4,85.64195,19.297977,0.0,0.0,0.0,7.8480825,306.60718,0.0,0.0
2024-11-01 20:00:00+00:00,18.05,86.986305,19.033224,0.0,0.0,11.0,6.989936,304.50858,0.0,0.0
2024-11-01 21:00:00+00:00,17.9,87.53037,18.837315,0.0,1.0,25.0,7.1684303,308.8845,0.0,0.0
2024-11-01 22:00:00+00:00,17.65,88.91924,18.701784,0.0,0.0,9.0,6.384293,310.426,0.0,0.0
2024-11-01 23:00:00+00:00,18.55,86.756165,19.652132,0.0,0.0,4.0,7.42159,309.09384,1.0,79.115395
2024-11-02 00:00:00+00:00,20.15,81.07186,21.500185,0.0,0.0,2.0,7.1389914,303.6901,1.0,256.05093
2024-11-02 01:00:00+00:00,22.0,77.32981,23.854929,0.0,1.0,29.0,6.792466,302.00534,1.0,439.62207
2024-11-02 02:00:00+00:00,23.55,72.186035,25.642607,0.0,2.0,69.0,6.391901,302.3474,1.0,596.5192
2024-11-02 03:00:00+00:00,24.85,68.67999,28.250824,0.0,2.0,57.0,3.8183763,351.87,1.0,692.5074
2024-11-02 04:00:00+00:00,25.85,63.113945,28.596699,0.0,3.0,83.0,4.755544,60.524208,1.0,614.65497
2024-11-02 05:00:00+00:00,25.75,63.29031,27.368526,0.0,2.0,71.0,9.627896,110.80687,1.0,442.68756
2024-11-02 06:00:00+00:00,23.8,74.75627,24.814693,0.0,0.0,13.0,16.341381,130.53276,1.0,432.89978
2024-11-02 07:00:00+00:00,23.05,75.33753,24.383165,0.0,0.0,9.0,12.232057,122.98853,1.0,368.17535
2024-11-02 08:00:00+00:00,22.6,75.02833,24.134663,0.0,1.0,36.0,9.292255,111.595375,1.0,208.17984
2024-11-02 09:00:00+00:00,21.6,79.24214,23.597652,0.0,3.0,87.0,5.815978,111.801476,1.0,33.730415
2024-11-02 10:00:00+00:00,20.55,84.51986,22.806704,0.0,1.0,39.0,4.0449967,122.27562,0.0,0.0
2024-11-02 11:00:00+00:00,19.75,88.80636,21.75061,0.0,1.0,31.0,5.8048253,97.12492,0.0,0.0
2024-11-02 12:00:00+00:00,20.3,81.09138,22.15034,0.0,1.0,28.0,4.143911,34.3804,0.0,0.0
2024-11-02 13:00:00+00:00,21.25,79.19295,23.562698,0.0,3.0,81.0,2.5959969,33.6901,0.0,0.0
2024-11-02 14:00:00+00:00,21.25,79.19295,23.65134,0.0,3.0,100.0,1.9881649,354.80566,0.0,0.0
2024-11-02 15:00:00+00:00,20.7,88.32867,23.495121,0.0,3.0,100.0,3.01735,17.354122,0.0,0.0
2024-11-02 16:00:00+00:00,20.65,86.40931,23.267094,0.0,3.0,100.0,2.968636,14.036275,0.0,0.0
2024-11-02 17:00:00+00:00,20.45,88.03154,23.039108,0.0,3.0,100.0,3.4763772,21.25058,0.0,0.0
2024-11-02 18:00:00+00:00,20.3,84.75946,22.575336,0.0,3.0,92.0,3.3092597,22.380184,0.0,0.0
2024-11-02 19:00:00+00:00,20.5,80.35063,22.500391,0.0,1.0,47.0,3.2599385,6.3401003,0.0,0.0
2024-11-02 20:00:00+00:00,19.2,86.54275,21.025267,0.0,1.0,25.0,4.175069,352.5687,0.0,0.0
2024-11-02 21:00:00+00:00,18.65,89.56543,20.321386,0.0,1.0,25.0,5.2323985,333.43503,0.0,0.0
2024-11-02 22:00:00+00:00,18.35,91.84416,20.07542,0.0,0.0,19.0,5.154415,335.22488,0.0,0.0
2024-11-02 23:00:00+00:00,19.7,89.36295,22.154495,0.0,0.0,15.0,2.8460498,341.56494,1.0,72.0139
2024-11-03 00:00:00+00:00,20.6,81.38709,22.614725,0.0,1.0,24.0,4.0449963,20.854538,1.0,296.72977
2024-11-03 01:00:00+00:00,21.6,75.33955,23.214336,0.0,1.0,41.0,6.048107,53.471054,1.0,437.62384
2024-11-03 02:00:00+00:00,22.3,71.50732,23.766813,0.0,2.0,57.0,6.6185193,67.61982,1.0,512.1161
2024-11-03 03:00:00+00:00,23.3,65.40568,24.611168,0.0,3.0,98.0,7.0591216,70.640915,1.0,592.1721
2024-11-03 04:00:00+00:00,24.0,62.10966,25.44783,0.0,3.0,97.0,6.5049515,75.57919,1.0,587.5433
2024-11-03 05:00:00+00:00,24.2,62.949535,25.625965,0.0,3.0,99.0,6.310277,93.270424,1.0,486.025
2024-11-03 06:00:00+00:00,24.0,64.93354,25.20627,0.0,3.0,99.0,8.6867485,124.019394,1.0,367.51938
2024-11-03 07:00:00+00:00,23.25,69.23631,24.143301,0.0,0.0,8.0,11.720751,137.4896,1.0,311.42014
2024-11-03 08:00:00+00:00,22.25,73.56442,23.287172,0.0,0.0,2.0,10.739832,140.44037,1.0,189.20862
2024-11-03 09:00:00+00:00,21.05,79.16476,22.793238,0.0,0.0,1.0,5.904439,142.43134,1.0,34.259933
2024-11-03 10:00:00+00:00,19.45,86.29319,21.243164,0.0,0.0,3.0,4.978554,139.39879,0.0,0.0
2024-11-03 11:00:00+00:00,19.1,84.899864,20.620403,0.0,0.0,11.0,5.1165614,140.71062,0.0,0.0
2024-11-03 12:00:00+00:00,20.3,76.825325,22.164236,0.0,0.0,19.0,1.6299692,186.3401,0.0,0.0
2024-11-03 13:00:00+00:00,20.15,82.627914,22.406258,0.0,1.0,46.0,1.8,306.86996,0.0,0.0
2024-11-03 14:00:00+00:00,19.05,88.469406,20.993736,0.0,0.0,7.0,3.9477081,313.1524,0.0,0.0
2024-11-03 15:00:00+00:00,18.15,92.70978,19.896698,0.0,0.0,0.0,4.863332,321.009,0.0,0.0
2024-11-03 16:00:00+00:00,17.45,95.66584,19.018238,0.0,0.0,1.0,5.509882,321.63248,0.0,0.0
2024-11-03 17:00:00+00:00,17.5,97.81265,19.275072,0.0,0.0,6.0,5.257109,321.9529,0.0,0.0
2024-11-03 18:00:00+00:00,16.65,100.0,18.181845,0.0,0.0,11.0,5.4744864,316.33215,0.0,0.0
2024-11-03 19:00:00+00:00,16.6,97.48651,18.00203,0.0,1.0,23.0,5.0911684,315.0001,0.0,0.0
2024-11-03 20:00:00+00:00,16.05,99.04683,17.249186,0.0,0.0,12.0,5.6521144,307.23492,0.0,0.0
2024-11-03 21:00:00+00:00,15.9,95.92241,16.775198,0.0,1.0,25.0,6.12,298.0724,0.0,0.0
2024-11-03 22:00:00+00:00,15.95,92.88866,16.613848,0.0,3.0,99.0,6.391901,302.3474,0.0,0.0
2024-11-03 23:00:00+00:00,17.9,86.69444,19.34996,0.0,3.0,96.0,3.244996,303.6901,1.0,73.14037
2024-11-04 00:00:00+00:00,19.55,81.51126,21.101706,0.0,3.0,94.0,4.3349743,311.63345,1.0,239.39064
2024-11-04 01:00:00+00:00,21.6,73.21942,23.091063,0.0,3.0,98.0,5.5916004,303.17853,1.0,407.2194
2024-11-04 02:00:00+00:00,23.2,65.38453,24.462725,0.0,2.0,51.0,6.439876,333.43503,1.0,541.991
2024-11-04 03:00:00+00:00,24.45,59.69022,26.27707,0.0,3.0,81.0,5.6835546,10.954029,1.0,668.65393
2024-11-04 04:00:00+00:00,25.35,56.75006,27.695744,0.0,2.0,73.0,5.004518,52.3057,1.0,704.06036
2024-11-04 05:00:00+00:00,25.85,58.703354,28.3438,0.0,2.0,71.0,6.4624763,77.125,1.0,671.09766
2024-11-04 06:00:00+00:00,25.95,59.85022,27.619644,0.0,3.0,100.0,9.568824,73.61038,1.0,561.20575
2024-11-04 07:00:00+00:00,25.4,61.835217,26.512897,0.0,3.0,100.0,10.948973,80.53775,1.0,306.05457
2024-11-04 08:00:00+00:00,23.85,75.23183,25.80299,0.0,3.0,100.0,10.399576,113.459045,1.0,148.21378
2024-11-04 09:00:00+00:00,22.15,82.35142,24.668472,0.0,3.0,80.0,5.876938,130.0302,1.0,26.126223
2024-11-04 10:00:00+00:00,21.6,82.54258,24.056839,0.0,2.0,77.0,4.6938257,147.52882,0.0,0.0
2024-11-04 11:00:00+00:00,21.65,82.29061,24.367233,0.0,3.0,94.0,2.907989,158.19853,0.0,0.0
2024-11-04 12:00:00+00:00,21.4,82.260086,24.273527,0.0,1.0,30.0,1.0495713,300.96368,0.0,0.0
2024-11-04 13:00:00+00:00,21.1,86.723015,24.117962,0.0,3.0,100.0,1.8089776,5.7105074,0.0,0.0
2024-11-04 14:00:00+00:00,21.0,85.903656,23.988914,0.0,3.0,90.0,1.2074767,296.56497,0.0,0.0
2024-11-04 15:00:00+00:00,21.05,80.678314,23.202507,0.0,2.0,74.0,3.9966483,35.837746,0.0,0.0
2024-11-04 16:00:00+00:00,21.0,77.17789,22.75347,0.0,2.0,55.0,4.514377,23.498587,0.0,0.0
2024-11-04 17:00:00+00:00,20.8,78.132866,22.801077,0.0,3.0,99.0,2.8174455,26.564985,0.0,0.0
2024-11-04 18:00:00+00:00,20.65,78.3591,22.737204,0.0,3.0,92.0,1.9386592,68.19853,0.0,0.0
2024-11-04 19:00:00+00:00,20.45,78.579155,22.649063,0.0,1.0,49.0,0.742159,284.03625,0.0,0.0
2024-11-04 20:00:00+00:00,17.65,91.51013,18.945408,0.0,1.0,49.0,5.95906,295.01685,0.0,0.0
2024-11-04 21:00:00+00:00,17.2,95.05106,18.412943,0.0,3.0,83.0,6.9480934,306.57312,0.0,0.0
2024-11-04 22:00:00+00:00,18.0,93.29145,19.704966,0.0,1.0,21.0,5.004518,322.3057,0.0,0.0
2024-11-04 23:00:00+00:00,18.7,93.91625,21.090845,0.0,1.0,42.0,2.6758924,312.27362,1.0,74.312195
2024-11-05 00:00:00+00:00,20.15,79.28909,21.897188,0.0,3.0,97.0,3.4152596,341.56494,1.0,245.58516
2024-11-05 01:00:00+00:00,21.65,70.03515,22.776295,0.0,0.0,18.0,6.269067,50.82635,1.0,425.34814
2024-11-05 02:00:00+00:00,22.35,65.20417,22.783386,0.0,1.0,39.0,9.793058,72.89719,1.0,577.39417
2024-11-05 03:00:00+00:00,22.8,60.46099,23.541245,0.0,0.0,15.0,9.059205,69.04415,1.0,662.4874
2024-11-05 04:00:00+00:00,23.3,58.094707,24.040358,0.0,0.0,11.0,10.739832,50.440376,1.0,691.02313
2024-11-05 05:00:00+00:00,23.6,55.77701,23.983747,0.0,0.0,17.0,10.583326,41.552525,1.0,620.8915
2024-11-05 06:00:00+00:00,23.8,55.109444,23.674835,0.0,0.0,16.0,11.345712,48.215576,1.0,527.97876
2024-11-05 07:00:00+00:00,23.5,58.14284,23.490667,0.0,1.0,20.0,10.98,79.6112,1.0,381.0072
2024-11-05 08:00:00+00:00,22.3,67.31297,22.728313,0.0,1.0,33.0,11.052058,106.07365,1.0,189.07974
2024-11-05 09:00:00+00:00,20.6,76.383896,21.607836,0.0,1.0,38.0,8.0599,113.70266,1.0,28.762358
2024-11-05 10:00:00+00:00,19.5,80.72919,20.736568,0.0,3.0,100.0,5.937272,104.03627,0.0,0.0
2024-11-05 11:00:00+00:00,19.15,80.68273,20.455925,0.0,3.0,100.0,4.5,73.73973,0.0,0.0
2024-11-05 12:00:00+00:00,18.75,81.93186,20.017593,0.0,3.0,100.0,4.3573384,51.709793,0.0,0.0
2024-11-05 13:00:00+00:00,19.4,75.46237,20.116499,0.0,2.0,67.0,6.4096174,51.842735,0.0,0.0
2024-11-05 14:00:00+00:00,19.3,74.47966,19.702566,0.0,3.0,81.0,7.7879906,56.3099,0.0,0.0
2024-11-05 15:00:00+00:00,19.1,74.44586,19.239119,0.0,1.0,46.0,9.085988,56.3099,0.0,0.0
2024-11-05 16:00:00+00:00,18.35,76.27268,18.513521,0.0,1.0,25.0,8.043805,49.53785,0.0,0.0
2024-11-05 17:00:00+00:00,17.3,80.17391,17.69012,0.0,0.0,16.0,5.876938,40.030197,0.0,0.0
2024-11-05 18:00:00+00:00,16.05,84.5697,16.180998,0.0,0.0,5.0,6.689125,23.805958,0.0,0.0
2024-11-05 19:00:00+00:00,15.85,81.29585,15.840162,0.0,0.0,3.0,5.7852573,5.3557334,0.0,0.0
2024-11-05 20:00:00+00:00,16.35,76.20114,16.297302,0.0,0.0,3.0,4.952453,19.093594,0.0,0.0
2024-11-05 21:00:00+00:00,17.35,70.35089,17.360804,0.0,0.0,4.0,3.964089,87.3975,0.0,0.0
2024-11-05 22:00:00+00:00,14.95,80.643456,14.679955,0.0,0.0,7.0,5.3517847,109.653915,0.0,0.0
2024-11-05 23:00:00+00:00,15.7,81.01003,16.01909,0.0,0.0,0.0,3.0758414,110.55613,1.0,75.5315
2024-11-06 00:00:00+00:00,16.7,69.993416,16.412,0.0,0.0,6.0,4.514377,85.42616,1.0,261.5678
2024-11-06 01:00:00+00:00,18.0,64.26124,16.486452,0.0,0.0,0.0,12.810386,70.29193,1.0,448.26038
2024-11-06 02:00:00+00:00,18.65,57.337486,16.54213,0.0,0.0,0.0,14.654254,62.17599,1.0,597.4283
2024-11-06 03:00:00+00:00,19.35,52.01941,17.555058,0.0,0.0,1.0,15.575981,56.3099,1.0,708.6638
2024-11-06 04:00:00+00:00,19.7,50.900352,18.090788,0.0,0.0,1.0,16.454992,59.788757,1.0,742.27576
2024-11-06 05:00:00+00:00,19.7,52.638752,18.247202,0.0,0.0,0.0,16.213993,67.13546,1.0,708.5592
2024-11-06 06:00:00+00:00,19.5,54.560024,17.680426,0.0,0.0,0.0,16.285772,69.96271,1.0,594.8384
2024-11-06 07:00:00+00:00,18.9,57.399403,16.651999,0.0,0.0,0.0,16.108742,71.76742,1.0,423.4243
2024-11-06 08:00:00+00:00,18.15,60.96681,16.281998,0.0,0.0,0.0,13.905509,68.74943,1.0,223.90323
2024-11-06 09:00:00+00:00,16.95,64.673416,15.614502,0.0,0.0,0.0,9.7565975,60.124096,1.0,34.478928
2024-11-06 10:00:00+00:00,15.7,70.2658,14.779766,0.0,0.0,0.0,7.0107627,48.122223,0.0,0.0
2024-11-06 11:00:00+00:00,14.7,75.93339,13.825363,0.0,0.0,0.0,7.10031,30.465475,0.0,0.0
2024-11-06 12:00:00+00:00,14.3,77.14511,13.376896,0.0,0.0,0.0,7.1321807,10.175456,0.0,0.0
2024-11-06 13:00:00+00:00,14.2,75.59805,13.169714,0.0,0.0,0.0,7.0774574,7.3056703,0.0,0.0
2024-11-06 14:00:00+00:00,13.65,77.56106,12.505684,0.0,0.0,0.0,7.5685663,357.27374,0.0,0.0
2024-11-06 15:00:00+00:00,13.55,72.49663,12.077587,0.0,0.0,0.0,7.7588143,3.9908433,0.0,0.0
2024-11-06 16:00:00+00:00,13.7,72.76931,12.469778,0.0,0.0,0.0,6.4624763,347.125,0.0,0.0
2024-11-06 17:00:00+00:00,13.5,74.22104,12.276371,0.0,0.0,1.0,6.601363,334.1337,0.0,0.0
2024-11-06 18:00:00+00:00,13.25,74.17747,11.909424,0.0,0.0,1.0,6.945761,328.78165,0.0,0.0
2024-11-06 19:00:00+00:00,13.15,73.16305,11.635761,0.0,0.0,4.0,7.596341,323.67307,0.0,0.0
2024-11-06 20:00:00+00:00,12.9,74.11631,11.344539,0.0,0.0,6.0,7.7900705,319.68597,0.0,0.0
2024-11-06 21:00:00+00:00,12.45,76.07547,10.996619,0.0,1.0,22.0,7.001514,316.04153,0.0,0.0
2024-11-06 22:00:00+00:00,12.85,79.28353,11.679551,0.0,1.0,49.0,6.889557,303.2749,0.0,0.0
2024-11-06 23:00:00+00:00,14.05,78.403984,13.167477,0.0,2.0,73.0,6.854195,299.93143,1.0,59.07701
2024-11-07 00:00:00+00:00,15.65,66.3672,14.368519,0.0,1.0,25.0,7.7420926,324.46225,1.0,153.47813
2024-11-07 01:00:00+00:00,17.65,61.25763,16.45678,0.0,0.0,10.0,8.482947,342.7184,1.0,424.93164
2024-11-07 02:00:00+00:00,19.05,58.01336,17.454607,0.0,0.0,15.0,12.236029,26.188055,1.0,576.76025
2024-11-07 03:00:00+00:00,19.85,56.87449,18.140787,0.0,1.0,21.0,14.926983,33.6901,1.0,604.10065
2024-11-07 04:00:00+00:00,20.55,57.04794,19.67422,0.0,1.0,41.0,14.156058,48.608574,1.0,673.00287
2024-11-07 05:00:00+00:00,21.0,54.580853,18.857296,0.0,2.0,77.0,20.674156,54.92617,1.0,611.1426
2024-11-07 06:00:00+00:00,20.55,57.805187,18.320847,0.0,1.0,41.0,19.42416,57.488106,1.0,375.34555
2024-11-07 07:00:00+00:00,20.15,59.05577,18.005114,0.0,1.0,42.0,18.738165,58.75314,1.0,302.0004
2024-11-07 08:00:00+00:00,19.35,64.55748,18.319468,0.0,0.0,7.0,12.43434,67.8905,1.0,169.22142
2024-11-07 09:00:00+00:00,17.8,72.309074,17.761446,0.0,0.0,7.0,6.2067385,60.461315,1.0,30.047594
2024-11-07 10:00:00+00:00,15.5,82.054184,15.102606,0.0,0.0,4.0,7.989243,75.650635,0.0,0.0
2024-11-07 11:00:00+00:00,16.05,78.44197,15.689249,0.0,0.0,0.0,7.3997297,71.564964,0.0,0.0
2024-11-07 12:00:00+00:00,14.15,83.8028,13.285313,0.0,1.0,46.0,9.0018,11.5345955,0.0,0.0
2024-11-07 13:00:00+00:00,17.0,72.40137,16.75118,0.0,1.0,31.0,5.9644947,5.19435,0.0,0.0
2024-11-07 14:00:00+00:00,15.15,80.67052,14.698521,0.0,0.0,13.0,7.029225,346.67545,0.0,0.0
2024-11-07 15:00:00+00:00,14.25,81.084785,13.562283,0.0,0.0,18.0,6.945761,328.78165,0.0,0.0
2024-11-07 16:00:00+00:00,14.15,85.19862,13.807299,0.0,1.0,31.0,5.95906,295.01685,0.0,0.0
2024-11-07 17:00:00+00:00,14.6,85.808846,14.51276,0.0,3.0,99.0,5.414979,291.4478,0.0,0.0
2024-11-07 18:00:00+00:00,15.0,83.35111,15.027754,0.0,1.0,41.0,4.514377,293.49857,0.0,0.0
2024-11-07 19:00:00+00:00,14.25,86.33989,14.070347,0.0,1.0,22.0,5.495161,301.60745,0.0,0.0
2024-11-07 20:00:00+00:00,13.25,91.228615,13.043509,0.0,1.0,33.0,5.3517847,289.6539,0.0,0.0
2024-11-07 21:00:00+00:00,14.0,87.74935,13.550333,0.0,2.0,71.0,7.3469996,300.96368,0.0,0.0
2024-11-07 22:00:00+00:00,13.65,88.008,13.140953,0.0,2.0,55.0,7.10031,300.46545,0.0,0.0
2024-11-07 23:00:00+00:00,14.0,88.61994,13.880857,0.0,3.0,91.0,5.4119864,266.186,1.0,66.101685
2024-11-08 00:00:00+00:00,15.45,78.094604,14.72991,0.0,3.0,95.0,8.43699,281.07016,1.0,135.7325
2024-11-08 01:00:00+00:00,17.6,71.09648,17.387568,0.0,3.0,87.0,6.379216,286.38962,1.0,219.79305
2024-11-08 02:00:00+00:00,19.6,62.73293,19.3968,0.0,2.0,51.0,6.310277,356.72958,1.0,436.05627
2024-11-08 03:00:00+00:00,20.7,60.165653,20.61845,0.0,3.0,94.0,6.7565966,48.2398,1.0,585.37177
2024-11-08 04:00:00+00:00,21.5,59.572266,21.455427,0.0,3.0,100.0,7.519175,42.08909,1.0,552.49817
2024-11-08 05:00:00+00:00,22.2,59.931667,22.350424,0.0,3.0,100.0,7.995323,31.184912,1.0,410.61368
2024-11-08 06:00:00+00:00,22.75,60.060665,23.107233,0.0,3.0,99.0,7.9567327,52.35232,1.0,399.10733
2024-11-08 07:00:00+00:00,22.65,61.804554,22.869873,0.0,3.0,94.0,9.801326,82.61405,1.0,323.9766
2024-11-08 08:00:00+00:00,21.7,68.714455,22.501087,0.0,3.0,89.0,7.8149853,104.67644,1.0,178.38283
2024-11-08 09:00:00+00:00,19.65,79.471825,20.972256,0.0,3.0,89.0,5.072041,117.47435,1.0,27.063042
2024-11-08 10:00:00+00:00,17.85,86.68967,18.768145,0.0,1.0,45.0,6.7565966,138.23979,0.0,0.0
2024-11-08 11:00:00+00:00,19.0,81.701645,20.342922,0.0,1.0,24.0,4.3832865,199.17911,0.0,0.0
2024-11-08 12:00:00+00:00,18.4,85.64195,19.952099,0.0,2.0,61.0,3.362677,285.52417,0.0,0.0
2024-11-08 13:00:00+00:00,19.25,85.45671,21.173782,0.0,3.0,100.0,3.0652895,266.6336,0.0,0.0
2024-11-08 14:00:00+00:00,19.15,85.990685,20.836346,0.0,3.0,100.0,4.6938252,265.60138,0.0,0.0
2024-11-08 15:00:00+00:00,19.05,87.07911,20.932186,0.0,3.0,100.0,3.6402748,261.46933,0.0,0.0
2024-11-08 16:00:00+00:00,18.9,88.737625,20.92978,0.0,3.0,100.0,3.0652895,273.3664,0.0,0.0
2024-11-08 17:00:00+00:00,18.7,90.13838,20.72502,0.0,3.0,100.0,3.244996,289.44012,0.0,0.0
2024-11-08 18:00:00+00:00,18.9,86.789215,20.687943,0.0,3.0,100.0,3.710795,284.03625,0.0,0.0
2024-11-08 19:00:00+00:00,18.8,86.229706,20.530312,0.0,3.0,100.0,3.536439,284.74362,0.0,0.0
2024-11-08 20:00:00+00:00,18.65,88.9992,20.442444,0.0,3.0,100.0,4.1125174,293.1986,0.0,0.0
2024-11-08 21:00:00+00:00,18.75,87.88488,20.561502,0.0,3.0,96.0,3.693291,316.9749,0.0,0.0
2024-11-08 22:00:00+00:00,18.45,90.98168,20.37425,0.0,3.0,100.0,3.6447225,327.09476,0.0,0.0
2024-11-08 23:00:00+00:00,19.0,87.62845,20.747217,0.0,3.0,100.0,4.7110505,313.4519,1.0,39.751495
2024-11-09 00:00:00+00:00,20.0,80.79527,21.459417,0.0,3.0,100.0,5.815978,291.80148,1.0,141.75232
2024-11-09 01:00:00+00:00,20.75,80.1304,22.539278,0.0,3.0,100.0,5.2939587,252.18102,1.0,128.43509
2024-11-09 02:00:00+00:00,22.05,71.688896,23.893023,0.0,3.0,97.0,3.462369,278.97253,1.0,234.648
2024-11-09 03:00:00+00:00,22.9,70.27203,25.13926,0.0,3.0,100.0,2.19718,325.0079,1.0,313.17178
2024-11-09 04:00:00+00:00,23.85,69.13419,25.936747,0.0,3.0,100.0,5.1919937,56.309914,1.0,314.4441
2024-11-09 05:00:00+00:00,24.2,69.63733,26.158018,0.0,3.0,100.0,7.4672885,74.623695,1.0,243.84868
2024-11-09 06:00:00+00:00,23.95,71.58203,26.083181,0.0,3.0,100.0,6.8989563,105.12406,1.0,175.19983
2024-11-09 07:00:00+00:00,23.7,73.351944,25.831684,0.0,3.0,88.0,7.388775,124.07724,1.0,166.15071
2024-11-09 08:00:00+00:00,23.3,75.85052,25.463083,0.0,3.0,80.0,7.6579366,150.42226,1.0,110.176216
2024-11-09 09:00:00+00:00,22.2,81.082245,24.691174,0.0,1.0,33.0,5.414979,158.5522,1.0,20.924585
2024-11-09 10:00:00+00:00,20.25,89.6855,22.558151,0.0,2.0,60.0,5.7204895,155.85446,0.0,0.0
2024-11-09 11:00:00+00:00,19.8,89.93402,21.96119,0.0,0.0,17.0,5.4744864,170.53775,0.0,0.0
2024-11-09 12:00:00+00:00,20.25,88.56837,22.636232,0.0,1.0,23.0,4.5536795,198.43504,0.0,0.0
2024-11-09 13:00:00+00:00,20.85,90.57248,23.993208,0.0,3.0,100.0,2.4216523,221.98714,0.0,0.0
2024-11-09 14:00:00+00:00,20.85,87.790955,23.64406,0.0,3.0,100.0,3.1845248,227.29063,0.0,0.0
2024-11-09 15:00:00+00:00,20.3,91.67327,23.075829,0.0,3.0,99.0,3.7971041,238.57048,0.0,0.0
2024-11-09 16:00:00+00:00,19.6,93.66308,22.188526,0.0,3.0,93.0,3.96,270.0,0.0,0.0
2024-11-09 17:00:00+00:00,19.4,95.13178,22.013699,0.0,3.0,97.0,3.9477081,294.22772,0.0,0.0
2024-11-09 18:00:00+00:00,18.65,96.61123,20.829819,0.0,3.0,100.0,5.3517847,317.72638,0.0,0.0
2024-11-09 19:00:00+00:00,18.3,97.21241,20.327963,0.0,3.0,100.0,5.6233797,320.1945,0.0,0.0
2024-11-09 20:00:00+00:00,18.1,96.90224,20.001762,0.0,1.0,43.0,5.728979,313.72705,0.0,0.0
2024-11-09 21:00:00+00:00,17.65,97.19868,19.288446,0.0,1.0,39.0,6.341009,304.59235,0.0,0.0
2024-11-09 22:00:00+00:00,17.35,97.50079,18.903091,0.0,0.0,4.0,6.193674,305.53775,0.0,0.0
2024-11-09 23:00:00+00:00,18.55,95.40074,20.610277,0.0,0.0,9.0,5.2478566,300.96368,1.0,62.275463
2024-11-10 00:00:00+00:00,20.35,90.25573,23.08117,0.0,0.0,7.0,3.4576871,308.65982,1.0,225.25293
2024-11-10 01:00:00+00:00,22.4,81.87014,25.482273,0.0,0.0,0.0,2.50064,300.25635,1.0,408.30466
2024-11-10 02:00:00+00:00,23.95,74.31639,27.28853,0.0,0.0,14.0,0.56920993,161.56496,1.0,567.598
2024-11-10 03:00:00+00:00,25.05,69.798874,28.48412,0.0,1.0,48.0,2.4014995,77.00539,1.0,629.62555
2024-11-10 04:00:00+00:00,25.75,66.12419,28.907822,0.0,2.0,69.0,3.0652893,130.23628,1.0,591.76587
2024-11-10 05:00:00+00:00,25.75,66.12419,28.062439,0.0,3.0,84.0,7.102591,188.74608,1.0,408.6457
2024-11-10 06:00:00+00:00,26.25,64.59795,28.75388,0.0,0.0,18.0,6.1120534,166.37299,1.0,451.20334
2024-11-10 07:00:00+00:00,25.75,66.537964,27.975075,0.0,0.0,13.0,8.027678,132.27364,1.0,340.62515
2024-11-10 08:00:00+00:00,24.7,72.39001,27.274843,0.0,0.0,15.0,6.792466,122.00535,1.0,182.79224
2024-11-10 09:00:00+00:00,22.95,82.44807,26.079416,0.0,1.0,45.0,4.3498964,114.44395,1.0,25.268917
2024-11-10 10:00:00+00:00,21.8,86.78857,24.72994,0.0,2.0,62.0,4.7110505,136.54811,0.0,0.0
2024-11-10 11:00:00+00:00,20.95,90.861435,23.8466,0.0,3.0,100.0,4.6102495,141.34016,0.0,0.0
2024-11-10 12:00:00+00:00,20.85,91.42186,23.779781,0.0,3.0,95.0,4.3832865,160.82089,0.0,0.0
2024-11-10 13:00:00+00:00,21.2,89.75583,24.29363,0.0,3.0,100.0,3.4247334,176.98727,0.0,0.0
2024-11-10 14:00:00+00:00,20.9,91.70958,23.913412,0.0,3.0,80.0,4.143911,182.4895,0.0,0.0
2024-11-10 15:00:00+00:00,20.8,90.00647,23.588905,0.0,2.0,76.0,4.3573384,141.7098,0.0,0.0
2024-11-10 16:00:00+00:00,20.95,86.70891,23.503244,0.0,2.0,59.0,4.514377,113.49858,0.0,0.0
2024-11-10 17:00:00+00:00,21.4,82.51848,24.315598,0.0,0.0,16.0,0.9178235,258.6901,0.0,0.0
2024-11-10 18:00:00+00:00,20.15,88.282646,22.704668,0.0,0.0,17.0,2.9301877,280.6196,0.0,0.0
2024-11-10 19:00:00+00:00,18.6,95.10264,20.716324,0.0,0.0,18.0,4.863332,321.009,0.0,0.0
2024-11-10 20:00:00+00:00,18.2,97.21028,20.146494,0.0,0.0,2.0,5.876938,310.0302,0.0,0.0
2024-11-10 21:00:00+00:00,18.1,96.59714,19.901001,0.0,0.0,1.0,6.269067,309.17365,0.0,0.0
2024-11-10 22:00:00+00:00,17.75,96.89406,19.454643,0.0,0.0,3.0,6.0347,342.64587,0.0,0.0
2024-11-10 23:00:00+00:00,19.0,96.620125,21.636099,0.0,0.0,2.0,3.319036,319.39877,1.0,63.454285
2024-11-11 00:00:00+00:00,20.8,88.61336,23.690517,0.0,0.0,0.0,2.8460495,304.69522,1.0,231.62318
2024-11-11 01:00:00+00:00,22.85,74.83392,25.031502,0.0,1.0,32.0,5.4744864,43.667847,1.0,412.29706
2024-11-11 02:00:00+00:00,23.7,67.8097,25.148148,0.0,1.0,39.0,8.211235,63.996716,1.0,511.6289
2024-11-11 03:00:00+00:00,24.45,63.807774,25.359497,0.0,2.0,54.0,11.27553,73.300674,1.0,579.47455
2024-11-11 04:00:00+00:00,24.7,63.25963,25.523275,0.0,1.0,42.0,12.043869,80.53775,1.0,507.41827
2024-11-11 05:00:00+00:00,25.2,61.400936,26.327057,0.0,1.0,47.0,11.881363,89.131966,1.0,578.25397
2024-11-11 06:00:00+00:00,24.9,65.12439,25.714912,0.0,2.0,66.0,14.059602,108.66701,1.0,476.78674
2024-11-11 07:00:00+00:00,23.45,71.26687,24.331305,0.0,1.0,23.0,13.767352,115.55992,1.0,352.35303
2024-11-11 08:00:00+00:00,22.6,74.79271,24.105394,0.0,0.0,10.0,9.339208,117.552734,1.0,188.27165
2024-11-11 09:00:00+00:00,21.35,81.22707,23.512506,0.0,0.0,0.0,5.1481256,126.46933,1.0,24.827461
2024-11-11 10:00:00+00:00,19.55,89.633224,21.483248,0.0,0.0,5.0,6.114703,132.61403,0.0,0.0
2024-11-11 11:00:00+00:00,20.9,79.89787,23.210926,0.0,0.0,7.0,2.0124612,280.30478,0.0,0.0
2024-11-11 12:00:00+00:00,18.85,90.434654,20.856009,0.0,0.0,5.0,3.9640884,309.47244,0.0,0.0
2024-11-11 13:00:00+00:00,19.6,91.05707,22.021082,0.0,0.0,15.0,3.693291,313.0251,0.0,0.0
2024-11-11 14:00:00+00:00,19.5,89.62947,21.640247,0.0,1.0,31.0,4.542994,326.3099,0.0,0.0
2024-11-11 15:00:00+00:00,19.55,87.95424,21.573202,0.0,0.0,11.0,4.5891175,318.1799,0.0,0.0
2024-11-11 16:00:00+00:00,19.1,89.31676,20.942532,0.0,0.0,6.0,5.2323985,310.81497,0.0,0.0
2024-11-11 17:00:00+00:00,18.55,91.27679,20.355652,0.0,0.0,8.0,4.8965297,306.02747,0.0,0.0
2024-11-11 18:00:00+00:00,17.95,92.69898,19.506077,0.0,0.0,13.0,5.5916004,303.17853,0.0,0.0
2024-11-11 19:00:00+00:00,17.75,93.575676,19.325478,0.0,0.0,19.0,5.315336,298.30066,0.0,0.0
2024-11-11 20:00:00+00:00,17.95,93.58519,19.680458,0.0,1.0,49.0,4.829907,296.56497,0.0,0.0
2024-11-11 21:00:00+00:00,18.6,91.27995,20.5172,0.0,3.0,84.0,4.278551,292.24908,0.0,0.0
2024-11-11 22:00:00+00:00,18.95,88.74164,20.692305,0.0,3.0,100.0,5.1826253,290.3232,0.0,0.0
2024-11-11 23:00:00+00:00,19.5,87.12054,21.347723,0.0,3.0,100.0,5.195113,284.03625,1.0,35.581528
2024-11-12 00:00:00+00:00,20.75,80.893814,22.767342,0.0,3.0,100.0,4.175069,277.4313,1.0,126.11311
2024-11-12 01:00:00+00:00,22.1,74.710014,24.356718,0.0,3.0,100.0,2.6758924,317.72638,1.0,163.4219
2024-11-12 02:00:00+00:00,22.45,74.53282,24.696905,0.0,3.0,100.0,3.644722,339.77505,1.0,165.47716
2024-11-12 03:00:00+00:00,23.2,71.89696,24.457941,0.0,3.0,100.0,10.8792095,38.955917,1.0,268.32156
2024-11-12 04:00:00+00:00,23.2,73.72703,24.715986,0.0,3.0,100.0,10.348043,49.939285,1.0,196.9588
2024-11-12 05:00:00+00:00,23.45,73.07948,25.137318,0.0,3.0,100.0,9.485504,56.611465,1.0,193.71138
2024-11-12 06:00:00+00:00,23.4,72.61379,25.10944,0.0,3.0,100.0,8.863972,60.832493,1.0,172.34538
2024-11-12 07:00:00+00:00,23.0,75.3294,25.017435,0.0,3.0,100.0,7.3821945,91.39715,1.0,102.92861
2024-11-12 08:00:00+00:00,22.5,77.162926,24.477749,0.0,3.0,100.0,7.342588,101.3099,1.0,96.50889
2024-11-12 09:00:00+00:00,21.6,79.99332,23.684227,0.0,3.0,100.0,5.6835546,79.04598,1.0,10.411871
2024-11-12 10:00:00+00:00,20.75,84.011734,23.139734,0.0,3.0,85.0,3.438895,83.99109,0.0,0.0
2024-11-12 11:00:00+00:00,20.35,88.57657,22.863308,0.0,3.0,97.0,3.9966483,54.16227,0.0,0.0
2024-11-12 12:00:00+00:00,20.2,88.8425,22.626394,0.0,3.0,99.0,4.278551,14.620926,0.0,0.0
2024-11-12 13:00:00+00:00,20.9,82.97859,23.261732,0.0,3.0,100.0,3.4763772,21.25058,0.0,0.0
2024-11-12 14:00:00+00:00,20.7,83.21668,23.000448,0.0,3.0,100.0,3.4388947,47.12111,0.0,0.0
2024-11-12 15:00:00+00:00,20.55,81.63834,22.623781,0.0,3.0,100.0,3.6402748,351.4693,0.0,0.0
2024-11-12 16:00:00+00:00,20.35,80.58554,22.216753,0.0,3.0,100.0,3.8856654,346.60748,0.0,0.0
2024-11-12 17:00:00+00:00,20.1,80.55226,21.976759,0.0,3.0,100.0,3.096837,324.46225,0.0,0.0
2024-11-12 18:00:00+00:00,20.0,79.77419,21.699707,0.0,3.0,100.0,3.6,323.13,0.0,0.0
2024-11-12 19:00:00+00:00,19.85,79.75349,21.580324,0.2,51.0,100.0,2.968636,345.9637,0.0,0.0
2024-11-12 20:00:00+00:00,19.65,81.00665,21.513407,0.0,3.0,100.0,2.19718,325.0079,0.0,0.0
2024-11-12 21:00:00+00:00,19.5,82.025635,21.436739,0.0,3.0,100.0,1.835647,281.3099,0.0,0.0
2024-11-12 22:00:00+00:00,19.45,84.132454,21.509766,0.0,3.0,100.0,1.9881649,275.19434,0.0,0.0
2024-11-12 23:00:00+00:00,19.65,82.04432,21.62276,0.0,3.0,100.0,2.0124612,259.69522,1.0,19.799644
2024-11-13 00:00:00+00:00,19.9,78.24918,21.486372,0.0,3.0,100.0,3.2599385,263.6599,1.0,55.451385
2024-11-13 01:00:00+00:00,20.55,75.408226,22.130045,0.0,3.0,100.0,3.4388947,312.8789,1.0,103.890686
2024-11-13 02:00:00+00:00,21.45,71.124146,22.71936,0.0,3.0,100.0,5.426933,5.7105074,1.0,203.08629
2024-11-13 03:00:00+00:00,21.7,69.8214,23.049973,0.0,3.0,100.0,4.73506,8.746089,1.0,155.16298
2024-11-13 04:00:00+00:00,21.9,69.19433,23.138298,0.0,3.0,100.0,5.637765,16.699326,1.0,147.73582
2024-11-13 05:00:00+00:00,22.15,68.80296,23.583944,0.0,3.0,100.0,4.7110505,43.451904,1.0,139.74098
2024-11-13 06:00:00+00:00,21.6,72.987114,23.213373,0.0,3.0,100.0,4.6102495,38.65983,1.0,56.827877
2024-11-13 07:00:00+00:00,21.05,76.9412,23.162485,0.5,53.0,100.0,2.0523157,322.12494,1.0,48.463062
2024-11-13 08:00:00+00:00,20.75,83.74791,23.143404,0.4,51.0,100.0,3.2599385,263.6599,1.0,40.566166
2024-11-13 09:00:00+00:00,20.25,89.6855,22.649927,0.1,51.0,100.0,5.0911684,261.87,1.0,4.7892714
2024-11-13 10:00:00+00:00,20.05,91.371826,22.466475,0.0,3.0,100.0,5.297018,260.21765,0.0,0.0
2024-11-13 11:00:00+00:00,20.1,90.80493,22.554985,0.0,3.0,100.0,4.8733153,265.76367,0.0,0.0
2024-11-13 12:00:00+00:00,20.15,89.678055,22.589521,0.0,3.0,100.0,4.503598,267.70944,0.0,0.0
2024-11-13 13:00:00+00:00,20.25,86.915634,22.258932,0.2,51.0,100.0,6.206738,286.8585,0.0,0.0
2024-11-13 14:00:00+00:00,20.3,86.37562,22.292908,0.1,51.0,100.0,6.162207,276.70975,0.0,0.0
2024-11-13 15:00:00+00:00,20.2,88.01014,22.340313,0.0,3.0,100.0,5.771239,273.57626,0.0,0.0
2024-11-13 16:00:00+00:00,20.25,88.29103,22.541983,0.0,3.0,100.0,5.0432134,267.95465,0.0,0.0
2024-11-13 17:00:00+00:00,20.25,89.12539,22.689447,0.1,51.0,100.0,4.503598,272.29056,0.0,0.0
2024-11-13 18:00:00+00:00,20.25,89.6855,22.727793,0.1,51.0,100.0,4.5572357,260.9098,0.0,0.0
2024-11-13 19:00:00+00:00,20.3,90.53488,22.974289,0.1,51.0,100.0,3.84796,259.21576,0.0,0.0
2024-11-13 20:00:00+00:00,20.45,89.98119,23.20727,0.1,51.0,100.0,3.438895,263.9911,0.0,0.0
2024-11-13 21:00:00+00:00,20.65,89.435555,23.394522,0.0,3.0,100.0,3.84796,280.78424,0.0,0.0
2024-11-13 22:00:00+00:00,20.8,89.16833,23.745377,0.0,3.0,100.0,2.7943513,284.93146,0.0,0.0
2024-11-13 23:00:00+00:00,21.3,86.74182,24.243317,0.0,3.0,100.0,2.968636,284.03625,1.0,16.842272
2024-11-14 00:00:00+00:00,21.75,87.86884,24.836327,0.0,3.0,100.0,4.143911,272.4895,1.0,52.792355
2024-11-14 01:00:00+00:00,22.85,86.88595,26.355543,0.0,3.0,100.0,4.379589,279.46225,1.0,115.95995
2024-11-14 02:00:00+00:00,23.55,85.88959,27.450844,0.1,51.0,100.0,3.4623692,242.10283,1.0,130.30669
2024-11-14 03:00:00+00:00,24.55,83.14674,28.880672,0.1,51.0,100.0,2.1674871,221.63345,1.0,188.76187
2024-11-14 04:00:00+00:00,25.35,79.27249,29.51176,0.0,3.0,100.0,3.319036,40.601215,1.0,189.96945
2024-11-14 05:00:00+00:00,25.55,79.30012,29.62759,0.0,3.0,100.0,4.6452556,35.537766,1.0,146.48767
2024-11-14 06:00:00+00:00,25.95,78.632774,29.879242,0.0,3.0,100.0,6.6087217,29.357658,1.0,158.5444
2024-11-14 07:00:00+00:00,26.1,79.134544,30.202137,0.0,2.0,67.0,6.384293,21.501507,1.0,136.82326
2024-11-14 08:00:00+00:00,26.1,79.37578,30.46252,0.0,3.0,82.0,4.7928696,34.286938,1.0,78.107445
2024-11-14 09:00:00+00:00,25.35,83.4922,30.23161,0.1,51.0,100.0,1.6299692,6.3401003,1.0,12.660535
2024-11-14 10:00:00+00:00,24.2,87.27553,28.753979,1.3,61.0,95.0,2.3400002,337.3801,0.0,0.0
2024-11-14 11:00:00+00:00,23.9,88.05211,28.077332,0.9,53.0,100.0,4.353619,262.8751,0.0,0.0
2024-11-14 12:00:00+00:00,23.15,93.82605,27.65507,0.6,53.0,100.0,3.2599385,186.3401,0.0,0.0
2024-11-14 13:00:00+00:00,24.1,88.6074,28.355228,0.1,51.0,100.0,4.965521,313.53125,0.0,0.0
2024-11-14 14:00:00+00:00,23.75,89.66732,27.635902,0.4,51.0,100.0,6.924738,278.97253,0.0,0.0
2024-11-14 15:00:00+00:00,23.35,91.29653,27.614872,0.4,51.0,100.0,3.9477081,294.22772,0.0,0.0
2024-11-14 16:00:00+00:00,23.0,93.819275,27.56251,0.5,53.0,100.0,2.2910259,315.0001,0.0,0.0
2024-11-14 17:00:00+00:00,22.7,95.2492,26.933643,0.6,53.0,100.0,4.3573384,321.70978,0.0,0.0
2024-11-14 18:00:00+00:00,22.45,95.82433,26.25543,2.3,61.0,98.0,6.725354,285.52417,0.0,0.0
2024-11-14 19:00:00+00:00,22.3,96.11314,26.385643,0.3,51.0,85.0,4.4274144,296.56497,0.0,0.0
2024-11-14 20:00:00+00:00,22.15,94.93854,25.520355,0.0,3.0,100.0,8.027678,312.27362,0.0,0.0
2024-11-14 21:00:00+00:00,22.1,94.93667,25.611877,0.0,3.0,98.0,6.873078,315.0001,0.0,0.0
2024-11-14 22:00:00+00:00,21.95,95.51549,25.914484,0.0,3.0,100.0,3.5864744,287.52567,0.0,0.0
2024-11-14 23:00:00+00:00,22.1,94.64597,25.65966,0.0,3.0,100.0,6.361415,295.1148,1.0,24.083763
2024-11-15 00:00:00+00:00,22.95,93.53114,26.683538,0.1,51.0,51.0,7.5942082,301.4295,1.0,100.23778
2024-11-15 01:00:00+00:00,26.0,78.87992,29.610119,0.0,1.0,44.0,9.179999,360.0,1.0,378.19284
2024-11-15 02:00:00+00:00,27.35,72.40933,30.513958,0.0,3.0,100.0,11.843124,24.227736,1.0,469.5711
2024-11-15 03:00:00+00:00,27.0,73.23788,30.326817,0.0,3.0,100.0,10.158444,29.744795,1.0,266.4375
2024-11-15 04:00:00+00:00,27.3,72.17999,30.69083,0.0,3.0,100.0,9.906544,24.702408,1.0,306.6053
2024-11-15 05:00:00+00:00,27.55,71.34843,30.861755,0.0,1.0,45.0,10.636766,23.962492,1.0,310.32773
2024-11-15 06:00:00+00:00,27.85,69.68175,31.053871,0.0,3.0,100.0,10.993271,39.68541,1.0,272.14734
2024-11-15 07:00:00+00:00,26.6,77.06739,30.479248,0.0,3.0,99.0,8.101999,91.273,1.0,124.02187
2024-11-15 08:00:00+00:00,25.1,83.973885,29.323727,0.1,51.0,77.0,5.5596404,119.05451,1.0,60.65617
2024-11-15 09:00:00+00:00,24.55,87.572685,29.380405,0.0,2.0,50.0,1.9881649,95.19434,1.0,12.296405
2024-11-15 10:00:00+00:00,23.9,87.7836,28.289978,0.0,1.0,47.0,2.7059932,356.186,0.0,0.0
2024-11-15 11:00:00+00:00,23.65,85.11184,27.338593,0.0,1.0,31.0,4.73506,351.2539,0.0,0.0
2024-11-15 12:00:00+00:00,23.2,85.85505,26.701017,0.0,3.0,100.0,4.942631,303.11136,0.0,0.0
2024-11-15 13:00:00+00:00,22.9,90.98915,27.1311,0.3,51.0,95.0,2.3051248,321.34018,0.0,0.0
2024-11-15 14:00:00+00:00,22.6,88.75867,26.255857,0.0,3.0,91.0,3.7064266,330.9455,0.0,0.0
2024-11-15 15:00:00+00:00,22.15,88.722626,25.62229,0.0,1.0,32.0,3.381893,334.79892,0.0,0.0
2024-11-15 16:00:00+00:00,21.6,89.230255,24.856184,0.0,3.0,94.0,3.319036,319.39877,0.0,0.0
2024-11-15 17:00:00+00:00,21.75,87.86884,25.062065,1.2,55.0,89.0,2.5959969,236.3099,0.0,0.0
2024-11-15 18:00:00+00:00,21.45,91.45914,24.516731,3.7,63.0,97.0,5.4744864,279.46225,0.0,0.0
2024-11-15 19:00:00+00:00,21.15,92.00949,23.927282,2.4,61.0,100.0,6.77575,286.9909,0.0,0.0
2024-11-15 20:00:00+00:00,21.05,92.86354,24.208199,2.8,63.0,100.0,4.3349743,311.63345,0.0,0.0
2024-11-15 21:00:00+00:00,21.05,91.43434,23.784487,0.4,51.0,77.0,6.391901,302.3474,0.0,0.0
2024-11-15 22:00:00+00:00,20.7,92.84522,23.480358,0.0,1.0,28.0,5.7431,302.1957,0.0,0.0
2024-11-15 23:00:00+00:00,20.8,93.13913,23.310205,0.0,1.0,24.0,8.099999,306.86996,1.0,52.743446
2024-11-16 00:00:00+00:00,22.3,91.79337,25.538668,0.0,0.0,8.0,7.4672885,285.3763,1.0,204.09311
2024-11-16 01:00:00+00:00,24.5,73.26099,27.167732,0.0,0.0,19.0,6.156947,37.875042,1.0,329.50308
2024-11-16 02:00:00+00:00,25.5,66.48685,27.752563,0.0,0.0,16.0,7.029225,39.805527,1.0,472.03445
2024-11-16 03:00:00+00:00,26.7,61.162575,29.170666,0.0,0.0,2.0,6.489992,19.440128,1.0,616.9683
2024-11-16 04:00:00+00:00,27.8,57.16312,30.801083,0.0,0.0,3.0,6.297428,30.963696,1.0,676.6387
2024-11-16 05:00:00+00:00,28.3,55.174618,31.146862,0.0,0.0,13.0,6.114703,47.385983,1.0,627.4193
2024-11-16 06:00:00+00:00,28.7,52.73656,30.515083,0.0,1.0,32.0,7.7900705,40.314034,1.0,439.78372
2024-11-16 07:00:00+00:00,28.7,54.928757,30.794285,0.0,3.0,93.0,7.928177,50.52757,1.0,248.79277
2024-11-16 08:00:00+00:00,27.3,61.298126,29.237652,0.0,3.0,90.0,10.478722,94.92702,1.0,149.97574
2024-11-16 09:00:00+00:00,24.5,75.10355,27.110773,0.0,0.0,16.0,7.8954163,133.1524,1.0,17.55366
2024-11-16 10:00:00+00:00,22.9,82.44207,25.772364,0.0,0.0,19.0,5.9427266,181.73567,0.0,0.0
2024-11-16 11:00:00+00:00,22.2,85.755714,25.206177,0.0,0.0,9.0,4.86,180.0,0.0,0.0
2024-11-16 12:00:00+00:00,21.5,88.39515,24.741388,0.0,0.0,17.0,2.5772078,192.09474,0.0,0.0
2024-11-16 13:00:00+00:00,21.7,87.86457,25.232235,0.0,1.0,20.0,0.9178235,281.3099,0.0,0.0
2024-11-16 14:00:00+00:00,21.55,88.674255,24.84037,0.0,0.0,17.0,2.5772078,282.09473,0.0,0.0
2024-11-16 15:00:00+00:00,21.1,90.87135,24.366203,0.0,0.0,12.0,2.5772078,282.09473,0.0,0.0
2024-11-16 16:00:00+00:00,20.85,91.99201,24.044504,0.0,0.0,18.0,2.9024127,277.1249,0.0,0.0
2024-11-16 17:00:00+00:00,20.65,91.98033,23.380987,0.0,0.0,14.0,5.4149795,285.4222,0.0,0.0
2024-11-16 18:00:00+00:00,20.4,90.82498,22.916191,0.0,0.0,3.0,5.414979,291.4478,0.0,0.0
2024-11-16 19:00:00+00:00,19.75,92.21591,22.338106,0.0,0.0,4.0,3.644722,290.22495,0.0,0.0
2024-11-16 20:00:00+00:00,19.25,93.94101,21.863081,0.0,0.0,10.0,2.8460498,288.43503,0.0,0.0
2024-11-16 21:00:00+00:00,18.95,95.71431,21.679026,0.0,0.0,13.0,2.0523157,285.25516,0.0,0.0
2024-11-16 22:00:00+00:00,18.8,97.52807,21.577848,0.0,0.0,18.0,2.1897945,279.46225,0.0,0.0
2024-11-16 23:00:00+00:00,19.2,98.4534,22.104723,0.0,0.0,10.0,3.0811036,276.70975,1.0,53.935802
2024-11-17 00:00:00+00:00,21.15,87.270905,23.813578,0.0,0.0,10.0,4.724786,252.25523,1.0,210.64046
2024-11-17 01:00:00+00:00,23.75,75.921814,26.891586,0.0,1.0,24.0,2.4149535,63.435013,1.0,395.86844
2024-11-17 02:00:00+00:00,25.2,68.32058,27.47739,0.0,1.0,20.0,7.3469996,59.03632,1.0,515.4302
2024-11-17 03:00:00+00:00,26.3,61.456272,28.169067,0.0,2.0,50.0,8.55142,59.656826,1.0,589.8613
2024-11-17 04:00:00+00:00,26.75,57.450844,27.987019,0.0,3.0,100.0,10.390226,75.96373,1.0,508.81326
2024-11-17 05:00:00+00:00,26.1,61.797935,27.209259,0.0,3.0,100.0,12.961249,90.79571,1.0,406.73013
2024-11-17 06:00:00+00:00,25.6,63.85601,26.679544,0.0,1.0,47.0,13.324863,91.54813,1.0,371.03113
2024-11-17 07:00:00+00:00,24.6,66.72021,25.402428,0.0,1.0,22.0,14.455019,95.00056,1.0,318.30234
2024-11-17 08:00:00+00:00,23.35,70.13525,24.319866,0.0,1.0,23.0,12.093534,85.73219,1.0,164.8894
2024-11-17 09:00:00+00:00,22.0,76.60282,23.72748,0.0,1.0,30.0,7.208994,87.13766,1.0,18.009825
2024-11-17 10:00:00+00:00,21.0,81.438194,23.016499,0.0,1.0,48.0,5.232399,86.05489,0.0,0.0
2024-11-17 11:00:00+00:00,20.5,81.89042,22.316751,0.0,3.0,86.0,5.4029994,88.09089,0.0,0.0
2024-11-17 12:00:00+00:00,20.45,79.58336,21.81432,0.0,3.0,88.0,7.040739,85.60138,0.0,0.0
2024-11-17 13:00:00+00:00,20.5,77.347145,21.393644,0.0,3.0,97.0,9.12513,67.98867,0.0,0.0
2024-11-17 14:00:00+00:00,19.85,77.49546,20.793222,0.0,2.0,68.0,7.1208143,73.85559,0.0,0.0
2024-11-17 15:00:00+00:00,19.25,79.415695,20.365273,0.0,1.0,40.0,5.3999996,90.0,0.0,0.0
2024-11-17 16:00:00+00:00,18.95,78.6125,19.94099,0.0,1.0,28.0,5.0528407,94.08554,0.0,0.0
2024-11-17 17:00:00+00:00,18.35,78.01947,19.107718,0.0,1.0,24.0,4.8466477,74.931465,0.0,0.0
2024-11-17 18:00:00+00:00,17.8,78.4443,18.476768,0.0,1.0,22.0,4.278551,75.37909,0.0,0.0
2024-11-17 19:00:00+00:00,17.35,78.12334,17.919762,0.0,1.0,20.0,3.7971036,95.44024,0.0,0.0
2024-11-17 20:00:00+00:00,17.05,76.56346,17.358475,0.0,0.0,19.0,4.175069,97.43131,0.0,0.0
2024-11-17 21:00:00+00:00,16.7,76.25739,16.84461,0.0,1.0,22.0,4.3832865,70.8209,0.0,0.0
2024-11-17 22:00:00+00:00,16.45,76.97193,16.58147,0.0,1.0,33.0,4.2481523,53.61555,0.0,0.0
2024-11-17 23:00:00+00:00,16.75,70.70179,16.361853,0.0,2.0,66.0,5.6233797,50.194473,1.0,47.829586
2024-11-18 00:00:00+00:00,17.35,66.0657,16.36408,0.0,1.0,36.0,8.777654,61.858498,1.0,208.56456
2024-11-18 01:00:00+00:00,18.5,62.07045,16.896002,0.0,1.0,20.0,13.324863,51.581917,1.0,351.90356
2024-11-18 02:00:00+00:00,19.05,59.379303,17.076298,0.0,0.0,18.0,15.546833,47.815628,1.0,501.3318
2024-11-18 03:00:00+00:00,19.95,58.23317,18.104267,0.0,1.0,37.0,16.67795,55.109234,1.0,602.63916
2024-11-18 04:00:00+00:00,20.2,57.910446,18.384108,0.0,2.0,55.0,15.975444,56.48896,1.0,554.15295
2024-11-18 05:00:00+00:00,20.2,57.529133,18.281466,0.0,1.0,48.0,16.42839,57.528828,1.0,513.74023
2024-11-18 06:00:00+00:00,19.95,57.84929,18.067596,0.0,2.0,71.0,15.861463,62.27183,1.0,425.04852
2024-11-18 07:00:00+00:00,19.35,58.473774,17.379614,0.0,3.0,98.0,15.62686,65.50145,1.0,235.88795
2024-11-18 08:00:00+00:00,18.4,62.875988,16.6775,0.0,3.0,98.0,14.347028,66.32946,1.0,71.19196
2024-11-18 09:00:00+00:00,17.55,66.54784,16.067226,0.0,3.0,100.0,12.810386,70.29193,1.0,7.3755493
2024-11-18 10:00:00+00:00,17.15,68.93213,15.825993,0.0,3.0,95.0,12.039833,58.44866,0.0,0.0
2024-11-18 11:00:00+00:00,16.95,68.89221,15.540489,0.0,3.0,100.0,12.204212,52.791996,0.0,0.0
2024-11-18 12:00:00+00:00,16.75,69.08108,15.477879,0.0,3.0,99.0,10.948973,46.332153,0.0,0.0
2024-11-18 13:00:00+00:00,15.75,77.88267,15.43424,0.2,51.0,100.0,6.206738,16.858482,0.0,0.0
2024-11-18 14:00:00+00:00,15.45,77.3244,15.178356,0.1,51.0,100.0,5.04,360.0,0.0,0.0
2024-11-18 15:00:00+00:00,15.15,76.006836,14.5384655,0.0,3.0,100.0,6.2145634,349.99207,0.0,0.0
2024-11-18 16:00:00+00:00,14.9,75.21128,14.202911,0.0,3.0,98.0,5.983477,344.2913,0.0,0.0
2024-11-18 17:00:00+00:00,14.9,74.21517,14.321886,0.0,2.0,60.0,4.7657523,349.11453,0.0,0.0
2024-11-18 18:00:00+00:00,14.95,73.239624,14.214718,0.0,3.0,100.0,5.5450516,346.86597,0.0,0.0
2024-11-18 19:00:00+00:00,15.15,72.06257,14.515394,0.0,3.0,100.0,4.755544,330.5242,0.0,0.0
2024-11-18 20:00:00+00:00,15.25,71.12413,14.486582,0.0,3.0,100.0,5.441838,325.78424,0.0,0.0
2024-11-18 21:00:00+00:00,15.2,70.40417,14.332874,0.0,3.0,100.0,5.7628117,345.52966,0.0,0.0
2024-11-18 22:00:00+00:00,15.05,72.04409,14.373425,0.0,3.0,100.0,4.846648,338.19852,0.0,0.0
2024-11-18 23:00:00+00:00,15.0,72.76092,14.192295,0.0,3.0,100.0,5.9427266,324.86572,1.0,11.300378
2024-11-19 00:00:00+00:00,15.05,74.488846,14.315765,0.3,51.0,100.0,6.2379804,313.83093,1.0,37.80769
2024-11-19 01:00:00+00:00,16.55,70.1967,15.78237,0.0,3.0,95.0,7.5942073,354.55975,1.0,153.9196
2024-11-19 02:00:00+00:00,17.1,68.01503,16.233536,0.0,2.0,69.0,8.37532,8.652461,1.0,170.52776
2024-11-19 03:00:00+00:00,18.7,62.943798,17.727182,0.0,2.0,69.0,9.840914,39.805527,1.0,453.69577
2024-11-19 04:00:00+00:00,19.4,62.27641,17.841173,0.0,3.0,100.0,14.941083,53.820293,1.0,422.47546
2024-11-19 05:00:00+00:00,19.15,63.88077,17.903698,0.0,3.0,80.0,13.130133,56.745625,1.0,232.30624
2024-11-19 06:00:00+00:00,19.5,62.094517,18.068335,0.0,3.0,100.0,14.178927,56.915134,1.0,270.21884
2024-11-19 07:00:00+00:00,18.75,66.36213,17.88165,0.0,3.0,100.0,10.9859,55.0079,1.0,92.46019
2024-11-19 08:00:00+00:00,18.15,70.27345,17.771854,0.1,51.0,100.0,8.305396,60.1012,1.0,44.531387
2024-11-19 09:00:00+00:00,17.75,69.73651,17.413998,0.0,3.0,100.0,6.8919086,49.236485,1.0,5.160564
2024-11-19 10:00:00+00:00,17.5,71.54637,17.417818,0.0,3.0,97.0,5.48631,41.00899,0.0,0.0
2024-11-19 11:00:00+00:00,17.2,74.12168,17.322773,0.0,3.0,98.0,4.6452556,35.537766,0.0,0.0
2024-11-19 12:00:00+00:00,17.0,75.312454,17.299124,0.0,3.0,100.0,3.550155,30.465475,0.0,0.0
2024-11-19 13:00:00+00:00,16.1,82.39834,16.873993,0.2,51.0,100.0,1.4512063,277.1249,0.0,0.0
2024-11-19 14:00:00+00:00,16.15,82.404526,16.776882,0.6,53.0,98.0,2.5772076,294.77512,0.0,0.0
2024-11-19 15:00:00+00:00,16.0,82.92582,16.727123,1.9,61.0,91.0,1.7727944,336.0375,0.0,0.0
2024-11-19 16:00:00+00:00,15.95,84.55869,16.759247,6.9,63.0,74.0,1.8,306.86996,0.0,0.0
2024-11-19 17:00:00+00:00,15.65,84.80207,16.151733,0.9,53.0,100.0,3.319036,319.39877,0.0,0.0
2024-11-19 18:00:00+00:00,15.6,80.73114,15.80077,0.0,3.0,99.0,3.550155,300.46545,0.0,0.0
2024-11-19 19:00:00+00:00,15.55,80.459526,15.911272,0.0,3.0,100.0,2.226477,284.03625,0.0,0.0
2024-11-19 20:00:00+00:00,15.6,81.26309,15.980007,0.0,3.0,87.0,2.5455842,315.0001,0.0,0.0
2024-11-19 21:00:00+00:00,15.1,85.02038,15.575155,0.0,2.0,78.0,2.3469129,302.47116,0.0,0.0
2024-11-19 22:00:00+00:00,15.1,86.14139,15.721729,0.0,3.0,100.0,1.8,306.86996,0.0,0.0
2024-11-19 23:00:00+00:00,15.65,84.24997,16.259415,0.0,3.0,100.0,2.3469129,302.47116,1.0,27.0113
2024-11-20 00:00:00+00:00,16.15,83.486374,16.986898,0.0,3.0,97.0,1.609969,296.56497,1.0,100.74486
2024-11-20 01:00:00+00:00,17.75,78.691666,18.4099,0.0,3.0,100.0,4.39436,325.0079,1.0,155.31377
2024-11-20 02:00:00+00:00,18.35,71.004715,18.23898,0.0,3.0,100.0,7.2805495,351.4693,1.0,197.21771
2024-11-20 03:00:00+00:00,18.2,70.0532,18.114288,0.3,51.0,100.0,6.2999997,360.0,1.0,154.43205
2024-11-20 04:00:00+00:00,18.6,68.09543,18.676575,0.0,3.0,100.0,5.072041,27.474344,1.0,217.31213
2024-11-20 05:00:00+00:00,19.2,66.89285,19.916555,0.0,3.0,100.0,1.3708391,66.801384,1.0,262.20752
2024-11-20 06:00:00+00:00,18.3,72.87315,19.09683,0.7,53.0,100.0,1.8792552,163.30067,1.0,76.94026
2024-11-20 07:00:00+00:00,17.35,86.64187,18.73474,2.0,61.0,100.0,2.226477,165.96373,1.0,48.337574
2024-11-20 08:00:00+00:00,17.05,89.4433,18.42156,1.1,55.0,100.0,2.8460495,145.30478,1.0,21.523699
2024-11-20 09:00:00+00:00,16.8,91.45679,18.284315,0.6,53.0,100.0,2.34,180.0,1.0,3.0612516
2024-11-20 10:00:00+00:00,16.75,89.99704,18.27406,0.9,53.0,100.0,1.2727921,188.13002,0.0,0.0
2024-11-20 11:00:00+00:00,16.6,91.15088,17.904833,0.7,53.0,100.0,2.907989,158.19853,0.0,0.0
2024-11-20 12:00:00+00:00,16.45,92.02433,17.821934,0.4,51.0,100.0,2.4482646,72.89719,0.0,0.0
2024-11-20 13:00:00+00:00,16.6,93.52041,18.35309,1.3,61.0,100.0,0.9,216.86998,0.0,0.0
2024-11-20 14:00:00+00:00,16.5,92.32327,18.159252,0.5,53.0,100.0,0.742159,255.96373,0.0,0.0
2024-11-20 15:00:00+00:00,16.45,92.320404,17.856958,0.4,51.0,100.0,2.34,270.0,0.0,0.0
2024-11-20 16:00:00+00:00,16.45,88.82212,17.671623,0.1,51.0,100.0,2.0523157,322.12494,0.0,0.0
2024-11-20 17:00:00+00:00,16.0,90.52508,16.601986,0.0,3.0,100.0,5.920878,289.53674,0.0,0.0
2024-11-20 18:00:00+00:00,16.2,87.65988,16.968575,0.0,3.0,100.0,4.0249224,296.56497,0.0,0.0
2024-11-20 19:00:00+00:00,16.05,86.79775,16.99149,0.0,3.0,100.0,2.0991426,329.03632,0.0,0.0
2024-11-20 20:00:00+00:00,16.05,87.07985,17.09902,0.2,51.0,100.0,1.484318,284.03625,0.0,0.0
2024-11-20 21:00:00+00:00,16.25,87.9485,17.583233,1.1,55.0,100.0,0.40249225,296.56497,0.0,0.0
2024-11-20 22:00:00+00:00,16.35,85.708084,17.607052,3.5,63.0,100.0,0.17999999,360.0,0.0,0.0
2024-11-20 23:00:00+00:00,16.3,86.540695,17.262274,2.9,63.0,100.0,2.4482648,143.97253,1.0,15.820738
2024-11-21 00:00:00+00:00,16.2,85.41491,17.128046,0.5,53.0,100.0,1.9469976,33.6901,1.0,24.92443
2024-11-21 01:00:00+00:00,16.6,83.810486,17.56471,0.4,51.0,100.0,1.9386592,68.19853,1.0,49.42504
2024-11-21 02:00:00+00:00,16.7,81.93799,17.552696,0.7,53.0,100.0,2.0991426,30.963696,1.0,110.86163
2024-11-21 03:00:00+00:00,16.75,81.41309,17.62354,0.3,51.0,100.0,1.835647,11.3098955,1.0,126.1083
2024-11-21 04:00:00+00:00,16.65,83.27391,17.328346,0.4,51.0,100.0,3.7799997,90.0,1.0,89.55747
2024-11-21 05:00:00+00:00,16.3,88.23775,17.349943,1.3,61.0,100.0,2.5959969,33.6901,1.0,81.94692
2024-11-21 06:00:00+00:00,16.7,83.009895,17.52803,0.3,51.0,100.0,2.7534704,11.3098955,1.0,101.668365
2024-11-21 07:00:00+00:00,16.95,80.648865,17.60723,0.1,51.0,33.0,3.4388947,42.878906,1.0,105.97844
2024-11-21 08:00:00+00:00,17.05,79.361145,17.357794,0.0,2.0,55.0,5.4744864,43.667847,1.0,156.9655
2024-11-21 09:00:00+00:00,16.5,80.85165,16.887596,0.0,3.0,80.0,4.3349743,48.366554,1.0,10.242074
2024-11-21 10:00:00+00:00,15.85,83.99786,16.495779,0.0,0.0,18.0,2.4482646,72.89719,0.0,0.0
2024-11-21 11:00:00+00:00,15.3,84.210625,16.016602,0.0,0.0,10.0,0.8049845,116.56499,0.0,0.0
2024-11-21 12:00:00+00:00,14.9,85.55851,15.647221,0.0,0.0,7.0,0.25455844,44.999897,0.0,0.0
2024-11-21 13:00:00+00:00,15.55,86.74998,16.363335,0.0,3.0,82.0,1.7727944,336.0375,0.0,0.0
2024-11-21 14:00:00+00:00,14.9,91.33578,15.717035,0.0,3.0,81.0,2.1068459,340.0168,0.0,0.0
2024-11-21 15:00:00+00:00,14.55,93.7246,15.392588,0.0,1.0,39.0,2.0523157,322.12494,0.0,0.0
2024-11-21 16:00:00+00:00,13.95,95.86151,14.652752,0.0,0.0,11.0,2.4149535,333.43503,0.0,0.0
2024-11-21 17:00:00+00:00,13.5,97.744644,14.171326,0.0,0.0,6.0,2.2768397,341.56494,0.0,0.0
2024-11-21 18:00:00+00:00,13.1,97.09963,13.628311,0.0,1.0,23.0,2.0991426,329.03632,0.0,0.0
2024-11-21 19:00:00+00:00,12.85,98.37627,13.331673,0.0,1.0,23.0,2.3051248,321.34018,0.0,0.0
2024-11-21 20:00:00+00:00,12.5,100.0,12.948591,0.0,3.0,93.0,2.3051248,308.65982,0.0,0.0
2024-11-21 21:00:00+00:00,12.4,100.0,12.736786,0.0,3.0,99.0,2.8460495,304.69522,0.0,0.0
2024-11-21 22:00:00+00:00,12.25,100.0,12.411652,0.0,3.0,99.0,3.710795,309.09384,0.0,0.0
2024-11-21 23:00:00+00:00,12.45,98.69508,12.380751,0.0,1.0,49.0,5.293959,305.31128,1.0,44.619034
2024-11-22 00:00:00+00:00,13.8,90.66713,14.04567,0.0,1.0,31.0,3.244996,303.6901,1.0,200.24146
2024-11-22 01:00:00+00:00,15.9,77.13947,16.005323,0.0,0.0,14.0,3.319036,12.528798,1.0,392.27988
2024-11-22 02:00:00+00:00,17.45,65.649796,16.556185,0.0,2.0,52.0,8.14587,44.999897,1.0,563.5132
2024-11-22 03:00:00+00:00,18.4,60.419273,17.328995,0.0,3.0,99.0,8.641874,54.323517,1.0,522.4732
2024-11-22 04:00:00+00:00,18.95,59.15836,17.924118,0.0,2.0,64.0,8.738811,57.619343,1.0,511.28238
2024-11-22 05:00:00+00:00,19.6,57.19112,18.585342,0.0,2.0,56.0,9.387651,57.528828,1.0,542.83093
2024-11-22 06:00:00+00:00,19.6,56.623764,18.478218,0.0,1.0,28.0,9.292255,68.40463,1.0,446.97104
2024-11-22 07:00:00+00:00,19.15,57.461197,17.851889,0.0,0.0,17.0,10.096059,78.6901,1.0,340.7582
2024-11-22 08:00:00+00:00,18.3,60.395615,16.96151,0.0,0.0,7.0,10.2742,86.98728,1.0,175.44318
2024-11-22 09:00:00+00:00,16.6,69.51125,15.616564,0.0,0.0,6.0,8.865799,95.82625,1.0,16.683975
2024-11-22 10:00:00+00:00,15.15,79.08869,15.023005,0.0,0.0,9.0,4.1556225,72.34979,0.0,0.0
2024-11-22 11:00:00+00:00,14.75,79.29302,14.645433,0.0,0.0,15.0,3.2599385,353.6599,0.0,0.0
2024-11-22 12:00:00+00:00,14.7,79.54904,14.588249,0.0,0.0,18.0,3.3092594,315.0001,0.0,0.0
2024-11-22 13:00:00+00:00,14.75,82.229996,14.844973,0.0,1.0,30.0,3.0652893,319.7637,0.0,0.0
2024-11-22 14:00:00+00:00,14.45,84.39229,14.541883,0.0,1.0,26.0,3.3043609,299.35767,0.0,0.0
2024-11-22 15:00:00+00:00,14.35,88.35882,14.259718,0.0,1.0,20.0,5.8852015,293.4287,0.0,0.0
2024-11-22 16:00:00+00:00,14.0,89.20456,13.739866,0.0,0.0,5.0,6.601363,295.8663,0.0,0.0
2024-11-22 17:00:00+00:00,13.65,89.47096,13.375362,0.0,0.0,1.0,6.037383,296.56497,0.0,0.0
2024-11-22 18:00:00+00:00,13.35,88.27306,12.870131,0.0,0.0,6.0,6.3639607,298.7397,0.0,0.0
2024-11-22 19:00:00+00:00,13.1,91.218765,12.766632,0.0,0.0,7.0,5.896202,301.26367,0.0,0.0
2024-11-22 20:00:00+00:00,12.55,88.792595,12.302568,0.0,0.0,18.0,3.3092597,292.3802,0.0,0.0
2024-11-22 21:00:00+00:00,12.8,86.77106,12.482374,0.0,0.0,16.0,3.5864744,287.52567,0.0,0.0
2024-11-22 22:00:00+00:00,12.95,89.12054,12.515902,0.0,1.0,22.0,5.5216303,289.0257,0.0,0.0
2024-11-22 23:00:00+00:00,13.3,88.8545,12.999363,0.0,2.0,51.0,5.2416787,285.94547,1.0,41.62152
2024-11-23 00:00:00+00:00,14.55,79.527695,14.059708,0.0,3.0,83.0,5.5916004,266.3087,1.0,143.4358
2024-11-23 01:00:00+00:00,16.6,69.05122,16.313875,0.0,3.0,100.0,3.8773184,291.80148,1.0,206.66394
2024-11-23 02:00:00+00:00,17.7,61.886135,16.927439,0.0,3.0,100.0,5.994297,41.347687,1.0,290.80603
2024-11-23 03:00:00+00:00,18.35,60.20654,17.555384,0.0,3.0,100.0,6.544677,58.495792,1.0,328.10327
2024-11-23 04:00:00+00:00,18.9,59.937664,17.687256,0.0,2.0,79.0,10.32924,67.4569,1.0,355.35358
2024-11-23 05:00:00+00:00,19.4,59.858074,18.127745,0.0,2.0,63.0,11.679213,65.409904,1.0,435.85504
2024-11-23 06:00:00+00:00,19.5,59.094627,17.7984,0.0,3.0,97.0,14.411245,62.47487,1.0,354.46674
2024-11-23 07:00:00+00:00,18.85,63.394745,17.355701,0.0,3.0,100.0,13.954354,59.796844,1.0,176.28363
2024-11-23 08:00:00+00:00,18.2,67.79106,17.401478,0.0,3.0,91.0,10.062305,63.435013,1.0,75.13053
2024-11-23 09:00:00+00:00,17.25,70.79692,16.411503,0.0,3.0,87.0,9.7880945,57.77127,1.0,7.3515434
2024-11-23 10:00:00+00:00,16.55,74.49864,16.111671,0.0,3.0,94.0,7.2649574,48.01287,0.0,0.0
2024-11-23 11:00:00+00:00,16.35,74.21928,15.872221,0.0,3.0,83.0,6.989936,34.50859,0.0,0.0
2024-11-23 12:00:00+00:00,16.2,72.97698,15.677475,0.0,3.0,80.0,6.439876,26.564985,0.0,0.0
2024-11-23 13:00:00+00:00,15.9,75.62749,15.73667,0.0,3.0,84.0,4.510787,28.610369,0.0,0.0
2024-11-23 14:00:00+00:00,15.75,75.60277,15.640877,0.0,2.0,71.0,3.8183763,8.130019,0.0,0.0
2024-11-23 15:00:00+00:00,15.6,76.07995,15.432507,0.0,1.0,33.0,4.1125174,336.8014,0.0,0.0
2024-11-23 16:00:00+00:00,14.9,79.57747,14.608274,0.0,0.0,18.0,4.965521,316.46872,0.0,0.0
2024-11-23 17:00:00+00:00,14.5,80.84981,14.040911,0.0,1.0,20.0,5.796447,306.15826,0.0,0.0
2024-11-23 18:00:00+00:00,14.05,82.14181,13.551392,0.0,0.0,16.0,5.6492476,300.65057,0.0,0.0
2024-11-23 19:00:00+00:00,13.75,83.75639,13.358324,0.0,2.0,67.0,4.91634,293.7495,0.0,0.0
2024-11-23 20:00:00+00:00,13.7,82.64529,13.080534,0.0,2.0,78.0,5.9617786,298.88647,0.0,0.0
2024-11-23 21:00:00+00:00,13.55,82.626755,12.851299,0.0,1.0,23.0,6.198903,295.82092,0.0,0.0
2024-11-23 22:00:00+00:00,13.45,83.72147,12.922005,0.0,1.0,26.0,5.2323985,296.56497,0.0,0.0
2024-11-23 23:00:00+00:00,13.85,84.88522,13.632788,0.0,1.0,30.0,4.3498964,294.44394,1.0,38.458267
2024-11-24 00:00:00+00:00,15.1,77.78383,14.797068,0.0,1.0,40.0,4.724786,287.74475,1.0,167.82845
2024-11-24 01:00:00+00:00,16.65,68.60396,16.301472,0.0,3.0,100.0,4.2021427,313.26434,1.0,215.40134
2024-11-24 02:00:00+00:00,17.75,64.419586,17.429525,0.0,3.0,91.0,4.2136917,19.983198,1.0,297.6469
2024-11-24 03:00:00+00:00,19.6,62.52715,18.690922,0.0,3.0,95.0,11.038858,65.94266,1.0,473.3902
2024-11-24 04:00:00+00:00,19.85,62.789368,19.073235,0.0,3.0,100.0,10.805998,60.018444,1.0,356.43588
2024-11-24 05:00:00+00:00,20.25,61.859207,19.502064,0.0,3.0,100.0,10.948973,62.59251,1.0,353.93393
2024-11-24 06:00:00+00:00,20.5,60.71265,19.69815,0.0,3.0,96.0,11.203464,66.3179,1.0,333.41006
2024-11-24 07:00:00+00:00,20.2,60.642532,19.20738,0.0,3.0,97.0,11.833546,63.82477,1.0,233.88515
2024-11-24 08:00:00+00:00,19.25,66.033585,18.715849,0.0,3.0,99.0,9.600937,59.589005,1.0,80.80001
2024-11-24 09:00:00+00:00,18.2,69.82403,17.865595,0.0,3.0,100.0,7.891311,44.999897,1.0,6.4121513
2024-11-24 10:00:00+00:00,17.3,75.3621,17.585066,0.0,3.0,100.0,4.3349743,41.63345,0.0,0.0
2024-11-24 11:00:00+00:00,16.9,76.289474,17.303946,0.8,53.0,83.0,3.06,28.072395,0.0,0.0
2024-11-24 12:00:00+00:00,16.45,77.22495,16.777401,0.2,51.0,80.0,3.01735,342.64587,0.0,0.0
2024-11-24 13:00:00+00:00,16.5,82.98595,17.211868,0.0,2.0,68.0,3.0652893,310.2363,0.0,0.0
2024-11-24 14:00:00+00:00,16.3,82.423096,16.695978,0.0,3.0,96.0,4.514377,293.49857,0.0,0.0
2024-11-24 15:00:00+00:00,16.3,81.35463,16.601046,0.0,3.0,82.0,4.6938257,302.47116,0.0,0.0
2024-11-24 16:00:00+00:00,15.75,81.81729,15.691374,2.4,61.0,100.0,6.12,298.0724,0.0,0.0
2024-11-24 17:00:00+00:00,15.35,85.60517,15.379635,0.5,53.0,92.0,6.2067385,299.5387,0.0,0.0
2024-11-24 18:00:00+00:00,14.7,89.55221,15.017014,0.1,51.0,100.0,4.353619,277.1249,0.0,0.0
2024-11-24 19:00:00+00:00,15.2,87.000114,15.448013,0.6,53.0,100.0,4.942631,280.49142,0.0,0.0
2024-11-24 20:00:00+00:00,15.15,86.71158,15.50853,0.1,51.0,100.0,3.9518096,300.06848,0.0,0.0
2024-11-24 21:00:00+00:00,15.05,90.45846,15.598537,1.5,61.0,100.0,3.9477081,294.22772,0.0,0.0
2024-11-24 22:00:00+00:00,14.85,91.03561,15.340248,0.8,53.0,100.0,4.1085763,298.8107,0.0,0.0
2024-11-24 23:00:00+00:00,15.2,91.058876,15.88076,4.2,63.0,100.0,3.644722,290.22495,1.0,17.557106
2024-11-25 00:00:00+00:00,15.6,90.20427,16.511278,3.3,63.0,99.0,2.6758924,317.72638,1.0,52.213726
2024-11-25 01:00:00+00:00,16.5,90.55988,17.67066,1.8,61.0,100.0,3.3043609,299.35767,1.0,43.620945
2024-11-25 02:00:00+00:00,16.7,92.63104,18.144682,2.1,61.0,100.0,2.8799999,270.0,1.0,50.008724
2024-11-25 03:00:00+00:00,17.15,93.8457,18.355534,1.1,55.0,100.0,6.297428,300.96368,1.0,81.03095
2024-11-25 04:00:00+00:00,18.2,88.96332,19.921125,0.5,53.0,100.0,3.319036,319.39877,1.0,155.0938
2024-11-25 05:00:00+00:00,18.2,89.81646,19.778023,3.5,63.0,100.0,4.724786,310.36444,1.0,112.849434
2024-11-25 06:00:00+00:00,18.75,87.88488,20.32451,0.2,51.0,100.0,5.318383,293.9625,1.0,153.8889
2024-11-25 07:00:00+00:00,18.85,86.7845,20.370764,0.1,51.0,100.0,5.3999996,323.13004,1.0,109.30621
2024-11-25 08:00:00+00:00,18.9,86.239494,20.393826,0.1,51.0,100.0,5.441838,325.78424,1.0,87.90078
2024-11-25 09:00:00+00:00,18.3,88.97132,19.794167,0.0,1.0,49.0,5.1575575,330.75128,1.0,5.5184054
2024-11-25 10:00:00+00:00,16.95,92.64471,18.337532,0.0,0.0,4.0,3.9477081,316.8476,0.0,0.0
2024-11-25 11:00:00+00:00,16.45,93.2137,17.61702,0.0,0.0,12.0,4.3832865,289.1791,0.0,0.0
2024-11-25 12:00:00+00:00,16.0,94.397675,17.02846,0.0,0.0,2.0,4.6730714,285.6423,0.0,0.0
2024-11-25 13:00:00+00:00,16.5,96.247856,17.859201,0.0,3.0,87.0,4.5536795,288.43503,0.0,0.0
2024-11-25 14:00:00+00:00,16.85,95.951584,18.180216,0.0,0.0,14.0,5.5829024,290.77234,0.0,0.0
2024-11-25 15:00:00+00:00,16.6,96.250725,17.905813,0.0,3.0,100.0,5.195113,284.03625,0.0,0.0
2024-11-25 16:00:00+00:00,16.8,94.130005,17.973053,0.0,3.0,100.0,5.6920996,288.43503,0.0,0.0
2024-11-25 17:00:00+00:00,17.15,90.315155,17.912716,0.0,2.0,66.0,7.689603,286.31393,0.0,0.0
2024-11-25 18:00:00+00:00,17.25,86.354,17.305527,0.0,3.0,100.0,10.948973,297.4075,0.0,0.0
2024-11-25 19:00:00+00:00,16.75,82.74683,16.054163,0.0,1.0,32.0,13.202726,295.8663,0.0,0.0
2024-11-25 20:00:00+00:00,15.55,81.79175,14.557573,0.0,2.0,77.0,12.0694,287.3541,0.0,0.0
2024-11-25 21:00:00+00:00,15.05,81.19076,14.170376,0.0,3.0,100.0,9.965239,290.07162,0.0,0.0
2024-11-25 22:00:00+00:00,14.85,80.09858,13.900511,0.0,2.0,59.0,9.582358,298.00906,0.0,0.0
2024-11-25 23:00:00+00:00,14.65,80.07082,13.8734665,0.0,2.0,52.0,7.973005,298.30066,1.0,31.575506
2024-11-26 00:00:00+00:00,15.35,75.28651,14.44862,0.0,2.0,58.0,8.305396,299.8988,1.0,145.35956
2024-11-26 01:00:00+00:00,15.75,73.1387,14.762386,0.0,2.0,61.0,8.792405,292.8906,1.0,120.114525
2024-11-26 02:00:00+00:00,17.6,65.46451,16.383615,0.0,1.0,22.0,10.564941,315.6902,1.0,472.59656
2024-11-26 03:00:00+00:00,18.75,61.513634,18.094826,0.0,0.0,6.0,8.415842,318.46832,1.0,614.79254
2024-11-26 04:00:00+00:00,19.7,57.979862,19.67131,0.0,0.0,18.0,7.001514,313.95847,1.0,656.78015
2024-11-26 05:00:00+00:00,20.2,55.104107,19.967583,0.0,1.0,26.0,5.6060677,312.39737,1.0,577.83307
2024-11-26 06:00:00+00:00,20.75,51.694477,19.631994,0.0,1.0,39.0,8.654986,286.92758,1.0,483.68365
2024-11-26 07:00:00+00:00,20.35,51.588795,19.257147,0.0,2.0,53.0,7.689603,286.31393,1.0,349.93176
2024-11-26 08:00:00+00:00,18.45,58.44925,17.653343,0.0,1.0,24.0,5.8603754,100.619606,1.0,161.437
2024-11-26 09:00:00+00:00,16.15,75.41948,15.202961,0.0,1.0,44.0,10.316686,96.00892,1.0,14.18781
2024-11-26 10:00:00+00:00,15.0,78.54532,14.823402,0.0,1.0,37.0,3.964089,92.60251,0.0,0.0
2024-11-26 11:00:00+00:00,14.45,77.68435,14.333101,0.0,2.0,67.0,2.1068459,70.01681,0.0,0.0
2024-11-26 12:00:00+00:00,14.3,75.867836,14.233332,0.0,3.0,92.0,0.76367533,44.999897,0.0,0.0
2024-11-26 13:00:00+00:00,15.05,77.51886,15.252426,0.0,3.0,100.0,1.0495713,30.963696,0.0,0.0
2024-11-26 14:00:00+00:00,15.3,76.03125,15.377687,0.0,3.0,100.0,1.8,360.0,0.0,0.0
2024-11-26 15:00:00+00:00,15.15,75.00335,15.085459,0.0,3.0,100.0,2.0523157,344.7448,0.0,0.0
2024-11-26 16:00:00+00:00,14.95,77.2467,14.881329,0.0,3.0,100.0,2.5959969,326.3099,0.0,0.0
2024-11-26 17:00:00+00:00,14.6,81.66962,14.6043625,0.0,2.0,52.0,3.148714,329.03632,0.0,0.0
2024-11-26 18:00:00+00:00,13.9,86.59055,13.991858,0.0,1.0,28.0,2.97953,334.98312,0.0,0.0
2024-11-26 19:00:00+00:00,13.2,87.098045,13.188391,0.0,0.0,9.0,2.4149535,333.43503,0.0,0.0
2024-11-26 20:00:00+00:00,12.5,90.877335,12.555193,0.0,0.0,6.0,1.8532133,330.9455,0.0,0.0
2024-11-26 21:00:00+00:00,11.95,95.480934,12.094557,0.0,0.0,12.0,1.659518,319.39877,0.0,0.0
2024-11-26 22:00:00+00:00,11.3,99.33974,11.364023,0.0,1.0,28.0,2.1068459,289.9832,0.0,0.0
2024-11-26 23:00:00+00:00,11.1,100.0,10.982306,0.0,3.0,98.0,3.143565,293.6294,1.0,41.740303
2024-11-27 00:00:00+00:00,12.95,89.41629,12.593084,0.0,0.0,19.0,5.0975285,312.1375,1.0,200.21674
2024-11-27 01:00:00+00:00,14.4,76.903984,13.875326,0.0,0.0,14.0,4.5,323.13,1.0,379.039
2024-11-27 02:00:00+00:00,15.85,63.782616,14.93083,0.0,2.0,63.0,4.510787,331.38962,1.0,539.6513
2024-11-27 03:00:00+00:00,17.05,53.742752,15.997423,0.0,0.0,4.0,5.6521144,322.76508,1.0,645.5554
2024-11-27 04:00:00+00:00,18.1,44.758278,16.88118,0.0,0.0,0.0,6.502461,318.36655,1.0,677.08545
2024-11-27 05:00:00+00:00,18.65,41.62495,17.001163,0.0,0.0,0.0,8.067936,308.65982,1.0,638.70557
2024-11-27 06:00:00+00:00,18.65,41.480675,16.054142,0.0,0.0,0.0,11.132385,292.83368,1.0,533.1974
2024-11-27 07:00:00+00:00,18.55,43.814644,15.575958,0.0,0.0,0.0,13.533558,283.85144,1.0,378.7356
2024-11-27 08:00:00+00:00,18.0,45.352695,15.27342,0.0,0.0,0.0,11.837651,278.74606,1.0,191.37624
2024-11-27 09:00:00+00:00,16.3,49.982384,14.162859,0.0,0.0,0.0,7.5685663,272.72626,1.0,15.952795
2024-11-27 10:00:00+00:00,14.8,59.760353,13.58461,0.0,0.0,0.0,3.148714,300.96368,0.0,0.0
2024-11-27 11:00:00+00:00,14.15,63.615128,13.317841,0.0,0.0,4.0,1.0182338,315.0001,0.0,0.0
2024-11-27 12:00:00+00:00,13.3,70.272064,12.703722,0.0,0.0,4.0,0.5091169,315.0001,0.0,0.0
2024-11-27 13:00:00+00:00,13.2,74.92412,12.861813,0.0,0.0,8.0,0.25455844,315.0001,0.0,0.0
2024-11-27 14:00:00+00:00,12.65,80.05881,12.418085,0.0,0.0,10.0,0.35999998,270.0,0.0,0.0
2024-11-27 15:00:00+00:00,11.9,82.9785,11.395939,0.0,1.0,28.0,1.8532133,299.0545,0.0,0.0
2024-11-27 16:00:00+00:00,11.3,82.90499,10.448292,0.0,0.0,14.0,3.143565,293.6294,0.0,0.0
2024-11-27 17:00:00+00:00,10.65,83.10708,9.478902,0.0,0.0,18.0,4.278551,292.24908,0.0,0.0
2024-11-27 18:00:00+00:00,10.15,81.08168,8.730058,0.0,0.0,5.0,4.5536795,288.43503,0.0,0.0
2024-11-27 19:00:00+00:00,9.75,79.37247,8.123314,0.0,0.0,17.0,4.8466477,285.06854,0.0,0.0
2024-11-27 20:00:00+00:00,9.35,76.88148,7.5396824,0.0,1.0,41.0,4.802999,282.99463,0.0,0.0
2024-11-27 21:00:00+00:00,9.0,78.98833,7.178773,0.0,1.0,46.0,4.952453,289.0936,0.0,0.0
2024-11-27 22:00:00+00:00,8.8,79.23305,6.927313,0.0,0.0,10.0,5.0816135,292.93213,0.0,0.0
2024-11-27 23:00:00+00:00,9.15,75.00092,7.132662,0.0,0.0,16.0,5.414979,291.4478,1.0,42.934772
2024-11-28 00:00:00+00:00,11.1,65.8363,8.88599,0.0,0.0,0.0,6.763786,295.20108,1.0,211.7258
2024-11-28 01:00:00+00:00,13.15,56.73304,10.880855,0.0,0.0,10.0,6.854195,299.93143,1.0,406.29935
2024-11-28 02:00:00+00:00,14.9,45.748646,12.111498,0.0,0.0,4.0,8.43699,303.6901,1.0,564.482
2024-11-28 03:00:00+00:00,16.05,40.156948,13.402739,0.0,0.0,3.0,9.648067,306.6562,1.0,663.7018
2024-11-28 04:00:00+00:00,16.8,37.343967,14.30599,0.0,0.0,0.0,10.4493065,312.2072,1.0,694.3816
2024-11-28 05:00:00+00:00,17.25,36.294655,14.448107,0.0,1.0,36.0,12.031756,308.92755,1.0,655.21576
2024-11-28 06:00:00+00:00,17.4,38.460087,14.192898,0.0,0.0,1.0,12.936228,301.92084,1.0,549.7465
2024-11-28 07:00:00+00:00,17.25,39.378834,13.7884445,0.0,1.0,21.0,13.049689,294.44394,1.0,388.91437
2024-11-28 08:00:00+00:00,16.55,42.94226,13.538727,0.0,0.0,0.0,10.759423,287.52567,1.0,196.33578
2024-11-28 09:00:00+00:00,14.85,47.20839,11.935894,0.0,1.0,41.0,9.826088,278.42688,1.0,16.396793
2024-11-28 10:00:00+00:00,13.55,53.00204,10.947852,0.0,3.0,94.0,8.297589,282.5288,0.0,0.0
2024-11-28 11:00:00+00:00,12.2,62.514713,10.197307,0.0,3.0,91.0,5.7515564,290.13638,0.0,0.0
2024-11-28 12:00:00+00:00,11.05,71.045135,9.460805,0.0,0.0,11.0,4.0449963,290.85452,0.0,0.0
2024-11-28 13:00:00+00:00,11.1,75.076355,9.744688,0.0,0.0,18.0,3.7842832,295.34613,0.0,0.0
2024-11-28 14:00:00+00:00,10.3,80.82495,8.945846,0.0,0.0,0.0,4.2671766,297.64587,0.0,0.0
2024-11-28 15:00:00+00:00,9.8,81.87292,8.361653,0.0,1.0,35.0,4.3536186,299.74478,0.0,0.0
2024-11-28 16:00:00+00:00,9.3,82.089745,7.7676296,0.0,0.0,8.0,4.278551,292.24908,0.0,0.0
2024-11-28 17:00:00+00:00,8.75,83.15978,7.205659,0.0,1.0,31.0,3.8141315,289.29013,0.0,0.0
2024-11-28 18:00:00+00:00,8.25,84.842384,6.6608553,0.0,1.0,25.0,3.8141315,289.29013,0.0,0.0
2024-11-28 19:00:00+00:00,7.85,86.878845,6.1715794,0.0,0.0,1.0,4.3498964,294.44394,0.0,0.0
2024-11-28 20:00:00+00:00,7.5,88.97594,5.9489307,0.0,0.0,0.0,3.4763772,291.25058,0.0,0.0
2024-11-28 21:00:00+00:00,7.3,90.512085,5.9013624,0.0,0.0,0.0,2.5071096,291.03757,0.0,0.0
2024-11-28 22:00:00+00:00,6.9,93.34708,5.4773817,0.0,1.0,20.0,2.7475805,301.60745,0.0,0.0
2024-11-28 23:00:00+00:00,7.0,93.99895,5.4330893,0.0,2.0,71.0,4.0449967,302.27563,1.0,44.19638
2024-11-29 00:00:00+00:00,9.65,81.853355,7.923004,0.0,0.0,0.0,6.090812,304.15976,1.0,212.72137
2024-11-29 01:00:00+00:00,12.4,63.434696,10.450308,0.0,0.0,0.0,5.983477,313.7812,1.0,411.7128
2024-11-29 02:00:00+00:00,14.5,46.121994,11.758755,0.0,0.0,0.0,7.7900705,319.68597,1.0,571.5241
2024-11-29 03:00:00+00:00,15.65,40.470745,13.39986,0.0,0.0,0.0,7.10031,329.53452,1.0,672.3829
2024-11-29 04:00:00+00:00,16.55,38.898304,15.111618,0.0,0.0,0.0,4.599695,329.42084,1.0,702.62146
2024-11-29 05:00:00+00:00,17.2,38.53817,16.09986,0.0,1.0,32.0,2.5582807,309.28937,1.0,661.12524
2024-11-29 06:00:00+00:00,17.5,38.48912,16.024374,0.0,2.0,71.0,1.8,323.13,1.0,553.4837
2024-11-29 07:00:00+00:00,17.55,38.503643,15.587357,0.0,1.0,48.0,2.7059932,3.8140097,1.0,391.4864
2024-11-29 08:00:00+00:00,17.05,42.486332,15.310402,0.0,0.0,0.0,2.4482648,53.972538,1.0,197.03813
2024-11-29 09:00:00+00:00,14.55,62.84314,13.276611,0.0,0.0,0.0,4.379589,99.46225,1.0,16.323067
2024-11-29 10:00:00+00:00,12.9,68.53606,11.451116,0.0,0.0,0.0,5.0816135,112.93214,0.0,0.0
2024-11-29 11:00:00+00:00,11.9,68.80294,10.627914,0.0,0.0,3.0,2.4149535,116.56499,0.0,0.0
2024-11-29 12:00:00+00:00,11.45,71.12224,10.446954,0.0,1.0,43.0,0.6489992,123.690094,0.0,0.0
2024-11-29 13:00:00+00:00,11.15,75.0849,10.279651,0.0,0.0,3.0,0.54,270.0,0.0,0.0
2024-11-29 14:00:00+00:00,10.25,83.912285,9.381823,0.0,2.0,72.0,1.7727944,293.9625,0.0,0.0
2024-11-29 15:00:00+00:00,9.3,90.65507,8.184021,0.0,0.0,12.0,3.8141315,289.29013,0.0,0.0
2024-11-29 16:00:00+00:00,8.7,94.07744,7.5865154,0.0,0.0,14.0,3.710795,284.03625,0.0,0.0
2024-11-29 17:00:00+00:00,8.4,95.355286,7.3826847,0.0,0.0,17.0,2.8799999,270.0,0.0,0.0
2024-11-29 18:00:00+00:00,8.25,94.0568,7.1432104,0.0,1.0,22.0,2.9024127,262.8751,0.0,0.0
2024-11-29 19:00:00+00:00,8.15,92.456505,6.988327,0.0,1.0,23.0,2.6999998,270.0,0.0,0.0
2024-11-29 20:00:00+00:00,8.05,90.566086,6.734639,0.0,1.0,24.0,3.1072817,280.0079,0.0,0.0
2024-11-29 21:00:00+00:00,7.85,89.93023,6.434513,0.0,1.0,20.0,3.319036,282.5288,0.0,0.0
2024-11-29 22:00:00+00:00,7.55,92.74028,6.0992155,0.0,0.0,15.0,3.7971036,275.44025,0.0,0.0
2024-11-29 23:00:00+00:00,7.95,93.081245,6.549408,0.0,0.0,7.0,4.175069,277.4313,1.0,35.423893
2024-11-30 00:00:00+00:00,10.3,81.10193,8.814886,0.0,0.0,7.0,5.2478566,292.16638,1.0,192.378
2024-11-30 01:00:00+00:00,12.55,73.80375,11.387196,0.0,0.0,3.0,4.39436,304.9921,1.0,385.4404
2024-11-30 02:00:00+00:00,14.85,60.595837,13.6129055,0.0,0.0,0.0,3.710795,309.09384,1.0,542.9113
2024-11-30 03:00:00+00:00,16.35,57.15026,15.997505,0.0,3.0,97.0,1.1525624,321.34018,1.0,637.8527
2024-11-30 04:00:00+00:00,16.45,56.594784,15.711037,0.0,2.0,58.0,1.1384199,198.43504,1.0,369.05014
2024-11-30 05:00:00+00:00,17.3,55.855606,16.503931,0.0,3.0,100.0,2.5772076,155.22488,1.0,512.5945
2024-11-30 06:00:00+00:00,16.8,57.262917,15.797806,0.0,3.0,100.0,3.8141315,160.70985,1.0,201.63156
2024-11-30 07:00:00+00:00,16.6,58.98522,15.491119,0.0,1.0,33.0,4.991553,154.35904,1.0,136.44432
2024-11-30 08:00:00+00:00,16.45,60.770336,15.287285,0.0,1.0,20.0,5.904439,142.43134,1.0,172.78033
2024-11-30 09:00:00+00:00,14.65,73.67747,14.017687,0.0,2.0,57.0,4.4456716,148.24057,1.0,14.981085
2024-11-30 10:00:00+00:00,13.7,78.089874,13.166527,0.0,1.0,20.0,3.671294,168.69011,0.0,0.0
2024-11-30 11:00:00+00:00,13.4,80.97126,13.297543,0.0,0.0,16.0,1.2074767,206.56499,0.0,0.0
2024-11-30 12:00:00+00:00,12.6,85.3165,12.565496,0.0,1.0,45.0,0.742159,255.96373,0.0,0.0
2024-11-30 13:00:00+00:00,12.5,89.97685,12.596365,0.0,3.0,92.0,1.26,270.0,0.0,0.0
2024-11-30 14:00:00+00:00,12.2,92.37857,12.168064,0.0,2.0,50.0,2.3469126,274.39862,0.0,0.0
2024-11-30 15:00:00+00:00,11.95,92.364174,11.870218,0.0,3.0,98.0,2.16,270.0,0.0,0.0
2024-11-30 16:00:00+00:00,11.55,92.95892,11.249517,0.0,3.0,97.0,3.0652895,273.3664,0.0,0.0
2024-11-30 17:00:00+00:00,10.85,95.12413,10.367412,0.0,3.0,91.0,3.6179552,275.7105,0.0,0.0
2024-11-30 18:00:00+00:00,11.0,93.866875,10.499819,0.0,1.0,34.0,3.6402748,278.53067,0.0,0.0
2024-11-30 19:00:00+00:00,10.4,94.78866,9.72369,0.0,0.0,12.0,3.9763298,275.19434,0.0,0.0
2024-11-30 20:00:00+00:00,9.9,95.730644,9.127121,0.0,0.0,12.0,3.9763298,275.19434,0.0,0.0
2024-11-30 21:00:00+00:00,9.6,95.39831,8.680234,0.0,0.0,9.0,4.3349743,274.76355,0.0,0.0
2024-11-30 22:00:00+00:00,9.45,95.07118,8.450901,0.0,0.0,6.0,4.514377,274.57382,0.0,0.0
2024-11-30 23:00:00+00:00,9.7,94.76047,8.799609,0.0,0.0,1.0,4.2021422,279.86575,1.0,36.545975
2024-12-01 00:00:00+00:00,12.3,82.19448,11.323548,0.0,0.0,2.0,5.5596404,299.0545,1.0,188.73615
2024-12-01 01:00:00+00:00,13.85,82.663765,13.710491,0.0,0.0,8.0,2.97953,334.98312,1.0,368.87692
2024-12-01 02:00:00+00:00,16.2,72.25556,16.097261,0.0,0.0,0.0,3.244996,3.179772,1.0,538.8102
2024-12-01 03:00:00+00:00,18.25,62.21932,18.4509,0.0,0.0,0.0,3.189608,16.389616,1.0,642.32794
2024-12-01 04:00:00+00:00,19.85,54.105625,20.205063,0.0,1.0,25.0,3.572898,40.9143,1.0,674.76306
2024-12-01 05:00:00+00:00,20.75,49.33124,20.76377,0.0,3.0,81.0,4.3573384,51.709793,1.0,637.25977
2024-12-01 06:00:00+00:00,21.1,47.31876,20.527592,0.0,2.0,75.0,4.412754,78.231735,1.0,534.42004
2024-12-01 07:00:00+00:00,20.9,47.743122,20.19399,0.0,1.0,30.0,3.7842832,87.27374,1.0,377.19354
2024-12-01 08:00:00+00:00,20.4,49.56858,20.13984,0.0,0.0,0.0,0.9178235,101.3099,1.0,189.95793
2024-12-01 09:00:00+00:00,18.45,63.305103,18.748487,0.0,0.0,0.0,0.8049845,243.43501,1.0,15.781531
2024-12-01 10:00:00+00:00,17.1,66.45288,17.32292,0.0,0.0,0.0,0.17999999,270.0,0.0,0.0
2024-12-01 11:00:00+00:00,15.75,70.7457,15.71217,0.0,0.0,0.0,1.26,180.0,0.0,0.0
2024-12-01 12:00:00+00:00,14.45,78.46366,14.422394,0.0,0.0,0.0,1.8,143.13002,0.0,0.0
2024-12-01 13:00:00+00:00,14.25,87.196495,14.861362,0.0,0.0,0.0,0.40249225,206.56499,0.0,0.0
2024-12-01 14:00:00+00:00,13.25,93.04889,13.760557,0.0,0.0,6.0,1.0948973,279.46225,0.0,0.0
2024-12-01 15:00:00+00:00,12.4,96.4462,12.495062,0.0,0.0,0.0,3.2846913,279.46225,0.0,0.0
2024-12-01 16:00:00+00:00,11.95,97.71745,12.025175,0.0,0.0,0.0,2.8799999,270.0,0.0,0.0
2024-12-01 17:00:00+00:00,11.65,99.013756,11.693937,0.0,0.0,0.0,2.8799999,270.0,0.0,0.0
2024-12-01 18:00:00+00:00,11.3,100.0,11.252659,0.0,1.0,27.0,3.0811036,276.70975,0.0,0.0
2024-12-01 19:00:00+00:00,11.05,100.0,10.929292,0.0,0.0,0.0,3.06,270.0,0.0,0.0
2024-12-01 20:00:00+00:00,10.95,100.0,10.746525,0.0,1.0,27.0,3.4199998,270.0,0.0,0.0
2024-12-01 21:00:00+00:00,10.8,99.337135,10.544967,0.0,1.0,47.0,3.2599385,263.6599,0.0,0.0
2024-12-01 22:00:00+00:00,10.6,99.336105,10.31499,0.0,0.0,6.0,3.06,270.0,0.0,0.0
2024-12-01 23:00:00+00:00,10.7,99.00641,10.350302,0.0,1.0,48.0,3.604497,272.86234,1.0,37.74737
2024-12-02 00:00:00+00:00,13.35,90.33747,13.194971,0.0,0.0,18.0,4.8899083,276.3401,1.0,186.61984
2024-12-02 01:00:00+00:00,16.0,81.04977,16.443125,0.0,0.0,0.0,2.907989,291.80148,1.0,373.06964
2024-12-02 02:00:00+00:00,18.6,66.987595,19.00913,0.0,0.0,0.0,2.226477,284.03625,1.0,526.8963
2024-12-02 03:00:00+00:00,20.45,57.78073,21.050331,0.0,0.0,1.0,1.659518,257.4712,1.0,622.5448
2024-12-02 04:00:00+00:00,21.6,55.640503,22.746677,0.0,0.0,1.0,1.659518,192.5288,1.0,652.76324
2024-12-02 05:00:00+00:00,22.4,57.50211,23.715874,0.0,0.0,0.0,2.8460498,161.56496,1.0,615.1932
2024-12-02 06:00:00+00:00,22.85,59.50537,23.908499,0.0,0.0,0.0,3.6447225,147.09476,1.0,517.10895
2024-12-02 07:00:00+00:00,22.8,62.437428,23.817831,0.0,0.0,1.0,5.1165614,129.28938,1.0,367.10208
2024-12-02 08:00:00+00:00,21.9,67.23151,22.752346,0.0,0.0,0.0,7.056826,127.74687,1.0,181.45332
2024-12-02 09:00:00+00:00,19.8,78.48472,21.152689,0.0,0.0,0.0,4.724786,139.63554,1.0,14.538204
2024-12-02 10:00:00+00:00,18.0,84.78197,19.296776,0.0,0.0,0.0,3.62243,153.43501,0.0,0.0
2024-12-02 11:00:00+00:00,17.25,86.91132,18.798985,0.0,0.0,2.0,0.9693296,158.19853,0.0,0.0
2024-12-02 12:00:00+00:00,16.35,90.54945,17.89336,0.0,0.0,7.0,0.35999998,270.0,0.0,0.0
2024-12-02 13:00:00+00:00,16.15,93.498604,17.527859,0.0,0.0,11.0,2.2768397,288.43503,0.0,0.0
2024-12-02 14:00:00+00:00,15.5,95.294014,16.64441,0.0,0.0,16.0,2.968636,284.03625,0.0,0.0
2024-12-02 15:00:00+00:00,15.25,95.90225,16.18434,0.0,0.0,17.0,4.0249224,296.56497,0.0,0.0
2024-12-02 16:00:00+00:00,14.75,96.50962,15.5562725,0.0,1.0,29.0,3.8939953,303.6901,0.0,0.0
2024-12-02 17:00:00+00:00,14.45,96.81513,15.193325,0.0,1.0,28.0,3.7064266,299.0545,0.0,0.0
2024-12-02 18:00:00+00:00,14.15,97.438995,14.834267,0.0,3.0,100.0,3.62243,296.56497,0.0,0.0
2024-12-02 19:00:00+00:00,15.05,95.27798,15.953608,0.0,3.0,100.0,3.4763772,291.25058,0.0,0.0
2024-12-02 20:00:00+00:00,15.35,94.06578,16.29024,0.0,3.0,100.0,3.4763772,291.25058,0.0,0.0
2024-12-02 21:00:00+00:00,15.65,93.173065,16.59143,0.0,3.0,100.0,3.84796,280.78424,0.0,0.0
2024-12-02 22:00:00+00:00,15.75,93.17814,16.922302,0.0,3.0,100.0,2.52,270.0,0.0,0.0
2024-12-02 23:00:00+00:00,16.15,92.00661,17.449793,0.0,3.0,100.0,2.16,270.0,1.0,16.72675
2024-12-03 00:00:00+00:00,17.0,89.43943,18.18444,0.0,3.0,100.0,3.9966488,262.23492,1.0,58.91623
2024-12-03 01:00:00+00:00,19.15,83.03456,20.891706,0.1,51.0,61.0,2.7534704,348.6901,1.0,193.54059
2024-12-03 02:00:00+00:00,20.2,75.83462,20.860334,0.1,51.0,81.0,9.059205,49.02836,1.0,319.48358
2024-12-03 03:00:00+00:00,20.9,72.63147,21.475733,0.0,2.0,59.0,9.636307,57.200474,1.0,372.62875
2024-12-03 04:00:00+00:00,20.95,72.64034,21.551544,0.4,51.0,74.0,9.595874,66.80139,1.0,380.47263
2024-12-03 05:00:00+00:00,21.35,71.105606,22.325613,0.1,51.0,98.0,7.1661706,78.40785,1.0,369.97873
2024-12-03 06:00:00+00:00,21.35,69.30883,21.864243,0.0,2.0,75.0,9.243311,83.29026,1.0,342.98315
2024-12-03 07:00:00+00:00,20.55,71.87426,20.774553,0.0,2.0,65.0,10.699028,77.366646,1.0,233.20877
2024-12-03 08:00:00+00:00,19.8,74.324646,20.36011,0.0,2.0,52.0,7.8728137,79.46087,1.0,125.07809
2024-12-03 09:00:00+00:00,18.65,79.33113,19.730743,0.0,3.0,80.0,4.0449963,69.14546,1.0,11.970476
2024-12-03 10:00:00+00:00,17.75,82.33514,19.047886,0.0,3.0,88.0,1.781909,44.999897,0.0,0.0
2024-12-03 11:00:00+00:00,17.65,81.79307,19.03867,0.0,3.0,92.0,0.6489992,303.6901,0.0,0.0
2024-12-03 12:00:00+00:00,17.35,83.08745,18.567308,0.0,3.0,80.0,1.6981165,327.99466,0.0,0.0
2024-12-03 13:00:00+00:00,16.9,82.76504,18.088463,0.0,1.0,33.0,0.6489992,326.3099,0.0,0.0
2024-12-03 14:00:00+00:00,16.4,83.78752,17.408455,0.0,1.0,30.0,1.1525624,308.65982,0.0,0.0
2024-12-03 15:00:00+00:00,15.8,86.211136,16.545452,0.0,1.0,44.0,2.5959969,303.6901,0.0,0.0
2024-12-03 16:00:00+00:00,15.55,87.31689,16.232563,0.0,1.0,48.0,2.907989,291.80148,0.0,0.0
2024-12-03 17:00:00+00:00,15.5,87.882645,16.009624,0.0,1.0,41.0,4.2136917,289.9832,0.0,0.0
2024-12-03 18:00:00+00:00,15.2,88.43099,15.630692,0.0,1.0,48.0,4.278551,292.24908,0.0,0.0
2024-12-03 19:00:00+00:00,14.7,89.260056,15.086828,0.0,2.0,54.0,3.7585104,286.6993,0.0,0.0
2024-12-03 20:00:00+00:00,14.55,88.6658,14.769762,0.0,3.0,83.0,4.327493,286.92758,0.0,0.0
2024-12-03 21:00:00+00:00,14.3,87.48826,14.346256,0.0,3.0,100.0,4.5,286.26028,0.0,0.0
2024-12-03 22:00:00+00:00,14.25,86.91013,14.373026,0.0,3.0,100.0,3.6402748,278.53067,0.0,0.0
2024-12-03 23:00:00+00:00,14.55,86.938644,14.933992,0.0,3.0,100.0,2.52,270.0,1.0,17.314903
2024-12-04 00:00:00+00:00,15.3,80.425446,15.406725,0.0,3.0,100.0,3.4199998,270.0,1.0,63.90923
2024-12-04 01:00:00+00:00,17.0,71.21797,17.089764,0.0,3.0,100.0,3.096837,324.46225,1.0,153.3412
2024-12-04 02:00:00+00:00,17.55,70.15803,17.476187,0.0,3.0,100.0,4.8733153,4.23632,1.0,122.96422
2024-12-04 03:00:00+00:00,17.55,73.93964,17.583637,0.1,51.0,100.0,5.9427266,35.134277,1.0,116.16661
2024-12-04 04:00:00+00:00,18.15,70.9671,17.825447,0.0,3.0,100.0,8.281956,42.357407,1.0,195.84796
2024-12-04 05:00:00+00:00,18.4,69.17998,18.099333,0.0,3.0,100.0,7.7734165,47.815628,1.0,192.28377
2024-12-04 06:00:00+00:00,18.7,67.89292,18.344315,0.0,3.0,100.0,8.149847,59.470375,1.0,207.3084
2024-12-04 07:00:00+00:00,18.55,68.085335,18.01894,0.0,3.0,89.0,9.12513,75.14134,1.0,135.72621
2024-12-04 08:00:00+00:00,18.4,69.63456,18.163546,0.0,3.0,90.0,7.562142,91.3639,1.0,86.535736
2024-12-04 09:00:00+00:00,17.25,75.84819,17.477383,0.0,3.0,83.0,4.8466477,105.06854,1.0,10.749783
2024-12-04 10:00:00+00:00,16.15,83.214745,16.777052,0.0,3.0,100.0,2.9301877,100.619606,0.0,0.0
2024-12-04 11:00:00+00:00,16.2,83.22068,17.087921,0.0,3.0,100.0,1.26,90.0,0.0,0.0
2024-12-04 12:00:00+00:00,16.1,81.32853,16.923004,0.0,3.0,100.0,0.6489992,56.309914,0.0,0.0
2024-12-04 13:00:00+00:00,15.55,87.60156,16.565878,0.0,3.0,100.0,0.742159,284.03625,0.0,0.0
2024-12-04 14:00:00+00:00,15.4,88.160446,16.242876,0.0,3.0,100.0,1.8089776,275.7105,0.0,0.0
2024-12-04 15:00:00+00:00,14.85,91.92893,15.518581,0.0,3.0,97.0,3.244996,273.17978,0.0,0.0
2024-12-04 16:00:00+00:00,14.55,94.336136,15.199444,0.0,3.0,100.0,3.6179552,275.7105,0.0,0.0
2024-12-04 17:00:00+00:00,14.25,95.559654,14.840698,0.0,1.0,48.0,3.7799997,270.0,0.0,0.0
2024-12-04 18:00:00+00:00,13.25,99.67439,13.7711315,0.0,1.0,32.0,3.4247334,266.98727,0.0,0.0
2024-12-04 19:00:00+00:00,12.65,100.0,12.799976,0.0,3.0,99.0,4.6938252,274.39862,0.0,0.0
2024-12-04 20:00:00+00:00,12.4,100.0,12.412628,0.0,3.0,99.0,5.068846,286.50443,0.0,0.0
2024-12-04 21:00:00+00:00,12.25,100.0,12.014761,0.0,3.0,100.0,6.4323244,287.928,0.0,0.0
2024-12-04 22:00:00+00:00,12.5,98.695595,12.404909,0.0,3.0,100.0,5.5829024,290.77234,0.0,0.0
2024-12-04 23:00:00+00:00,12.6,97.72891,12.514835,0.0,3.0,100.0,5.402999,299.98157,1.0,17.944149
2024-12-05 00:00:00+00:00,13.4,92.44713,13.382051,0.0,3.0,100.0,4.829907,296.56497,1.0,79.93324
2024-12-05 01:00:00+00:00,16.15,80.277824,16.500097,0.0,0.0,12.0,3.5455887,293.9625,1.0,302.22083
2024-12-05 02:00:00+00:00,18.2,68.014336,18.693996,0.0,0.0,1.0,1.3104197,285.94547,1.0,484.37393
2024-12-05 03:00:00+00:00,19.7,63.37619,20.12615,0.0,0.0,11.0,3.143565,103.24053,1.0,594.82227
2024-12-05 04:00:00+00:00,20.7,59.96891,20.95858,0.0,2.0,54.0,3.9312592,105.945465,1.0,548.3476
2024-12-05 05:00:00+00:00,20.95,58.667778,21.459808,0.0,3.0,99.0,1.98,90.0,1.0,427.19763
2024-12-05 06:00:00+00:00,20.55,59.3463,20.565966,0.0,2.0,55.0,4.91634,113.749504,1.0,256.9112
2024-12-05 07:00:00+00:00,20.45,61.1,20.006027,0.0,1.0,26.0,8.863972,119.16752,1.0,269.848
2024-12-05 08:00:00+00:00,19.5,66.08644,19.212002,0.0,1.0,27.0,8.490582,122.00535,1.0,146.00185
2024-12-05 09:00:00+00:00,17.9,75.9535,18.301199,0.0,0.0,10.0,5.1919937,123.690094,1.0,14.681516
2024-12-05 10:00:00+00:00,16.5,82.44778,17.119568,0.0,0.0,15.0,3.4576871,141.34016,0.0,0.0
2024-12-05 11:00:00+00:00,15.8,85.93098,16.459549,0.0,1.0,20.0,3.0652893,139.76372,0.0,0.0
2024-12-05 12:00:00+00:00,15.3,88.15182,16.230574,0.0,1.0,28.0,0.9693296,158.19853,0.0,0.0
2024-12-05 13:00:00+00:00,15.0,90.74983,16.06556,0.0,1.0,42.0,0.40249225,243.43501,0.0,0.0
2024-12-05 14:00:00+00:00,14.5,94.334,15.423208,0.0,1.0,38.0,1.6199999,270.0,0.0,0.0
2024-12-05 15:00:00+00:00,14.5,95.87882,15.294899,0.0,2.0,63.0,3.1072817,280.0079,0.0,0.0
2024-12-05 16:00:00+00:00,14.65,95.573135,15.298895,0.0,3.0,97.0,4.353619,277.1249,0.0,0.0
2024-12-05 17:00:00+00:00,14.65,95.573135,15.512978,0.0,3.0,100.0,2.8856194,266.42374,0.0,0.0
2024-12-05 18:00:00+00:00,14.9,94.96458,15.817804,0.0,3.0,89.0,2.8799999,270.0,0.0,0.0
2024-12-05 19:00:00+00:00,14.6,94.953094,15.351185,0.0,3.0,99.0,3.2846913,279.46225,0.0,0.0
2024-12-05 20:00:00+00:00,14.65,94.95504,15.393082,0.0,3.0,100.0,3.4623692,297.8972,0.0,0.0
2024-12-05 21:00:00+00:00,14.7,94.95693,15.590023,0.0,3.0,100.0,2.5772076,294.77512,0.0,0.0
2024-12-05 22:00:00+00:00,14.3,95.25104,15.207151,0.0,3.0,100.0,1.609969,296.56497,0.0,0.0
2024-12-05 23:00:00+00:00,13.95,97.11853,14.647179,0.0,2.0,55.0,2.9301877,317.4896,1.0,24.820103
2024-12-06 00:00:00+00:00,14.75,94.038925,15.655472,0.0,1.0,44.0,2.226477,345.9637,1.0,138.69492
2024-12-06 01:00:00+00:00,17.45,79.675964,18.415686,0.0,1.0,30.0,2.0523157,15.255177,1.0,313.74387
2024-12-06 02:00:00+00:00,18.6,73.64073,18.990044,0.0,3.0,100.0,5.7515564,69.86362,1.0,425.38882
2024-12-06 03:00:00+00:00,18.95,70.88627,19.24015,0.0,3.0,100.0,5.8298883,81.11942,1.0,316.0404
2024-12-06 04:00:00+00:00,19.05,70.216606,19.358614,0.1,51.0,100.0,5.5829024,88.15243,1.0,253.5548
2024-12-06 05:00:00+00:00,19.2,70.017296,19.528936,0.1,51.0,100.0,5.6835546,100.95402,1.0,273.59933
2024-12-06 06:00:00+00:00,19.2,69.563225,19.185452,0.0,3.0,96.0,7.7983837,108.85326,1.0,234.03966
2024-12-06 07:00:00+00:00,18.9,70.41688,18.642818,0.0,1.0,26.0,9.224011,107.020615,1.0,195.2473
2024-12-06 08:00:00+00:00,18.1,72.83746,17.78376,0.0,1.0,49.0,9.039514,102.65255,1.0,144.69301
2024-12-06 09:00:00+00:00,16.8,78.55265,16.631065,0.0,3.0,98.0,7.7983837,108.85326,1.0,11.507511
2024-12-06 10:00:00+00:00,16.0,81.31547,16.014954,0.0,3.0,100.0,5.95906,115.01687,0.0,0.0
2024-12-06 11:00:00+00:00,15.6,82.0668,15.907509,0.0,3.0,100.0,3.381893,115.20109,0.0,0.0
2024-12-06 12:00:00+00:00,15.4,83.39835,15.867121,0.0,3.0,100.0,2.4014995,102.99462,0.0,0.0
2024-12-06 13:00:00+00:00,15.5,85.063255,16.014826,0.0,3.0,100.0,2.995797,122.73522,0.0,0.0
2024-12-06 14:00:00+00:00,15.35,85.0472,15.900774,0.0,3.0,100.0,2.4014995,102.99462,0.0,0.0
2024-12-06 15:00:00+00:00,15.2,85.30998,15.819786,0.0,3.0,100.0,1.6981165,122.00535,0.0,0.0
2024-12-06 16:00:00+00:00,15.05,86.41877,15.800392,0.1,51.0,100.0,0.9178235,191.30989,0.0,0.0
2024-12-06 17:00:00+00:00,14.65,88.09547,15.158573,0.1,51.0,97.0,2.3469126,184.39862,0.0,0.0
2024-12-06 18:00:00+00:00,14.35,90.408905,14.999615,0.1,51.0,76.0,1.609969,206.56499,0.0,0.0
2024-12-06 19:00:00+00:00,13.9,90.37686,14.418764,0.0,2.0,50.0,1.484318,165.96373,0.0,0.0
2024-12-06 20:00:00+00:00,13.45,91.844086,13.9085655,0.0,1.0,46.0,1.4512063,150.2552,0.0,0.0
2024-12-06 21:00:00+00:00,12.75,95.508545,12.972977,0.0,2.0,68.0,2.8460495,124.69522,0.0,0.0
2024-12-06 22:00:00+00:00,12.9,95.51369,13.481483,0.0,3.0,100.0,0.71999997,180.0,0.0,0.0
2024-12-06 23:00:00+00:00,13.55,92.759674,14.011742,0.0,3.0,100.0,1.9881649,185.19434,1.0,12.888035
2024-12-07 00:00:00+00:00,14.0,88.61994,14.141834,0.0,3.0,100.0,3.62243,153.43501,1.0,69.741
2024-12-07 01:00:00+00:00,15.3,82.56962,15.453857,0.0,3.0,100.0,3.9844694,108.43504,1.0,135.54298
2024-12-07 02:00:00+00:00,16.15,77.94319,16.370289,0.0,3.0,100.0,3.4152596,71.564964,1.0,190.44202
2024-12-07 03:00:00+00:00,17.0,74.08721,17.250397,0.0,3.0,100.0,3.319036,49.398785,1.0,228.41246
2024-12-07 04:00:00+00:00,17.5,72.25454,17.60612,0.0,3.0,100.0,4.5322843,6.842679,1.0,171.78787
2024-12-07 05:00:00+00:00,17.75,70.65927,17.890188,0.0,3.0,100.0,4.072935,44.999897,1.0,146.02657
2024-12-07 06:00:00+00:00,17.85,69.98556,17.81609,0.0,3.0,100.0,5.154415,65.22488,1.0,127.61338
2024-12-07 07:00:00+00:00,17.25,73.16407,17.13448,0.0,3.0,100.0,5.9399996,90.0,1.0,67.09111
2024-12-07 08:00:00+00:00,16.7,74.0354,16.399115,0.0,3.0,100.0,6.4323244,107.92801,1.0,40.868233
2024-12-07 09:00:00+00:00,15.8,75.36142,15.251593,0.0,3.0,100.0,6.830519,108.43504,1.0,5.147056
2024-12-07 10:00:00+00:00,14.9,75.71374,14.318443,0.0,3.0,99.0,5.3939967,115.70991,0.0,0.0
2024-12-07 11:00:00+00:00,14.4,76.392624,14.0205555,0.0,3.0,100.0,3.3043609,119.357666,0.0,0.0
2024-12-07 12:00:00+00:00,14.2,77.64592,14.033083,0.0,3.0,100.0,1.9469976,123.6901,0.0,0.0
2024-12-07 13:00:00+00:00,14.5,77.95094,14.611763,0.0,3.0,100.0,0.742159,194.03627,0.0,0.0
2024-12-07 14:00:00+00:00,14.3,81.36073,14.314392,0.0,3.0,100.0,2.34,360.0,0.0,0.0
2024-12-07 15:00:00+00:00,14.05,74.81694,13.250284,0.0,3.0,100.0,4.91634,23.749514,0.0,0.0
2024-12-07 16:00:00+00:00,13.6,68.445694,12.264732,0.0,3.0,100.0,5.402999,29.981556,0.0,0.0
2024-12-07 17:00:00+00:00,13.2,64.056526,11.616915,0.0,3.0,100.0,4.863332,38.990997,0.0,0.0
2024-12-07 18:00:00+00:00,12.8,63.08895,10.859103,0.0,3.0,100.0,6.379216,16.389616,0.0,0.0
2024-12-07 19:00:00+00:00,12.4,64.096756,10.473607,0.0,3.0,100.0,6.050785,22.751022,0.0,0.0
2024-12-07 20:00:00+00:00,12.2,62.29785,9.95683,0.0,3.0,100.0,7.327127,27.824009,0.0,0.0
2024-12-07 21:00:00+00:00,11.7,62.397804,9.403739,0.0,3.0,100.0,7.0407386,32.471172,0.0,0.0
2024-12-07 22:00:00+00:00,11.25,63.16992,8.974871,0.0,1.0,24.0,6.542201,7.907082,0.0,0.0
2024-12-07 23:00:00+00:00,10.45,67.55628,8.565834,0.0,3.0,81.0,4.143911,357.5105,1.0,26.795843
